Name,No,Date,Pitch ID,Pitch Type,Is Strike,Strike Zone Side,Strike Zone Height,Velocity,Total Spin,True Spin (release),Spin Efficiency (release),Spin Direction,Spin Confidence,VB (trajectory),HB (trajectory),SSW VB,SSW HB,VB (spin),HB (spin),Horizontal Angle,Release Angle,Release Height,Release Side,Gyro Degree (deg),Unique ID,Device Serial Number,SO - latLongConfidence,SO - latitude,SO - longitude,SO - rotMatConfidence,SO - timestamp,SO - Xx,SO - Xy,SO - Xz,SO - Yx,SO - Yy,SO - Yz,SO - Zx,SO - Zy,SO - Zz,Horizontal Approach Angle,Vertical Approach Angle,Session Name,Intent Type,Release Extension (ft),,
Matt Pappalardo,1,9/11/2026,1789171115,ChangeUp,Y,1.24,25.39,85.42,2110.72,2006.9,95.08,12:44,1,18.9,6.1,-,-,-,-,1.45,-3.26,6.46,0.91,18.04,PitchParams@44239643-5190-42e2-b72e-c8597d21d329,MTD-21126391717,,,,,,,,,,,,,,,-,-,Papp I2,high_intent,-,,
Matt Pappalardo,2,9/11/2026,1789171097,Fastball,N,-3.86,12.05,88.08,2244.78,2136.1,95.16,12:38,1,23.1,3.9,-,-,-,-,1.75,-4.77,6.47,0.98,17.9,PitchParams@ce5a4f1a-3204-4da8-acdd-04df25759a81,MTD-21126391717,,,,,,,,,,,,,,,-,-,Papp I2,high_intent,-,,
Matt Pappalardo,3,9/11/2026,1789171061,Cutter,Y,-6.2,28.45,81.27,2432.32,2121.7,87.23,12:20,1,13.2,2,-,-,-,-,2.33,-1.67,6.1,1.43,29.27,PitchParams@11276986-2296-4242-b60e-5902e4608a7b,MTD-21126391717,,,,,,,,,,,,,,,-,-,Papp I2,high_intent,-,,
Matt Pappalardo,4,9/11/2026,1789171044,Cutter,N,3.06,44.57,82.19,2402.51,2110.7,87.85,12:32,1,9.8,-4.3,-,-,-,-,1.06,0.15,6.01,1.58,28.53,PitchParams@fb76e977-e591-4460-9bbb-57c0c14260d8,MTD-21126391717,,,,,,,,,,,,,,,-,-,Papp I2,high_intent,-,,
Matt Pappalardo,5,9/11/2026,1789171009,Fastball,Y,-6.47,35.97,90.57,2432.83,2334.6,95.96,12:18,1,-,-,-,-,-,-,1.43,-3.04,6.49,0.54,16.33,PitchParams@67bf2ffe-9d52-4930-acaf-a138c0cd2998,MTD-21126391717,,,,,,,,,,,,,,,-,-,Papp I2,high_intent,-,,
Matt Pappalardo,6,9/11/2026,1789170993,Cutter,Y,-8.65,27.35,82.32,2508.19,2191.7,87.38,1:10,1,6.6,-0.7,-,-,-,-,1.64,-1.49,6.43,0.84,29.09,PitchParams@b3f877a5-d058-476e-b4d2-39171d79054e,MTD-21126391717,,,,,,,,,,,,,,,-,-,Papp I2,high_intent,-,,
Matt Pappalardo,7,9/11/2026,1789170974,Fastball,Y,3.46,33.75,89.15,2464.41,2374.3,96.34,12:12,1,21.6,4.2,-,-,-,-,0.86,-3.01,6.56,0.72,15.54,PitchParams@ef956dc4-f6d0-43a8-9246-68e2460c9f00,MTD-21126391717,,,,,,,,,,,,,,,-,-,Papp I2,high_intent,-,,
Matt Pappalardo,8,9/11/2026,1789170950,Cutter,Y,-5.62,31.55,82.31,2344.67,2049,87.39,12:16,1,13.4,1.2,-,-,-,-,2.21,-1.52,6.07,1.44,29.09,PitchParams@761b85ac-671a-4a25-acc7-5b2de48e1b72,MTD-21126391717,,,,,,,,,,,,,,,-,-,Papp I2,high_intent,-,,
Matt Pappalardo,9,9/11/2026,1789170933,Fastball,N,1.19,51.01,88.81,2484.85,2384.8,95.97,12:42,1,20.8,5.6,-,-,-,-,1.37,-1.38,6.59,0.88,16.31,PitchParams@5466864e-38c1-4a13-bcdc-c2704a0ca753,MTD-21126391717,,,,,,,,,,,,,,,-,-,Papp I2,high_intent,-,,
Matt Pappalardo,10,9/11/2026,1789170912,Slider,Y,3.45,27.22,80.12,2376.67,2084.6,87.71,11:04,1,6.7,-6.6,-,-,-,-,-0.02,-1.58,6.64,0.82,28.71,PitchParams@13bc9362-796d-4e18-9112-f3ef2e0a246f,MTD-21126391717,,,,,,,,,,,,,,,-,-,Papp I2,high_intent,-,,
Matt Pappalardo,11,9/11/2026,1789170899,Fastball,N,-10.29,24.55,87.68,2058.46,1990.4,96.69,1:02,0.5,21.1,7.5,-,-,-,-,2.92,-3.54,6.38,1.17,14.78,PitchParams@3c84673a-d622-42b0-8564-33020cc875a0,MTD-21126391717,,,,,,,,,,,,,,,-,-,Papp I2,high_intent,-,,
Matt Pappalardo,1,9/11/2026,1789170274,Fastball,Y,-9.63,29.46,89.7,2285.49,2211.2,96.75,12:46,1,21.6,7,-,-,-,-,2.47,-3.24,6.35,0.85,14.65,PitchParams@ad3398d1-c249-47af-b651-eb3144b19711,MTD-21126391717,,,,,,,,,,,,,,,-,-,Pap I1,high_intent,-,,
Matt Pappalardo,2,9/11/2026,1789170255,Fastball,N,11.28,37.83,88.13,2361.68,2278.8,96.49,12:20,1,23.1,4.7,-,-,-,-,0.27,-2.67,6.45,0.8,15.22,PitchParams@ab078fe0-46f1-4082-aedf-b152bc1ca65d,MTD-21126391717,,,,,,,,,,,,,,,-,-,Pap I1,high_intent,-,,
Matt Pappalardo,3,9/11/2026,1789170242,Slider,Y,-8.89,29.13,79.72,2441.01,2119.7,86.84,9:56,1,6.8,-9.6,-,-,-,-,0.77,-1.25,6.47,0.76,29.73,PitchParams@06fd1353-241f-45a5-8fdf-4340b94864b1,MTD-21126391717,,,,,,,,,,,,,,,-,-,Pap I1,high_intent,-,,
Matt Pappalardo,4,9/11/2026,1789170213,Fastball,Y,-6.96,35.94,87.28,2272.02,2210.9,97.31,12:50,1,22.3,4.4,-,-,-,-,1.89,-2.8,6.43,0.76,13.33,PitchParams@e1c0b9c7-abf7-4b2e-b9ea-8f9fabc950aa,MTD-21126391717,,,,,,,,,,,,,,,-,-,Pap I1,high_intent,-,,
Matt Pappalardo,5,9/11/2026,1789170197,Fastball,Y,8.37,29.72,91.38,2382.03,2257.8,94.78,12:36,1,18.4,6.8,-,-,-,-,1.09,-2.88,6.36,1.13,18.59,PitchParams@86614abc-a88e-401a-9811-cb8f3ed9d82e,MTD-21126391717,,,,,,,,,,,,,,,-,-,Pap I1,high_intent,-,,
Matt Pappalardo,6,9/11/2026,1789170179,Cutter,Y,4.92,38.21,84.6,2384.95,2092.4,87.73,12:44,1,8.1,-2.3,-,-,-,-,0.9,-0.72,6.23,1.42,28.68,PitchParams@f7585a5a-e2e5-470a-a52c-196e98516554,MTD-21126391717,,,,,,,,,,,,,,,-,-,Pap I1,high_intent,-,,
Matt Pappalardo,7,9/11/2026,1789170152,Fastball,Y,8.37,23.64,88.98,2328.23,2281,97.97,12:20,1,24.4,3.7,-,-,-,-,0.4,-4.05,6.44,0.76,11.56,PitchParams@d222dda1-2549-45cf-bec7-0893de100eaa,MTD-21126391717,,,,,,,,,,,,,,,-,-,Pap I1,high_intent,-,,
Matt Pappalardo,8,9/11/2026,1789170130,Cutter,N,-8.85,42.41,84.56,2596.16,2265.7,87.27,4:44,1,5.2,-4,-,-,-,-,1.9,-0.03,6.17,1.32,29.23,PitchParams@2ec433a0-dc4f-4cb3-b34a-afeacb707319,MTD-21126391717,,,,,,,,,,,,,,,-,-,Pap I1,high_intent,-,,
Matt Pappalardo,9,9/11/2026,1789170087,Slider,N,-7.73,17.65,76.07,2311.45,2188.5,94.68,12:40,1,-,5.5,-,-,-,-,2.43,-3.56,5.68,1.14,18.77,PitchParams@8725b3a7-3fb9-464e-9545-f063f810dee5,MTD-21126391717,,,,,,,,,,,,,,,-,-,Pap I1,high_intent,-,,
Jeremy Krendel,1,9/11/2026,1789173423,CurveBall,N,6.2,42.9,73.33,2346.34,955.3,40.71,4:30,1,0.9,1.5,-,-,-,-,-1.54,1.8,6.07,-1.02,-65.97,PitchParams@f385724e-ba29-4a7b-8ccf-3a4e40c76640,MTD-21126391717,,,,,,,,,,,,,,,-,-,Krendel I4,high_intent,-,,
Jeremy Krendel,2,9/11/2026,1789173404,Fastball,Y,-0.07,33.65,82.37,2200.65,2140.4,97.26,10:46,1,17,-12.1,-,-,-,-,-2.03,-1.72,6.06,-0.83,13.43,PitchParams@a1ceee0b-8f36-4a42-851f-5f9d0a2ca9f5,MTD-21126391717,,,,,,,,,,,,,,,-,-,Krendel I4,high_intent,-,,
Jeremy Krendel,3,9/11/2026,1789173380,ChangeUp,Y,-5.45,25,74.94,2070.96,1698.6,82.02,9:44,1,16.9,-13.5,-,-,-,-,-2.05,-1.35,5.9,-1.19,34.89,PitchParams@1de0fe82-c191-44b2-9491-d08d6e7a6b80,MTD-21126391717,,,,,,,,,,,,,,,-,-,Krendel I4,high_intent,-,,
Jeremy Krendel,4,9/11/2026,1789173344,ChangeUp,N,-9.52,42.13,75.59,2163.19,2064.5,95.44,9:46,1,14.6,-11.6,-,-,-,-,-1.51,0.4,5.84,-1.21,17.37,PitchParams@1a2974eb-5435-4442-b3ad-0b5d17bf852c,MTD-21126391717,,,,,,,,,,,,,,,-,-,Krendel I4,high_intent,-,,
Jeremy Krendel,5,9/11/2026,1789173323,Fastball,N,-2.64,42.22,81.51,2246.35,2226.7,99.12,10:36,1,21.9,-11.9,-,-,-,-,-2.05,-1.14,5.98,-1.08,7.59,PitchParams@f11f6687-4813-497c-89ae-97b812191628,MTD-21126391717,,,,,,,,,,,,,,,-,-,Krendel I4,high_intent,-,,
Jeremy Krendel,6,9/11/2026,1789173278,Fastball,N,16.27,43.34,84.52,2322.85,2305.4,99.25,10:40,1,21.1,-11.5,-,-,-,-,-3.6,-1.45,6.1,-0.91,7.03,PitchParams@9b9b1643-dae9-410f-90fa-8eb518e2c133,MTD-21126391717,,,,,,,,,,,,,,,-,-,Krendel I4,high_intent,-,,
Jeremy Krendel,7,9/11/2026,1789173253,ChangeUp,N,1.18,6.57,75.14,2150.51,2078.3,96.64,8:12,1,6,-20.5,-,-,-,-,-3.4,-1.83,5.83,-1.35,14.89,PitchParams@c8eadb08-b2c5-4b6c-a2e4-e21f815fe3b7,MTD-21126391717,,,,,,,,,,,,,,,-,-,Krendel I4,high_intent,-,,
Jeremy Krendel,8,9/11/2026,1789173223,ChangeUp,Y,5.15,30.42,75.93,2172.47,2086.6,96.05,9:50,1,18.1,-12.6,-,-,-,-,-2.89,-0.88,5.92,-1.2,16.16,PitchParams@2f2cacf0-2996-4fa1-8de1-080d5c5a83c5,MTD-21126391717,,,,,,,,,,,,,,,-,-,Krendel I4,high_intent,-,,
Jeremy Krendel,9,9/11/2026,1789173203,Fastball,N,-8.02,51.89,84.43,2103.08,2078.8,98.85,10:40,1,19.1,-16.2,-,-,-,-,-1.45,-0.33,6.24,-0.66,8.72,PitchParams@f4e3f541-8bba-4e2c-b0bd-a4e358750962,MTD-21126391717,,,,,,,,,,,,,,,-,-,Krendel I4,high_intent,-,,
Jeremy Krendel,10,9/11/2026,1789173182,Fastball,Y,0.72,25.46,83.92,2081.68,2060.4,98.98,10:40,1,17.4,-16.4,-,-,-,-,-2.41,-2.62,6.25,-0.76,8.2,PitchParams@ddbd5f16-3de0-401b-aab5-d469ee0ceff1,MTD-21126391717,,,,,,,,,,,,,,,-,-,Krendel I4,high_intent,-,,
Jeremy Krendel,11,9/11/2026,1789173160,Fastball,N,-2.92,43.3,82.95,1796.58,1783.7,99.28,10:42,1,18.8,-16.7,-,-,-,-,-2.37,-0.92,6.15,-1.01,6.87,PitchParams@5f98cb81-4cb4-495b-8faa-4162c881c1d5,MTD-21126391717,,,,,,,,,,,,,,,-,-,Krendel I4,high_intent,-,,
Jeremy Krendel,12,9/11/2026,1789172980,CurveBall,Y,0.87,39.16,75.17,2435.62,931.6,38.25,4:32,1,-,-,-,-,-,-,-1.23,1.89,5.82,-1.18,-67.51,PitchParams@ebe54343-325d-424b-abd2-3968d16f3109,MTD-21126391717,,,,,,,,,,,,,,,-,-,Krendel I4,high_intent,-,,
Jeremy Krendel,13,9/11/2026,1789172958,CurveBall,Y,-4.16,28.85,73.37,2273.95,890,39.14,4:38,1,-4.4,-2.3,-,-,-,-,-1.01,1.01,5.93,-1.08,-66.96,PitchParams@789e0ac7-222d-4554-be88-f5411c3bf60a,MTD-21126391717,,,,,,,,,,,,,,,-,-,Krendel I4,high_intent,-,,
Jeremy Krendel,14,9/11/2026,1789172917,Fastball,Y,-0.19,22.94,84.71,2212.56,2195.5,99.23,10:40,1,19.6,-14.5,-,-,-,-,-2.32,-3.22,6.17,-0.88,7.12,PitchParams@a5fcbf50-da01-4760-90fe-6836cb2a66f3,MTD-21126391717,,,,,,,,,,,,,,,-,-,Krendel I4,high_intent,-,,
Jeremy Krendel,15,9/11/2026,1789172844,ChangeUp,N,7.99,15.36,73.76,2156.72,1809.3,83.89,9:50,1,16.4,-15,-,-,-,-,-3.38,-1.82,5.85,-1.22,32.98,PitchParams@d258e5a0-98c7-4d8a-9c64-88ac512597ef,MTD-21126391717,,,,,,,,,,,,,,,-,-,Krendel I4,high_intent,-,,
Jeremy Krendel,16,9/11/2026,1789172830,ChangeUp,N,-15.84,35.35,74.99,2068.41,1786.3,86.36,9:46,1,12.1,-15.3,-,-,-,-,-1.27,0.21,5.85,-1.21,30.28,PitchParams@8953f6c1-347b-42b3-bdc5-780a90a4ab2c,MTD-21126391717,,,,,,,,,,,,,,,-,-,Krendel I4,high_intent,-,,
Jeremy Krendel,17,9/11/2026,1789172815,ChangeUp,N,0.49,13.76,74.7,2151.7,1834.1,85.24,9:52,1,17.8,-14.7,-,-,-,-,-2.7,-2.23,5.86,-1.23,31.53,PitchParams@23ba48db-9990-4f78-ac83-564d37e531e0,MTD-21126391717,,,,,,,,,,,,,,,-,-,Krendel I4,high_intent,-,,
Jeremy Krendel,18,9/11/2026,1789172803,ChangeUp,Y,-8.8,33.07,74.53,1882.89,1699.4,90.25,9:40,1,13.4,-17.7,-,-,-,-,-2.12,-0.21,5.89,-1.2,25.5,PitchParams@66966f41-fda1-48fd-88c6-3e94e11194a4,MTD-21126391717,,,,,,,,,,,,,,,-,-,Krendel I4,high_intent,-,,
Jeremy Krendel,19,9/11/2026,1789172241,ChangeUp,Y,-7.61,26.91,75.48,2224.37,2127.7,95.65,9:46,1,11.7,-14.8,-,-,-,-,-2.01,-0.8,5.85,-1.22,16.96,PitchParams@089986b2-dfbb-49b0-9a70-948cb8e6b371,MTD-21126391717,,,,,,,,,,,,,,,-,-,Krendel I3,high_intent,-,,
Jeremy Krendel,20,9/11/2026,1789172204,Fastball,Y,1.35,33.3,85.7,2308.67,2286,99.02,10:42,1,22.1,-11.5,-,-,-,-,-2.31,-2.13,6.09,-1.08,8.03,PitchParams@b323d9cd-d232-4a6b-a965-3026682c9cb5,MTD-21126391717,,,,,,,,,,,,,,,-,-,Krendel I3,high_intent,-,,
Jeremy Krendel,21,9/11/2026,1789172177,CurveBall,N,3.18,11.18,75.14,2367.27,737,31.13,5:20,1,-3.4,-2.8,-,-,-,-,-1.74,-1.04,6.07,-1.11,-71.86,PitchParams@451b81b4-f81b-4b83-8fe3-1c24040cc8a6,MTD-21126391717,,,,,,,,,,,,,,,-,-,Krendel I3,high_intent,-,,
Jeremy Krendel,22,9/11/2026,1789172137,ChangeUp,Y,1.72,24.54,74.78,2179.07,1776,81.5,9:42,1,10.3,-13.1,-,-,-,-,-2.69,-0.58,5.68,-1.21,35.41,PitchParams@3e2e1e1e-baad-4e15-a9c2-7a9e603d1dc5,MTD-21126391717,,,,,,,,,,,,,,,-,-,Krendel I3,high_intent,-,,
Jeremy Krendel,23,9/11/2026,1789172117,ChangeUp,N,16.76,20.08,76.03,2208.75,2115.3,95.77,9:46,1,12.1,-13.1,-,-,-,-,-4.03,-1.32,5.85,-1.25,16.72,PitchParams@c4a223fa-c3c5-41bf-acfe-2dda895d84f7,MTD-21126391717,,,,,,,,,,,,,,,-,-,Krendel I3,high_intent,-,,
Jeremy Krendel,24,9/11/2026,1789172099,ChangeUp,N,-1.37,17.38,75.38,2199.01,2103.6,95.66,9:50,1,10.5,-18.1,-,-,-,-,-2.95,-1.32,5.82,-1.34,16.94,PitchParams@bfd46e50-a20c-4627-a932-d026f9728e3d,MTD-21126391717,,,,,,,,,,,,,,,-,-,Krendel I3,high_intent,-,,
Jeremy Krendel,25,9/11/2026,1789172061,Fastball,Y,5.55,33.8,85.36,2255.89,2241.1,99.35,10:40,1,18.5,-15.6,-,-,-,-,-2.78,-2,6.05,-0.75,6.56,PitchParams@9e67adef-855a-458e-9a89-08b7b4093410,MTD-21126391717,,,,,,,,,,,,,,,-,-,Krendel I3,high_intent,-,,
Jeremy Krendel,26,9/11/2026,1789172043,Fastball,N,16.92,30.89,85,2293.16,2282.3,99.52,10:36,1,18.5,-16.4,-,-,-,-,-4.05,-2.14,5.95,-0.87,5.59,PitchParams@286afbab-1859-4aca-95ac-320a30d35664,MTD-21126391717,,,,,,,,,,,,,,,-,-,Krendel I3,high_intent,-,,
Jeremy Krendel,27,9/11/2026,1789172025,ChangeUp,N,10.79,13.67,75.06,2132.06,1775.6,83.28,9:44,1,12.1,-12,-,-,-,-,-3.43,-1.79,5.84,-1.29,33.61,PitchParams@43ac33c2-9f05-45f0-afd0-c1579fbcd73d,MTD-21126391717,,,,,,,,,,,,,,,-,-,Krendel I3,high_intent,-,,
Jeremy Krendel,28,9/11/2026,1789172003,ChangeUp,N,9.18,7.54,74.63,2212.5,1848.1,83.53,9:46,1,8.4,-18.8,-,-,-,-,-4.11,-1.81,5.7,-1.48,33.35,PitchParams@3b18b816-559e-4995-8b64-9572ad067e0f,MTD-21126391717,,,,,,,,,,,,,,,-,-,Krendel I3,high_intent,-,,
Jeremy Krendel,29,9/11/2026,1789171920,CurveBall,Y,1.01,35.79,74.75,2468.67,1024.9,41.51,4:30,1,-7.6,-1.3,-,-,-,-,-1.23,1.82,6.03,-0.95,-65.47,PitchParams@04999cb5-6678-411d-9105-7fd6c9a921e1,MTD-21126391717,,,,,,,,,,,,,,,-,-,Krendel I3,high_intent,-,,
Jeremy Krendel,30,9/11/2026,1789171900,CurveBall,Y,7.26,21.04,73.67,2374.16,1001.5,42.19,4:34,1,-7.8,0.8,-,-,-,-,-1.65,0.62,5.98,-0.98,-65.05,PitchParams@d4504388-bc14-49dd-90fd-c178fe273c31,MTD-21126391717,,,,,,,,,,,,,,,-,-,Krendel I3,high_intent,-,,
Jeremy Krendel,31,9/11/2026,1789171870,Fastball,N,13.39,56.2,86.94,2378.45,2359.9,99.22,10:38,1,24.7,-9.7,-,-,-,-,-2.97,-0.63,6.14,-0.8,7.17,PitchParams@10a35723-34bd-464b-97ca-c0ed86d38612,MTD-21126391717,,,,,,,,,,,,,,,-,-,Krendel I3,high_intent,-,,
Jeremy Krendel,32,9/11/2026,1789171855,Fastball,N,11.04,27.21,84.79,2247.75,2240.5,99.68,10:36,1,23.5,-12.2,-,-,-,-,-3.15,-3.06,6,-0.87,4.61,PitchParams@65e33ae2-ada3-4303-a2b3-6111822123de,MTD-21126391717,,,,,,,,,,,,,,,-,-,Krendel I3,high_intent,-,,
Jeremy Krendel,33,9/11/2026,1789171841,Fastball,Y,4.26,36.28,84.72,2266.09,2255.7,99.54,10:08,1,23.8,-11.6,-,-,-,-,-2.53,-2.23,6.02,-0.94,5.49,PitchParams@7135c015-30f6-4cbe-a98b-eca6abbeacfd,MTD-21126391717,,,,,,,,,,,,,,,-,-,Krendel I3,high_intent,-,,
Jake Harmony,1,9/11/2026,1789171597,Slider,Y,1.09,32.87,78.25,2093.98,1815.4,86.69,1:04,1,8.4,3,-,-,-,-,1.9,0.88,4.91,1.6,29.89,PitchParams@98d1b98b-1342-4535-ba78-ec031592288a,MTD-21126391717,,,,,,,,,,,,,,,-,-,Harms I2,high_intent,-,,
Jake Harmony,2,9/11/2026,1789171567,Fastball,N,-10.07,36.02,88.84,2119.31,2098.5,99.02,1:56,1,11.9,17.3,-,-,-,-,4.19,-0.23,5.09,1.56,8.03,PitchParams@dd79c4ee-b18e-48d1-a3c5-ea491b8ceb5a,MTD-21126391717,,,,,,,,,,,,,,,-,-,Harms I2,high_intent,-,,
Jake Harmony,3,9/11/2026,1789171529,Fastball,N,-12.68,23.49,88.45,1996.86,1974,98.85,1:50,1,13.3,14,-,-,-,-,4.04,-1.38,5.07,1.51,8.69,PitchParams@343a80a1-3bf3-4f7d-b7ce-0178cf0ddb7b,MTD-21126391717,,,,,,,,,,,,,,,-,-,Harms I2,high_intent,-,,
Jake Harmony,4,9/11/2026,1789171501,Fastball,Y,-9.95,26.67,87.05,2214.94,2194.4,99.07,1:52,1,-,-,-,-,-,-,3.81,-1.16,5.09,1.37,7.81,PitchParams@e5c49577-faa1-44eb-8efe-1ee9767c8372,MTD-21126391717,,,,,,,,,,,,,,,-,-,Harms I2,high_intent,-,,
Jake Harmony,5,9/11/2026,1789171473,ChangeUp,N,-14.4,8.49,81.48,1786.02,1785.6,99.98,1:58,1,11.7,13.2,-,-,-,-,4.2,-2.16,4.99,1.51,1.27,PitchParams@4de757f8-ee51-4337-a80a-b888d4f55d5f,MTD-21126391717,,,,,,,,,,,,,,,-,-,Harms I2,high_intent,-,,
Jake Harmony,6,9/11/2026,1789171439,ChangeUp,N,2.01,14.19,81.19,1622.02,1621.5,99.97,2:04,1,7.4,13.6,-,-,-,-,2.81,-1.07,5.04,1.64,1.4,PitchParams@e4ca4387-1e0b-41d1-9cea-ba801fb4b6d4,MTD-21126391717,,,,,,,,,,,,,,,-,-,Harms I2,high_intent,-,,
Jake Harmony,7,9/11/2026,1789171425,Fastball,N,-11.27,34.01,88.51,2292.82,2266.9,98.87,1:52,1,13.4,15.7,-,-,-,-,4.18,-0.57,5.11,1.58,8.63,PitchParams@764a996d-2bbb-4d52-92b9-ca63817314da,MTD-21126391717,,,,,,,,,,,,,,,-,-,Harms I2,high_intent,-,,
Jake Harmony,8,9/11/2026,1789171399,ChangeUp,N,-10.92,5.52,80.82,1755.93,1755.9,100,1:56,1,6.5,16.6,-,-,-,-,4.27,-1.97,4.95,1.51,0.27,PitchParams@278937d8-6aff-48fe-9fdf-f048a6952d38,MTD-21126391717,,,,,,,,,,,,,,,-,-,Harms I2,high_intent,-,,
Jake Harmony,9,9/11/2026,1789171385,Fastball,N,21.54,18.92,86.8,2275.57,2248.7,98.82,1:48,1,11.9,18.4,-,-,-,-,1.46,-1.83,5.03,1.56,8.81,PitchParams@ef8ad9a8-7cd4-42d3-8740-736eb8d2c6ae,MTD-21126391717,,,,,,,,,,,,,,,-,-,Harms I2,high_intent,-,,
Jake Harmony,10,9/11/2026,1789171371,ChangeUp,N,-13.89,11.29,77.34,-,-,-,-,0,11,2,-,-,-,-,3.32,-1.61,4.88,1.65,0,PitchParams@ba35ef65-6926-4fcd-8152-508336a769b3,MTD-21126391717,,,,,,,,,,,,,,,-,-,Harms I2,high_intent,-,,
Jake Harmony,11,9/11/2026,1789171360,Fastball,Y,-7.51,24.08,89.9,2350.53,2304.8,98.05,1:50,1,14.5,14.2,-,-,-,-,3.6,-1.77,5.16,1.45,11.32,PitchParams@9c2a6e21-3276-4f71-b414-c3268b79e941,MTD-21126391717,,,,,,,,,,,,,,,-,-,Harms I2,high_intent,-,,
Jake Harmony,12,9/11/2026,1789171349,Slider,N,-27.41,11.66,77.36,-,-,-,-,0,9.3,-0.8,-,-,-,-,4.26,-1.04,4.98,1.74,0,PitchParams@7acaba3e-d589-4037-86a9-4c5a2f63220a,MTD-21126391717,,,,,,,,,,,,,,,-,-,Harms I2,high_intent,-,,
Jake Harmony,13,9/11/2026,1789171304,Fastball,N,12.51,23.51,87.3,2159.28,2066.3,95.7,1:50,0.5,14.3,15.1,-,-,-,-,1.98,-1.58,5.12,1.6,16.87,PitchParams@16186e21-6103-4b5e-8219-2f40d846ac5d,MTD-21126391717,,,,,,,,,,,,,,,-,-,Harms I2,high_intent,-,,
Jake Harmony,14,9/11/2026,1789170757,Fastball,N,20.31,33.33,89.29,2118.26,2118.3,100,2:02,1,12.3,18.4,-,-,-,-,1.69,-0.43,5.03,1.72,0.03,PitchParams@b13c93f6-0880-4af9-9b12-a7b2c7daf507,MTD-21126391717,,,,,,,,,,,,,,,-,-,Harms I1,high_intent,-,,
Jake Harmony,15,9/11/2026,1789170732,ChangeUp,N,1.41,13.06,81.83,1348.4,1290.6,95.72,2:26,1,1.9,13.4,-,-,-,-,2.86,-0.72,4.94,1.62,16.83,PitchParams@7f8ecf9d-20da-4c2e-848d-1506d8d49055,MTD-21126391717,,,,,,,,,,,,,,,-,-,Harms I1,high_intent,-,,
Jake Harmony,16,9/11/2026,1789170710,Fastball,Y,-4.28,19.08,88.62,1942,1814.1,93.42,2:20,1,15.4,13.6,-,-,-,-,3.33,-2.12,5.03,1.53,20.91,PitchParams@54381342-d310-4f0c-89fe-8339021c87e1,MTD-21126391717,,,,,,,,,,,,,,,-,-,Harms I1,high_intent,-,,
Jake Harmony,17,9/11/2026,1789170693,ChangeUp,N,15.02,19.36,80.31,1358.3,1356.1,99.84,2:28,1,8.1,13.5,-,-,-,-,1.65,-0.69,4.96,1.63,3.29,PitchParams@98765fc6-18ea-4963-af8a-8498611687f9,MTD-21126391717,,,,,,,,,,,,,,,-,-,Harms I1,high_intent,-,,
Jake Harmony,18,9/11/2026,1789170666,Fastball,N,11.89,22.76,88.03,1954.16,1952.2,99.9,2:04,1,11.5,17.9,-,-,-,-,2.29,-1.32,5.09,1.61,2.58,PitchParams@a922dba3-e153-45a6-b11c-86bc5d693c92,MTD-21126391717,,,,,,,,,,,,,,,-,-,Harms I1,high_intent,-,,
Jake Harmony,19,9/11/2026,1789170621,Fastball,Y,5.01,31.25,87.99,1969.41,1946.2,98.82,1:50,1,12.1,9.5,-,-,-,-,2.07,-0.75,5.08,1.53,8.8,PitchParams@dcdf6bc6-6182-4a77-a81e-d94104ad2365,MTD-21126391717,,,,,,,,,,,,,,,-,-,Harms I1,high_intent,-,,
Jake Harmony,20,9/11/2026,1789170604,Fastball,N,-7.54,13.77,88.73,2125.82,2108.9,99.21,1:34,1,17.1,15.5,-,-,-,-,3.7,-2.78,5.08,1.46,7.22,PitchParams@40362b1e-7490-45e6-a57a-65b73888ab2a,MTD-21126391717,,,,,,,,,,,,,,,-,-,Harms I1,high_intent,-,,
Jake Harmony,21,9/11/2026,1789170590,ChangeUp,N,-8.73,14.01,80.11,1605.65,1597.2,99.47,2:24,1,8,13.6,-,-,-,-,3.57,-1.03,4.95,1.42,5.88,PitchParams@9f55ad97-bf9c-4cf6-99e5-4131e7839e95,MTD-21126391717,,,,,,,,,,,,,,,-,-,Harms I1,high_intent,-,,
Jake Harmony,22,9/11/2026,1789170576,Fastball,Y,-9.56,22.26,88.8,2240.95,2224.4,99.26,1:52,1,15.4,16,-,-,-,-,4,-1.75,5.09,1.58,6.96,PitchParams@abc14e59-c08f-44d5-9ec1-d42b5a77628f,MTD-21126391717,,,,,,,,,,,,,,,-,-,Harms I1,high_intent,-,,
Jake Harmony,23,9/11/2026,1789170564,ChangeUp,Y,-4.1,18.31,80.9,1484.36,1479.4,99.67,2:24,1,8.7,10.4,-,-,-,-,2.96,-0.85,4.94,1.48,4.66,PitchParams@d49dece0-d32c-4efd-973c-863ae4160be7,MTD-21126391717,,,,,,,,,,,,,,,-,-,Harms I1,high_intent,-,,
Jake Harmony,24,9/11/2026,1789170534,Fastball,Y,4,20.67,89.23,2084.69,2055,98.57,1:52,1,13.7,18.1,-,-,-,-,2.99,-1.99,5.09,1.51,9.69,PitchParams@87e27910-bbef-49e7-9388-296f6c7c87ca,MTD-21126391717,,,,,,,,,,,,,,,-,-,Harms I1,high_intent,-,,
Jake Harmony,25,9/11/2026,1789170518,ChangeUp,N,21.18,5.76,80.95,1389.02,1313.8,94.59,2:20,1,4.8,13.7,-,-,-,-,1.09,-1.62,4.94,1.62,18.94,PitchParams@114afe43-ffc2-4b14-a942-6955433b3d42,MTD-21126391717,,,,,,,,,,,,,,,-,-,Harms I1,high_intent,-,,
Jake Harmony,26,9/11/2026,1789170502,Fastball,N,18.59,26.3,89.51,1931.83,1930.7,99.94,1:56,1,13.7,12.1,-,-,-,-,1.12,-1.31,5.12,1.57,1.97,PitchParams@6520fe84-3cec-4ecc-8c43-a6fea7be436d,MTD-21126391717,,,,,,,,,,,,,,,-,-,Harms I1,high_intent,-,,
Jake Harmony,27,9/11/2026,1789170465,Fastball,Y,-1.11,18.18,87.41,2203.92,2202.2,99.92,2:00,1,13.6,14.4,-,-,-,-,3.18,-2.16,5.07,1.55,2.26,PitchParams@35ad7cfa-d1f3-4e1e-ad41-477db669f6c1,MTD-21126391717,,,,,,,,,,,,,,,-,-,Harms I1,high_intent,-,,
Maxwell Jarvie,1,9/11/2026,1789174140,Fastball,Y,3.88,34.79,88.93,2298.38,2225.4,96.82,12:54,1,22.5,4.7,-,-,-,-,1.22,-2.59,6.06,1.03,14.48,PitchParams@d24af8e5-2139-4ef2-a40a-fab8b32fc8c0,MTD-21126391717,,,,,,,,,,,,,,,-,-,Jarvie I4,high_intent,-,,
Maxwell Jarvie,2,9/11/2026,1789174121,Fastball,Y,-2.56,38.86,86.96,2252.42,2102.4,93.34,12:30,1,22,3.5,-,-,-,-,1.68,-1.92,6.23,1.05,21.03,PitchParams@92906e64-ff80-4838-be0f-9a89ea76acfe,MTD-21126391717,,,,,,,,,,,,,,,-,-,Jarvie I4,high_intent,-,,
Maxwell Jarvie,3,9/11/2026,1789174099,Fastball,N,5.28,17.99,88.24,2131.21,2031.4,95.32,12:38,1,20.5,6.1,-,-,-,-,1.19,-4.04,6.3,1.01,17.6,PitchParams@0e1e9b50-e1a1-4013-9373-2d11317937fb,MTD-21126391717,,,,,,,,,,,,,,,-,-,Jarvie I4,high_intent,-,,
Maxwell Jarvie,4,9/11/2026,1789174082,Fastball,N,14.37,41.36,87.14,1907.1,1825.8,95.74,12:42,1,16.5,6.1,-,-,-,-,0.4,-1.48,6.27,1.05,16.79,PitchParams@a3b7d1a8-8294-44e0-9bf7-9586f999415f,MTD-21126391717,,,,,,,,,,,,,,,-,-,Jarvie I4,high_intent,-,,
Maxwell Jarvie,5,9/11/2026,1789174067,TwoSeamFastball,N,26.06,45.65,88.17,2153.38,2088.7,97,12:50,1,14.3,7.8,-,-,-,-,-0.4,-0.76,6.15,1.16,14.08,PitchParams@35370908-085f-42da-a11b-22c32b548f6d,MTD-21126391717,,,,,,,,,,,,,,,-,-,Jarvie I4,high_intent,-,,
Maxwell Jarvie,6,9/11/2026,1789174030,TwoSeamFastball,Y,3.69,18.16,88.64,2009.26,1940,96.55,12:54,1,17.2,13,-,-,-,-,1.97,-3.81,6.21,0.99,15.09,PitchParams@209595bd-9372-48db-b74a-2ca7b825b080,MTD-21126391717,,,,,,,,,,,,,,,-,-,Jarvie I4,high_intent,-,,
Maxwell Jarvie,7,9/11/2026,1789173969,ChangeUp,N,-17.34,1.63,80.37,1698.02,1686.9,99.35,1:08,1,19.6,7.7,-,-,-,-,3.55,-4.77,6.04,1.08,6.56,PitchParams@849f1c6e-7caa-4135-b720-341f9ca38261,MTD-21126391717,,,,,,,,,,,,,,,-,-,Jarvie I4,high_intent,-,,
Maxwell Jarvie,8,9/11/2026,1789173954,TwoSeamFastball,N,15.54,28.28,88.97,1917.68,1824.6,95.15,12:44,1,15.7,10.5,-,-,-,-,0.71,-2.7,6.25,1.06,17.92,PitchParams@fe6ab2a4-e205-4caf-b1c7-c87ec51e6a43,MTD-21126391717,,,,,,,,,,,,,,,-,-,Jarvie I4,high_intent,-,,
Maxwell Jarvie,9,9/11/2026,1789173919,Fastball,N,-16.14,21.83,87.01,2277.06,2066.8,90.76,12:32,1,20.1,5.1,-,-,-,-,3.08,-3.31,6.29,1.08,24.82,PitchParams@52b8984f-e991-443d-bba3-5b150fb1c17b,MTD-21126391717,,,,,,,,,,,,,,,-,-,Jarvie I4,high_intent,-,,
Maxwell Jarvie,10,9/11/2026,1789173897,Slider,N,-30.58,4.8,78.43,2317.38,1033.8,44.61,7:38,1,1.1,-3.5,-,-,-,-,3.72,-2.6,6.15,1.09,63.51,PitchParams@a2e8746e-b17f-4992-9faf-ce04c70b173c,MTD-21126391717,,,,,,,,,,,,,,,-,-,Jarvie I4,high_intent,-,,
Maxwell Jarvie,11,9/11/2026,1789173876,Fastball,N,-7.7,46.25,87.64,2234.35,2118.9,94.83,12:32,1,21.5,2,-,-,-,-,1.7,-1.54,6.19,0.71,18.5,PitchParams@ace8e692-43e4-4588-bb8a-458d5b81796d,MTD-21126391717,,,,,,,,,,,,,,,-,-,Jarvie I4,high_intent,-,,
Maxwell Jarvie,12,9/11/2026,1789173858,Fastball,N,-15.02,24.03,88.04,2301.06,2168.9,94.26,12:42,1,17.9,7.9,-,-,-,-,3.19,-3.23,6.22,0.96,19.51,PitchParams@3c8de465-bf32-4772-a62e-d9c55bde48fc,MTD-21126391717,,,,,,,,,,,,,,,-,-,Jarvie I4,high_intent,-,,
Maxwell Jarvie,13,9/11/2026,1789173794,Slider,N,-14.38,4.5,77.44,2329.76,810.6,34.79,7:38,1,0.9,-3.2,-,-,-,-,2.4,-2.16,6.09,1.29,69.64,PitchParams@47646a5b-10f9-4bf7-b459-b44cb74ed67d,MTD-21126391717,,,,,,,,,,,,,,,-,-,Jarvie I4,high_intent,-,,
Maxwell Jarvie,14,9/11/2026,1789173773,Slider,N,-11.32,21.8,77.74,2126.06,399.5,18.79,8:06,1,4.9,-5.3,-,-,-,-,1.97,-1.09,5.91,1.27,79.17,PitchParams@74100517-2457-4def-b75c-f98faedbf474,MTD-21126391717,,,,,,,,,,,,,,,-,-,Jarvie I4,high_intent,-,,
Maxwell Jarvie,15,9/11/2026,1789173736,TwoSeamFastball,N,-2.44,12.06,88.09,1904.24,1808.5,94.97,12:40,1,17,12.4,-,-,-,-,2.55,-3.98,6.22,1.12,18.24,PitchParams@1a6a19df-0cf6-454d-bab9-1d16a403eec7,MTD-21126391717,,,,,,,,,,,,,,,-,-,Jarvie I4,high_intent,-,,
Maxwell Jarvie,16,9/11/2026,1789173713,TwoSeamFastball,N,11.76,43.27,88.93,2026.26,1934.6,95.47,12:42,1,13.8,11.8,-,-,-,-,1.19,-0.97,6.08,1.07,17.3,PitchParams@014d34c4-5e84-49dd-8038-5b535f72b5d4,MTD-21126391717,,,,,,,,,,,,,,,-,-,Jarvie I4,high_intent,-,,
Maxwell Jarvie,17,9/11/2026,1789173692,TwoSeamFastball,N,19.12,33.27,89.06,1824.17,1778.3,97.49,12:56,1,13.6,14,-,-,-,-,0.91,-1.72,6.04,1.25,12.87,PitchParams@437df53f-03e2-40bd-9274-2377e7e28d29,MTD-21126391717,,,,,,,,,,,,,,,-,-,Jarvie I4,high_intent,-,,
Maxwell Jarvie,18,9/11/2026,1789173674,ChangeUp,N,-3.89,11.56,79.73,1552.36,1550.8,99.9,1:32,1,17.9,12.4,-,-,-,-,3.05,-3.37,5.86,1.38,2.56,PitchParams@65f57568-91a2-4b3c-88be-879567eb443f,MTD-21126391717,,,,,,,,,,,,,,,-,-,Jarvie I4,high_intent,-,,
Maxwell Jarvie,19,9/11/2026,1789173628,ChangeUp,Y,-1.63,26.5,78.32,1576.37,1576,99.97,1:10,1,19.3,10.4,-,-,-,-,2.61,-1.89,5.81,1.35,-1.3,PitchParams@7ce05c3a-8576-4ba0-ab55-9995e81e34bd,MTD-21126391717,,,,,,,,,,,,,,,-,-,Jarvie I4,high_intent,-,,
Maxwell Jarvie,20,9/11/2026,1789173606,Fastball,N,4.29,43.54,88.2,1569,1474.5,93.98,12:40,1,18.7,9.6,-,-,-,-,1.69,-1.45,6.2,1.09,19.98,PitchParams@e5a3ae66-b71f-444d-9fe6-4213f58551a4,MTD-21126391717,,,,,,,,,,,,,,,-,-,Jarvie I4,high_intent,-,,
Maxwell Jarvie,21,9/11/2026,1789172659,Fastball,N,-10.04,40.05,86.95,2203.34,2059.7,93.48,12:40,1,16.6,4.6,-,-,-,-,2.52,-1.56,6.17,1.04,20.81,PitchParams@b95af969-b0bc-41ac-b8ff-fa782cbe6f0a,MTD-21126391717,,,,,,,,,,,,,,,-,-,Jarvie I3,high_intent,-,,
Maxwell Jarvie,22,9/11/2026,1789172640,Slider,N,-1.53,12.09,75.28,2154.26,543.2,25.22,7:06,1,-0.2,-3.6,-,-,-,-,1.21,-1.33,6,1.26,75.39,PitchParams@76e6e058-978f-4863-9c22-e4e7ed689980,MTD-21126391717,,,,,,,,,,,,,,,-,-,Jarvie I3,high_intent,-,,
Maxwell Jarvie,23,9/11/2026,1789172619,Fastball,N,-13.06,37.85,89.91,2338.39,2175.3,93.03,1:00,0.5,20.5,2.1,-,-,-,-,2.65,-2.27,6.21,1.12,21.52,PitchParams@edd621a5-f80f-4bf1-9a61-291caa5a2987,MTD-21126391717,,,,,,,,,,,,,,,-,-,Jarvie I3,high_intent,-,,
Maxwell Jarvie,24,9/11/2026,1789172599,Fastball,Y,3.18,40.82,86.81,2211.15,2096.4,94.81,12:42,1,17.6,6.6,-,-,-,-,1.41,-1.56,6.16,0.98,18.54,PitchParams@03dc9463-0e7c-42e6-9edf-d45a10325636,MTD-21126391717,,,,,,,,,,,,,,,-,-,Jarvie I3,high_intent,-,,
Maxwell Jarvie,25,9/11/2026,1789172578,Cutter,N,0.85,4.49,78.48,2258.18,608,26.92,10:40,1,6.3,-3,-,-,-,-,1.04,-2.79,6.15,1.28,74.38,PitchParams@a21d574b-db42-4ae5-9322-749e30ab8aef,MTD-21126391717,,,,,,,,,,,,,,,-,-,Jarvie I3,high_intent,-,,
Maxwell Jarvie,26,9/11/2026,1789172559,TwoSeamFastball,N,7.1,45.62,88.99,1895.72,1810.1,95.48,12:48,1,15.3,12.2,-,-,-,-,1.5,-1.01,6.2,0.93,17.29,PitchParams@b5e88da6-7681-40c2-8b81-f8b1db334ba1,MTD-21126391717,,,,,,,,,,,,,,,-,-,Jarvie I3,high_intent,-,,
Maxwell Jarvie,27,9/11/2026,1789172520,Cutter,Y,-0.14,26.09,75.11,2198.83,849.9,38.65,10:12,1,6.5,-2.7,-,-,-,-,1.15,-0.55,5.97,1.25,67.26,PitchParams@be8b7abd-989b-4353-8136-0383fbdc9013,MTD-21126391717,,,,,,,,,,,,,,,-,-,Jarvie I3,high_intent,-,,
Maxwell Jarvie,28,9/11/2026,1789172502,Fastball,N,-15.02,24.38,88.81,2207.08,2079.2,94.21,12:44,1,20.9,1.9,-,-,-,-,2.73,-3.43,6.26,1.06,19.6,PitchParams@ef5848d8-3a3c-4dc9-9eaa-22b4568e8951,MTD-21126391717,,,,,,,,,,,,,,,-,-,Jarvie I3,high_intent,-,,
Maxwell Jarvie,29,9/11/2026,1789172487,Fastball,N,-13.3,44.45,88.15,2281.97,2168.9,95.05,12:36,1,18.3,5.3,-,-,-,-,2.79,-1.39,6.21,0.96,18.11,PitchParams@683665f8-1780-4e77-bcc9-6b0c18c4f1c3,MTD-21126391717,,,,,,,,,,,,,,,-,-,Jarvie I3,high_intent,-,,
Maxwell Jarvie,30,9/11/2026,1789172456,ChangeUp,N,-1.37,11.01,80.13,1737,1718.8,98.95,1:30,1,14.4,13.4,-,-,-,-,2.92,-3.2,5.89,1.37,8.31,PitchParams@0e24668f-386a-432f-bf50-45ea79d99258,MTD-21126391717,,,,,,,,,,,,,,,-,-,Jarvie I3,high_intent,-,,
Maxwell Jarvie,31,9/11/2026,1789172441,TwoSeamFastball,Y,-2.72,26.07,88.93,1994.47,1893.3,94.93,12:48,1,14.6,13.2,-,-,-,-,2.77,-2.51,6,1.18,18.33,PitchParams@1b1ecd53-4af6-46f4-817e-e23262904dc6,MTD-21126391717,,,,,,,,,,,,,,,-,-,Jarvie I3,high_intent,-,,
Maxwell Jarvie,32,9/11/2026,1789172426,Fastball,Y,-0.24,21.87,89.3,1911.39,1853.7,96.98,12:58,1,18.2,9.3,-,-,-,-,2.27,-3.24,6,1.26,14.11,PitchParams@7a2b76d9-84e3-4722-8f22-8d060507b21a,MTD-21126391717,,,,,,,,,,,,,,,-,-,Jarvie I3,high_intent,-,,
Colby Correia,1,9/11/2026,1789175722,TwoSeamFastball,Y,2.13,31.02,89.45,2146.22,2031.4,94.65,12:44,1,12.1,11.8,-,-,-,-,1.97,-1.96,6.15,0.99,18.83,PitchParams@8445155d-6cfd-49fa-9268-55f1b27a118a,MTD-21126391717,,,,,,,,,,,,,,,-,-,-,-,Colby I5,high_intent,-
Colby Correia,2,9/11/2026,1789175702,TwoSeamFastball,Y,3.11,38.98,88.12,1866.66,1773,94.98,12:48,1,13.7,12.6,-,-,-,-,1.84,-1.32,6.18,0.89,18.23,PitchParams@9b4a0bf2-f710-4af5-9e76-99453c2786a4,MTD-21126391717,,,,,,,,,,,,,,,-,-,-,-,Colby I5,high_intent,-
Colby Correia,3,9/11/2026,1789175678,Fastball,Y,-4.65,33.48,86.6,2023.45,1919.4,94.86,12:38,1,16.9,10.2,-,-,-,-,2.28,-2.03,6.21,0.83,18.46,PitchParams@19e79485-d01d-41ab-b80e-d2eb700931b3,MTD-21126391717,,,,,,,,,,,,,,,-,-,-,-,Colby I5,high_intent,-
Colby Correia,4,9/11/2026,1789175644,Fastball,N,2.5,5.41,88.05,2117.04,2003.2,94.62,12:48,1,20.7,2.8,-,-,-,-,1.05,-5.05,6.39,0.95,18.88,PitchParams@23272365-328e-46f1-b516-bba07d7eedf8,MTD-21126391717,,,,,,,,,,,,,,,-,-,-,-,Colby I5,high_intent,-
Colby Correia,5,9/11/2026,1789175607,Fastball,Y,-7.09,38.36,88.28,2153.31,2035.1,94.51,12:46,1,20,-0.9,-,-,-,-,1.58,-2.13,6.27,0.92,19.07,PitchParams@09389788-fa3e-4984-98f7-18c9697c6c33,MTD-21126391717,,,,,,,,,,,,,,,-,-,-,-,Colby I5,high_intent,-
Colby Correia,6,9/11/2026,1789175548,Slider,N,-2.64,4.1,78.88,2592.49,1019.5,39.32,7:52,1,4.3,-7.3,-,-,-,-,1,-2.64,5.96,1.3,66.84,PitchParams@76aef46d-2554-4b94-859c-30e13402112c,MTD-21126391717,,,,,,,,,,,,,,,-,-,-,-,Colby I5,high_intent,-
Colby Correia,7,9/11/2026,1789175526,Slider,N,-6.97,42.07,78.59,2470.39,1046,42.34,7:34,1,1.5,-5.4,-,-,-,-,1.62,1.19,5.87,1.34,64.95,PitchParams@e3c48d3c-48f6-4f85-8714-c7d0957da487,MTD-21126391717,,,,,,,,,,,,,,,-,-,-,-,Colby I5,high_intent,-
Colby Correia,8,9/11/2026,1789175506,TwoSeamFastball,N,20.08,51.82,90.08,1908.7,1812.7,94.97,12:48,1,14.5,11.5,-,-,-,-,0.19,-0.51,6.27,0.88,18.25,PitchParams@a71bdb36-82b2-4ca6-8de7-f9068c07d5eb,MTD-21126391717,,,,,,,,,,,,,,,-,-,-,-,Colby I5,high_intent,-
Colby Correia,9,9/11/2026,1789175470,Fastball,N,18.07,73.41,87.84,2097.11,1998.9,95.31,12:42,1,13.6,9.9,-,-,-,-,0.31,1.7,6.27,0.95,17.61,PitchParams@c0174d9d-aec5-4d39-8dc3-3660da876457,MTD-21126391717,,,,,,,,,,,,,,,-,-,-,-,Colby I5,high_intent,-
Colby Correia,10,9/11/2026,1789175430,Slider,Y,2.95,39.44,79.89,2561.17,1046.8,40.87,7:46,1,2.8,-6.5,-,-,-,-,0.58,0.55,5.95,1.31,65.88,PitchParams@dab8d82e-e14e-464c-b297-d6033f709da4,MTD-21126391717,,,,,,,,,,,,,,,-,-,-,-,Colby I5,high_intent,-
Colby Correia,11,9/11/2026,1789175408,Fastball,Y,1.96,20.18,92.39,2088.3,2022.3,96.84,12:44,1,19.1,7.7,-,-,-,-,1.48,-3.96,6.23,0.85,14.44,PitchParams@759879e8-b38f-41f1-ba5d-eef1dabe9229,MTD-21126391717,,,,,,,,,,,,,,,-,-,-,-,Colby I5,high_intent,-
Colby Correia,12,9/11/2026,1789175388,ChangeUp,N,-16.89,33.38,81.99,1685.43,1508.5,89.5,1:02,1,7,6.5,-,-,-,-,3.37,-0.56,5.98,1.11,26.49,PitchParams@f76377e7-b1b3-4ec8-b7cb-684af86e92cc,MTD-21126391717,,,,,,,,,,,,,,,-,-,-,-,Colby I5,high_intent,-
Colby Correia,13,9/11/2026,1789175362,Fastball,Y,1.1,21.28,88.95,2202.3,2136.7,97.02,12:44,1,19.3,7,-,-,-,-,1.46,-3.67,6.24,0.82,14.01,PitchParams@5096fc07-ea4f-424c-a3b3-e27511e121a5,MTD-21126391717,,,,,,,,,,,,,,,-,-,-,-,Colby I5,high_intent,-
Colby Correia,14,9/11/2026,1789175343,Fastball,N,-7.07,42.72,88.9,2306.86,2241.6,97.17,12:40,1,18.4,6.3,-,-,-,-,2.19,-1.67,6.33,0.87,13.66,PitchParams@e6b26f8f-07ba-4375-9f6f-68f5fa30decd,MTD-21126391717,,,,,,,,,,,,,,,-,-,-,-,Colby I5,high_intent,-
Colby Correia,15,9/11/2026,1789175303,Slider,Y,6.43,36.16,79.46,2686.31,1107.2,41.22,7:52,1,3.7,-7.3,-,-,-,-,0.15,0.19,5.97,1.28,65.66,PitchParams@05a911eb-529c-476b-9775-b1bbcf17950d,MTD-21126391717,,,,,,,,,,,,,,,-,-,-,-,Colby I5,high_intent,-
Colby Correia,16,9/11/2026,1789175273,Fastball,Y,2.3,20.07,88.46,2082.89,1986.3,95.36,12:34,1,21.5,6.1,-,-,-,-,1.36,-3.91,6.23,0.91,17.52,PitchParams@60704f8b-9d49-40be-9633-973872febafe,MTD-21126391717,,,,,,,,,,,,,,,-,-,-,-,Colby I5,high_intent,-
Colby Correia,17,9/11/2026,1789175256,Fastball,Y,4.01,41.02,89.41,2179.58,2085,95.66,12:44,1,16.7,8.1,-,-,-,-,1.35,-1.67,6.35,0.89,16.94,PitchParams@eb08368a-7c53-47a1-9fa3-e92cc71de4f5,MTD-21126391717,,,,,,,,,,,,,,,-,-,-,-,Colby I5,high_intent,-
Colby Correia,18,9/11/2026,1789175195,ChangeUp,Y,-0.13,24.29,83.24,1583.31,1470.6,92.88,1:20,1,12.6,10.1,-,-,-,-,2.3,-1.95,6.04,1.24,21.75,PitchParams@5d8204ea-3a61-47d2-b76a-def374762157,MTD-21126391717,,,,,,,,,,,,,,,-,-,-,-,Colby I5,high_intent,-
Colby Correia,19,9/11/2026,1789175163,Fastball,Y,-6.85,21.15,89.18,2093.38,1995.9,95.34,12:40,1,20.8,4,-,-,-,-,1.74,-3.95,6.32,0.66,17.56,PitchParams@2685bd88-5e52-4ced-bfe8-e9ee1a731108,MTD-21126391717,,,,,,,,,,,,,,,-,-,-,-,Colby I5,high_intent,-
Colby Correia,20,9/11/2026,1789175145,Fastball,Y,-1.61,38.04,89.27,2051.72,1935,94.31,12:34,1,17.7,-1.8,-,-,-,-,0.9,-2.1,6.36,0.84,19.42,PitchParams@cc251e25-ff1b-472e-baaf-cb132f1b1f7a,MTD-21126391717,,,,,,,,,,,,,,,-,-,-,-,Colby I5,high_intent,-
Colby Correia,21,9/11/2026,1789175046,Fastball,N,-5.17,45.36,87.73,2022.95,1828.2,90.37,12:08,1,17.7,0.4,-,-,-,-,1.65,-1.02,6.09,1.03,25.35,PitchParams@a39f4996-607e-483d-b972-bb7b1af99088,MTD-21126391717,,,,,,,,,,,,,,,-,-,-,-,Colby I5,high_intent,-
Colby Correia,22,9/11/2026,1789175019,Slider,N,10.5,30.88,77.37,2214.61,986.4,44.54,7:50,1,-4.8,-12.5,-,-,-,-,-0.57,0.89,5.87,1.4,63.55,PitchParams@88cfeb6c-fc9f-4063-97ed-45dc678c0729,MTD-21126391717,,,,,,,,,,,,,,,-,-,-,-,Colby I5,high_intent,-
Colby Correia,23,9/11/2026,1789175000,Fastball,Y,1.19,29.83,88.21,1887.9,1775,94.02,12:34,1,13.6,10.5,-,-,-,-,1.86,-2.27,6.25,0.91,19.92,PitchParams@baec8187-4781-4342-9fde-d8d251366c7b,MTD-21126391717,,,,,,,,,,,,,,,-,-,-,-,Colby I5,high_intent,-
Colby Correia,24,9/11/2026,1789174949,TwoSeamFastball,N,26.8,50.67,88.08,2213.97,2094.6,94.61,12:46,1,12.6,14.5,-,-,-,-,0.11,-0.04,6.09,1.12,18.9,PitchParams@3e61442e-2f67-41ba-8be6-08ad0ef201c0,MTD-21126391717,,,,,,,,,,,,,,,-,-,-,-,Colby I5,high_intent,-
Colby Correia,25,9/11/2026,1789174933,TwoSeamFastball,N,8.19,48.81,87.07,1988.78,1889.3,95,12:50,1,13,13,-,-,-,-,1.51,-0.3,6.18,0.97,18.2,PitchParams@8f003a6d-1aa6-4676-8789-e3b005275d49,MTD-21126391717,,,,,,,,,,,,,,,-,-,-,-,Colby I5,high_intent,-
Colby Correia,26,9/11/2026,1789174896,TwoSeamFastball,N,21.02,46.34,87.86,1553.89,1420,91.38,12:36,0.5,14.4,11,-,-,-,-,0.29,-0.78,6.24,1.1,23.96,PitchParams@e2f2cd98-d3e6-43f4-b3f8-df2430f8f74c,MTD-21126391717,,,,,,,,,,,,,,,-,-,-,-,Colby I5,high_intent,-
Mikey St. Martin,1,9/11/2026,1789177197,ChangeUp,Y,2.68,32,78.39,1645.73,1523.6,92.58,12:12,1,11.6,7.6,-,-,-,-,1.34,-0.54,5.66,0.79,22.22,PitchParams@746c936c-cf6a-4b45-88f7-13e326bfe773,MTD-21126391717,,,,,,,,,,,,,,,-,-,Mikey I6,high_intent,-,,
Mikey St. Martin,2,9/11/2026,1789177174,Fastball,Y,3.86,20.24,85.41,2214.21,2110.7,95.33,12:14,1,21.3,1.1,-,-,-,-,0.77,-3.2,5.73,0.91,17.59,PitchParams@d43fe949-87c9-4471-852c-3ab4fe91883d,MTD-21126391717,,,,,,,,,,,,,,,-,-,Mikey I6,high_intent,-,,
Mikey St. Martin,3,9/11/2026,1789177154,Fastball,N,7.11,46.75,86.63,2211.63,2167.1,97.99,12:16,1,22.1,2.5,-,-,-,-,0.55,-0.86,5.88,0.88,11.52,PitchParams@fee68537-3fbd-4c10-9ca0-93e900770f41,MTD-21126391717,,,,,,,,,,,,,,,-,-,Mikey I6,high_intent,-,,
Mikey St. Martin,4,9/11/2026,1789177134,Fastball,N,16.45,37.19,85.83,2152.55,2073.7,96.34,12:12,1,22.4,5.1,-,-,-,-,-0.25,-1.68,5.81,0.73,15.55,PitchParams@eceb24f8-eecb-4560-829e-1671d0e25508,MTD-21126391717,,,,,,,,,,,,,,,-,-,Mikey I6,high_intent,-,,
Mikey St. Martin,5,9/11/2026,1789177117,ChangeUp,N,10.97,48.54,78.49,1758.65,1636.1,93.03,12:04,1,12.5,0.7,-,-,-,-,-0.11,0.91,5.83,0.75,21.52,PitchParams@1c25204a-83b6-4356-97e1-34e420898713,MTD-21126391717,,,,,,,,,,,,,,,-,-,Mikey I6,high_intent,-,,
Mikey St. Martin,6,9/11/2026,1789177089,Fastball,Y,7.73,28.93,85.82,2085.43,2004.3,96.11,12:16,1,18.9,2.3,-,-,-,-,0.39,-2.1,5.87,0.81,16.03,PitchParams@5d1ef007-7f25-43db-a509-c4eb22a1d8be,MTD-21126391717,,,,,,,,,,,,,,,-,-,Mikey I6,high_intent,-,,
Mikey St. Martin,7,9/11/2026,1789177054,Fastball,N,-13.93,34.93,85.3,2143.04,2035.5,94.98,12:02,1,19.6,-2,-,-,-,-,1.84,-1.7,5.86,0.67,18.23,PitchParams@4e8b6081-f97e-493e-9c9b-ef6058e5583e,MTD-21126391717,,,,,,,,,,,,,,,-,-,Mikey I6,high_intent,-,,
Mikey St. Martin,8,9/11/2026,1789177028,Fastball,Y,-6.53,29.02,84.54,2178.25,2071.1,95.08,12:12,1,23.5,-2.5,-,-,-,-,1.12,-2.29,5.86,0.7,18.04,PitchParams@f0c92c5f-813c-4802-b111-d7cadf03cd47,MTD-21126391717,,,,,,,,,,,,,,,-,-,Mikey I6,high_intent,-,,
Mikey St. Martin,9,9/11/2026,1789177007,Fastball,N,-10.77,16.43,84.34,2160.1,2060.8,95.4,12:16,1,21.4,-2.1,-,-,-,-,1.65,-3.42,5.78,0.77,17.44,PitchParams@e95c4afa-acfc-4439-a4d2-45c89943e139,MTD-21126391717,,,,,,,,,,,,,,,-,-,Mikey I6,high_intent,-,,
Mikey St. Martin,10,9/11/2026,1789176990,Slider,N,-8.66,44.55,73.9,2787.96,1728.4,61.99,6:56,1,2.2,-17.5,-,-,-,-,0.32,2.11,5.7,1.03,51.69,PitchParams@45fa1521-e1f7-42ac-84f4-648d086051a9,MTD-21126391717,,,,,,,,,,,,,,,-,-,Mikey I6,high_intent,-,,
Mikey St. Martin,11,9/11/2026,1789176973,Fastball,N,10.12,23.38,84.14,2196.02,2155.3,98.14,12:16,1,24.3,-2.3,-,-,-,-,-0.51,-2.92,5.9,0.57,11.05,PitchParams@f02fecab-4894-461e-97a0-827ba2575481,MTD-21126391717,,,,,,,,,,,,,,,-,-,Mikey I6,high_intent,-,,
Mikey St. Martin,12,9/11/2026,1789176959,Slider,N,-14.51,13.04,72.99,2568.44,1487,57.89,7:58,1,-3.3,-11.8,-,-,-,-,1.17,-0.17,5.7,0.84,54.62,PitchParams@2790ac6d-10c3-4a51-a20f-144744dfbe0b,MTD-21126391717,,,,,,,,,,,,,,,-,-,Mikey I6,high_intent,-,,
Mikey St. Martin,13,9/11/2026,1789176928,Fastball,Y,0.95,34.22,85.41,2302.94,2196.8,95.39,12:12,1,20.9,-2.3,-,-,-,-,0.57,-1.86,5.92,0.79,17.47,PitchParams@bcf9ebaf-2afe-427a-974c-4feda43eaefc,MTD-21126391717,,,,,,,,,,,,,,,-,-,Mikey I6,high_intent,-,,
Mikey St. Martin,14,9/11/2026,1789176913,Slider,N,-3.93,10.24,73.12,2328.52,1303.7,55.99,7:20,1,-1.9,-15.7,-,-,-,-,0.1,-0.44,5.68,1.07,55.95,PitchParams@fa45434d-9d3f-447a-884b-6410acf9372a,MTD-21126391717,,,,,,,,,,,,,,,-,-,Mikey I6,high_intent,-,,
Mikey St. Martin,15,9/11/2026,1789176890,Fastball,Y,-5.91,31.25,85.79,-,-,-,-,0,20,1.1,-,-,-,-,1.58,-2.13,5.83,0.84,0,PitchParams@032b44a3-ba44-4ae1-b3da-439497b640cc,MTD-21126391717,,,,,,,,,,,,,,,-,-,Mikey I6,high_intent,-,,
Mikey St. Martin,16,9/11/2026,1789176173,Fastball,Y,-3.94,34.18,85.95,2009.15,1921.1,95.62,12:14,1,21.4,-3.7,-,-,-,-,1.03,-1.97,5.82,0.91,17.03,PitchParams@fa623a80-a281-4bcd-9a67-00c9f6be9aee,MTD-21126391717,,,,,,,,,,,,,,,-,-,Mikey I5,high_intent,-,,
Mikey St. Martin,17,9/11/2026,1789176143,Fastball,Y,-4.62,26.38,87.11,1946.06,1862.3,95.69,12:08,1,21,-1.1,-,-,-,-,1.17,-2.7,5.8,0.76,16.87,PitchParams@868dd32c-a260-4f48-b518-6f830589c111,MTD-21126391717,,,,,,,,,,,,,,,-,-,Mikey I5,high_intent,-,,
Mikey St. Martin,18,9/11/2026,1789176124,ChangeUp,N,-12.51,18.75,79.83,1902.21,1757.3,92.38,12:00,1,13.7,8.3,-,-,-,-,2.6,-2.09,5.72,0.61,22.51,PitchParams@51fdda23-5ac4-46dc-a3e2-7688315fb670,MTD-21126391717,,,,,,,,,,,,,,,-,-,Mikey I5,high_intent,-,,
Mikey St. Martin,19,9/11/2026,1789176103,Fastball,Y,-2.34,39.37,86.52,1967.57,1889.9,96.05,12:12,1,21.8,-0.3,-,-,-,-,1.01,-1.43,5.74,0.75,16.15,PitchParams@184b56b2-d2d3-4aa0-aa18-37cf772ed1b3,MTD-21126391717,,,,,,,,,,,,,,,-,-,Mikey I5,high_intent,-,,
Mikey St. Martin,20,9/11/2026,1789176084,Slider,Y,-2.42,33.8,73.48,2411.43,1044.7,43.32,7:34,1,0.1,-12.4,-,-,-,-,0,1.37,5.65,0.83,64.33,PitchParams@11dfffb5-a6d1-4aa0-953a-fd1a08dec438,MTD-21126391717,,,,,,,,,,,,,,,-,-,Mikey I5,high_intent,-,,
Mikey St. Martin,21,9/11/2026,1789176066,Fastball,N,-12.17,37.9,86.84,2081.68,1998.7,96.02,12:20,1,21,-1.1,-,-,-,-,2.01,-1.58,5.77,0.89,16.23,PitchParams@77289d42-3231-43cb-8794-4f83543cd3be,MTD-21126391717,,,,,,,,,,,,,,,-,-,Mikey I5,high_intent,-,,
Mikey St. Martin,22,9/11/2026,1789176036,Fastball,Y,-8.57,24.88,86.87,2180.89,2087,95.69,12:12,1,22.8,-1.4,-,-,-,-,1.61,-2.96,5.68,0.85,16.88,PitchParams@4006417e-5b00-4b00-ad2e-c6edb91aeffd,MTD-21126391717,,,,,,,,,,,,,,,-,-,Mikey I5,high_intent,-,,
Mikey St. Martin,23,9/11/2026,1789175998,Fastball,Y,6.63,31.15,86.77,1964.62,1926,98.03,12:20,1,23.5,-1.5,-,-,-,-,0.27,-2.15,5.8,0.93,11.38,PitchParams@7e12bdf9-9361-4451-b638-ed649b28949f,MTD-21126391717,,,,,,,,,,,,,,,-,-,Mikey I5,high_intent,-,,
Mikey St. Martin,24,9/11/2026,1789175982,Slider,N,-11.45,28.39,74.41,2406.78,1056.4,43.89,7:42,1,2.3,-13.1,-,-,-,-,1.03,0.57,5.59,1.06,63.96,PitchParams@bcde4f17-8c9a-4f2f-9ca1-093da5b58c42,MTD-21126391717,,,,,,,,,,,,,,,-,-,Mikey I5,high_intent,-,,
Mikey St. Martin,25,9/11/2026,1789175961,Fastball,N,-13.89,23.62,87.89,2094.07,1998.4,95.43,12:10,1,24.5,-1.6,-,-,-,-,2.27,-3.14,5.87,1.08,17.38,PitchParams@740f4425-725c-488d-b07d-6b762991db45,MTD-21126391717,,,,,,,,,,,,,,,-,-,Mikey I5,high_intent,-,,
Mikey St. Martin,26,9/11/2026,1789175945,Fastball,N,-18.1,16.35,87.04,2017.48,1983.1,98.3,12:16,0.5,22.5,-0.5,-,-,-,-,2.74,-3.79,5.76,0.98,10.59,PitchParams@9b7ab1e4-a627-406c-b2e9-ef5a3859f122,MTD-21126391717,,,,,,,,,,,,,,,-,-,Mikey I5,high_intent,-,,
Noah Guanci,1,9/11/2026,1789177714,CurveBall,Y,8.5,20.32,71.35,1840.31,1203.7,65.41,3:46,1,-,-,-,-,-,-,-2.53,0.84,4.95,-2.41,-49.15,PitchParams@42b68847-32a1-4afe-8a8b-848db2e8195c,MTD-21126391717,,,,,,,,,,,,,,,-,-,Guanci I7,high_intent,-,,
Noah Guanci,2,9/11/2026,1789177692,CurveBall,N,-2.24,-4.54,72.28,2061.08,1333.4,64.69,3:46,1,1.3,6.8,-,-,-,-,-1.86,-1.64,5.05,-2.43,-49.69,PitchParams@0ce2258b-f594-4019-bb8f-ab1bfa53ec68,MTD-21126391717,,,,,,,,,,,,,,,-,-,Guanci I7,high_intent,-,,
Noah Guanci,3,9/11/2026,1789177672,Fastball,N,-13.7,22.15,82.15,2141.62,2006.8,93.71,10:26,1,15.1,-12.5,-,-,-,-,-2.96,-1.44,5.11,-2.77,-20.44,PitchParams@e8997343-b379-4d4d-a05d-8017803c4459,MTD-21126391717,,,,,,,,,,,,,,,-,-,Guanci I7,high_intent,-,,
Noah Guanci,4,9/11/2026,1789177649,CurveBall,N,-13.21,25.92,70.82,1598.23,945.3,59.15,3:24,1,-,-,-,-,-,-,-0.41,2.17,4.88,-2.46,-53.74,PitchParams@2f3896fd-42a3-4d6a-aba7-31b28e0073ad,MTD-21126391717,,,,,,,,,,,,,,,-,-,Guanci I7,high_intent,-,,
Noah Guanci,5,9/11/2026,1789177630,CurveBall,Y,-0.88,22.35,70.57,1735.75,976.3,56.25,3:20,1,-0.5,7.6,-,-,-,-,-1.96,1.32,5.01,-2.47,-55.77,PitchParams@650fdc7c-a03f-4f0f-a247-4fa7e7492c52,MTD-21126391717,,,,,,,,,,,,,,,-,-,Guanci I7,high_intent,-,,
Noah Guanci,6,9/11/2026,1789177615,CurveBall,N,-16.73,23.87,71.24,1980.65,1208.1,60.99,3:40,1,0.3,4.3,-,-,-,-,-0.84,1.5,4.97,-2.52,-52.42,PitchParams@3541aa6d-d9d5-47de-a4aa-743c6eecfe0f,MTD-21126391717,,,,,,,,,,,,,,,-,-,Guanci I7,high_intent,-,,
Noah Guanci,7,9/11/2026,1789177582,Fastball,Y,5.45,26.07,81.62,2226.26,2050.8,92.12,10:22,1,18.4,-9.3,-,-,-,-,-4.19,-1.43,5.2,-2.57,-22.9,PitchParams@4cefdd91-9b85-4bf3-87e7-a52920c3f43f,MTD-21126391717,,,,,,,,,,,,,,,-,-,Guanci I7,high_intent,-,,
Noah Guanci,8,9/11/2026,1789177547,CurveBall,Y,-3.29,30.84,69.99,1932.19,1171.8,60.64,3:46,1,4.1,6.4,-,-,-,-,-1.87,1.82,5.06,-2.49,-52.67,PitchParams@2461b830-2c76-4f2f-9884-2ce4c59c0e39,MTD-21126391717,,,,,,,,,,,,,,,-,-,Guanci I7,high_intent,-,,
Noah Guanci,9,9/11/2026,1789177530,TwoSeamFastball,N,-31.92,21.55,81.84,2231.12,2084.5,93.43,10:28,1,8.1,-18.2,-,-,-,-,-1.65,-0.8,5.09,-2.63,-20.89,PitchParams@7b5fccce-6b48-460f-8d52-0add76db959d,MTD-21126391717,,,,,,,,,,,,,,,-,-,Guanci I7,high_intent,-,,
Noah Guanci,10,9/11/2026,1789177517,CurveBall,Y,0.35,40.31,70.64,2022.46,1064.1,52.62,3:30,1,0,4.3,-,-,-,-,-2.3,2.9,5.13,-2.42,-58.25,PitchParams@566aa06b-5fa3-4af9-9118-705b23a9da94,MTD-21126391717,,,,,,,,,,,,,,,-,-,Guanci I7,high_intent,-,,
Noah Guanci,11,9/11/2026,1789176741,TwoSeamFastball,Y,-3.48,36.23,80.39,2103.29,1900.9,90.38,10:54,1,6.8,-6.7,-,-,-,-,-3.26,0.77,5.16,-2.68,-25.34,PitchParams@ea359aef-4487-4681-aa6f-b982fe25b05d,MTD-21126391717,,,,,,,,,,,,,,,-,-,Guanci,high_intent,-,,
Noah Guanci,12,9/11/2026,1789176717,CurveBall,Y,-8.39,25.81,69.51,1741.02,1031.2,59.23,3:08,1,1.3,5.3,-,-,-,-,-1.76,1.85,5,-2.74,-53.68,PitchParams@fa036af9-2bd6-4352-876b-c886ae7d9152,MTD-21126391717,,,,,,,,,,,,,,,-,-,Guanci,high_intent,-,,
Noah Guanci,13,9/11/2026,1789176692,TwoSeamFastball,Y,1.67,23.88,80.27,1951.49,1800.2,92.25,10:24,1,7.4,-6.7,-,-,-,-,-3.7,-0.39,5.12,-2.63,-22.71,PitchParams@9178d53c-43c6-4855-b7ef-076ab42137c9,MTD-21126391717,,,,,,,,,,,,,,,-,-,Guanci,high_intent,-,,
Noah Guanci,14,9/11/2026,1789176658,CurveBall,N,24.13,23.38,70.52,1701.74,1051.8,61.81,3:26,1,4.2,4.4,-,-,-,-,-4.4,0.95,5.14,-2.32,-51.82,PitchParams@a47de012-164f-475b-8acc-f11ee827b8b1,MTD-21126391717,,,,,,,,,,,,,,,-,-,Guanci,high_intent,-,,
Noah Guanci,15,9/11/2026,1789176639,CurveBall,N,-15.68,28.61,68.8,1677.16,1351.7,80.6,3:40,1,4.4,6.5,-,-,-,-,-0.58,1.78,5,-2.37,-36.3,PitchParams@111a615c-b3a3-4937-b7a6-23f1882bc2d9,MTD-21126391717,,,,,,,,,,,,,,,-,-,Guanci,high_intent,-,,
Noah Guanci,16,9/11/2026,1789176616,CurveBall,Y,-9.75,30.24,69.73,1845.78,1265.8,68.58,3:16,1,1.1,6.1,-,-,-,-,-1.14,2.11,5.13,-2.35,-46.7,PitchParams@521f53e6-dcd3-472f-a15f-ba1bdbb1680c,MTD-21126391717,,,,,,,,,,,,,,,-,-,Guanci,high_intent,-,,
Noah Guanci,17,9/11/2026,1789176598,TwoSeamFastball,N,-18.97,32.95,82.28,1879.41,1747.7,92.99,7:32,1,5.7,-11.5,-,-,-,-,-2.07,0.38,5.14,-2.48,-21.57,PitchParams@5a761d3d-cde8-4947-b5d0-2a239c2eb0cc,MTD-21126391717,,,,,,,,,,,,,,,-,-,Guanci,high_intent,-,,
Noah Guanci,18,9/11/2026,1789176580,CurveBall,N,-15.95,37.32,69.77,1847.48,1068.7,57.85,3:00,1,1.9,3.3,-,-,-,-,-0.88,2.76,5.02,-2.4,-54.66,PitchParams@dad79de2-6a5a-4a6e-9663-214733dab1d8,MTD-21126391717,,,,,,,,,,,,,,,-,-,Guanci,high_intent,-,,
Noah Guanci,19,9/11/2026,1789176547,CurveBall,Y,-2.22,23.62,70.9,1823.56,1450,79.52,3:46,1,3.8,5.2,-,-,-,-,-1.89,0.89,5.15,-2.32,-37.33,PitchParams@9a02bdf2-4b46-480c-a001-7a32f89e8e2a,MTD-21126391717,,,,,,,,,,,,,,,-,-,Guanci,high_intent,-,,
Noah Guanci,20,9/11/2026,1789176529,CurveBall,N,-10.79,30.06,70.36,1723.99,1056.6,61.29,3:44,1,-2,2.9,-,-,-,-,-1.43,2.3,5.08,-2.43,-52.2,PitchParams@d1e1f260-f052-4d42-99c6-555341833a2e,MTD-21126391717,,,,,,,,,,,,,,,-,-,Guanci,high_intent,-,,
Noah Guanci,21,9/11/2026,1789176513,TwoSeamFastball,N,-24.08,21.78,82,1877.95,1737,92.5,10:30,1,6.3,-15.2,-,-,-,-,-2.03,-0.66,5.1,-2.56,-22.34,PitchParams@6a7e1e1f-ba74-480a-8a6f-61082e0767f4,MTD-21126391717,,,,,,,,,,,,,,,-,-,Guanci,high_intent,-,,
Noah Guanci,22,9/11/2026,1789176484,CurveBall,N,-12.94,32.2,69.48,1746.18,1196.4,68.51,3:10,1,0.7,7.3,-,-,-,-,-0.72,2.26,5.11,-2.34,-46.75,PitchParams@229623f4-5474-4a46-98a9-e25e935a50ca,MTD-21126391717,,,,,,,,,,,,,,,-,-,Guanci,high_intent,-,,
Noah Guanci,23,9/11/2026,1789176464,CurveBall,N,-20.25,41.62,69.63,1757.05,1332.8,75.85,3:46,1,4.4,6.9,-,-,-,-,-0.11,2.75,5.12,-2.36,-40.66,PitchParams@6a5b5195-b069-4a33-ab2a-560b59771fdc,MTD-21126391717,,,,,,,,,,,,,,,-,-,Guanci,high_intent,-,,
Noah Guanci,24,9/11/2026,1789176445,TwoSeamFastball,N,-30.28,44.59,82.99,2051.25,1914,93.31,10:28,1,9.4,-9.3,-,-,-,-,-0.78,0.99,5.25,-2.46,-21.08,PitchParams@c0f98b0a-ed18-4026-9093-4e4635484a4c,MTD-21126391717,,,,,,,,,,,,,,,-,-,Guanci,high_intent,-,,
Noah Guanci,25,9/11/2026,1789176421,Fastball,Y,-1.96,41.36,81.95,2019.77,1859.2,92.05,10:28,1,15.7,-9.4,-,-,-,-,-3.45,0.29,5.13,-2.48,-23,PitchParams@1a554702-a54b-4d6b-8906-f929588eaf65,MTD-21126391717,,,,,,,,,,,,,,,-,-,Guanci,high_intent,-,,
Noah Guanci,26,9/11/2026,1789176404,CurveBall,N,-13.72,29.04,70.17,1842.3,1399.6,75.97,2:18,1,6.2,5.4,-,-,-,-,-1,1.44,5.01,-2.49,-40.56,PitchParams@3f0e4e6e-269e-4bb1-938b-3dbd464a7604,MTD-21126391717,,,,,,,,,,,,,,,-,-,Guanci,high_intent,-,,
Noah Guanci,27,9/11/2026,1789176384,TwoSeamFastball,Y,-6.12,41.56,80.84,1761.32,1637.4,92.97,10:22,1,8.2,-15.6,-,-,-,-,-3.68,1.04,5.18,-2.52,-21.62,PitchParams@a3dc6cc9-32f4-4689-a9e5-11ea393f5ece,MTD-21126391717,,,,,,,,,,,,,,,-,-,Guanci,high_intent,-,,
Grady Vanidestine,1,9/11/2026,1789178457,Fastball,N,-0.98,50.64,83.88,1900.07,1840.6,96.87,11:12,1,19.1,-6.1,-,-,-,-,-1.66,-0.35,6.09,-1.08,-14.38,PitchParams@f1ba4c79-0eb6-4a39-8595-f88d4cda99e7,MTD-21126391717,,,,,,,,,,,,,,,-,-,Grady I7,high_intent,-,,
Grady Vanidestine,2,9/11/2026,1789178433,Fastball,Y,-7.83,29.4,84.77,2099.81,2070.6,98.61,10:44,1,-,-,-,-,-,-,-2.08,-1.44,5.73,-1.51,-9.57,PitchParams@69b3281a-9e4e-4c1d-9114-f8ba83ad5189,MTD-21126391717,,,,,,,,,,,,,,,-,-,Grady I7,high_intent,-,,
Grady Vanidestine,3,9/11/2026,1789178417,Fastball,Y,-2.82,41.76,82.58,1925.22,1859.4,96.58,11:08,1,17,-13.5,-,-,-,-,-2.61,-0.66,5.86,-1.46,-15.03,PitchParams@21becec5-81da-4769-9f24-b9b845ddfa6d,MTD-21126391717,,,,,,,,,,,,,,,-,-,Grady I7,high_intent,-,,
Grady Vanidestine,4,9/11/2026,1789178332,Fastball,Y,-2.4,29.9,85.81,2051.01,1988.8,96.97,11:06,1,21.9,-7.7,-,-,-,-,-1.95,-2.22,6.02,-1.37,-14.14,PitchParams@d9c97296-29bc-4d74-a503-de94ed01520a,MTD-21126391717,,,,,,,,,,,,,,,-,-,Grady I7,high_intent,-,,
Grady Vanidestine,5,9/11/2026,1789178313,TwoSeamFastball,N,0.37,51.85,83.54,1970.7,1915.5,97.2,10:58,1,14.8,-14.1,-,-,-,-,-2.83,0.28,5.94,-1.33,-13.59,PitchParams@fe85ca0e-44fa-4d18-a1b9-c4847e374396,MTD-21126391717,,,,,,,,,,,,,,,-,-,Grady I7,high_intent,-,,
Grady Vanidestine,6,9/11/2026,1789178297,Slider,N,10.67,32.64,75.82,1865.25,1625,87.12,12:00,1,6.3,-1,-,-,-,-,-2.78,0.31,5.72,-1.54,-29.4,PitchParams@6ab99a38-f06f-41d6-af7a-35c177e8faab,MTD-21126391717,,,,,,,,,,,,,,,-,-,Grady I7,high_intent,-,,
Grady Vanidestine,7,9/11/2026,1789178254,Fastball,N,-10.25,61.52,83.65,2012.81,1954.4,97.1,11:06,1,20.6,-7.3,-,-,-,-,-1.29,0.7,5.98,-1.41,-13.84,PitchParams@cb4bcd86-27d8-4979-b21b-402737483f44,MTD-21126391717,,,,,,,,,,,,,,,-,-,Grady I7,high_intent,-,,
Grady Vanidestine,8,9/11/2026,1789178235,TwoSeamFastball,N,-18.67,52.12,82.75,1885.12,1870.3,99.22,10:40,1,13.9,-16.2,-,-,-,-,-1.37,0.46,5.91,-1.44,-7.18,PitchParams@f43dcb3e-5d7e-46d5-b9fe-14a5ab6e559a,MTD-21126391717,,,,,,,,,,,,,,,-,-,Grady I7,high_intent,-,,
Grady Vanidestine,9,9/11/2026,1789178169,ChangeUp,Y,6.34,33.32,75.81,1849.03,1610.5,87.1,12:24,1,8.8,-4.8,-,-,-,-,-2.95,0.18,5.61,-1.73,-29.42,PitchParams@c0704b00-518b-4953-b85a-25857253c01b,MTD-21126391717,,,,,,,,,,,,,,,-,-,Grady I7,high_intent,-,,
Grady Vanidestine,10,9/11/2026,1789178154,Fastball,N,17.31,29.83,82.53,2045.44,1965.5,96.09,12:58,1,18.5,-5.9,-,-,-,-,-3.6,-2.01,5.89,-1.28,-16.07,PitchParams@8a4e9a59-c8b8-4664-88ca-bc00036d189e,MTD-21126391717,,,,,,,,,,,,,,,-,-,Grady I7,high_intent,-,,
Grady Vanidestine,11,9/11/2026,1789178095,Slider,Y,-0.09,29.93,75.94,1907.22,1664.8,87.29,12:18,1,5,-0.1,-,-,-,-,-2.09,0.16,5.64,-1.88,-29.2,PitchParams@deaf660c-1ef5-4448-85e3-088605e09fff,MTD-21126391717,,,,,,,,,,,,,,,-,-,Grady I7,high_intent,-,,
Grady Vanidestine,12,9/11/2026,1789178077,Fastball,Y,9.34,39.02,80.27,1926.81,1860.7,96.57,11:00,1,19.1,-6.3,-,-,-,-,-3.03,-1.03,6.01,-1.43,-15.05,PitchParams@2c5db165-2cc8-449d-9d71-76ee3ef61049,MTD-21126391717,,,,,,,,,,,,,,,-,-,Grady I7,high_intent,-,,
Grady Vanidestine,13,9/11/2026,1789178051,Fastball,N,3.53,46.92,81.41,1898.24,1837.7,96.81,11:02,1,18.8,-7.2,-,-,-,-,-2.61,-0.25,5.9,-1.45,-14.51,PitchParams@9fb430a2-0214-4ade-9fdf-972d6f1e2e58,MTD-21126391717,,,,,,,,,,,,,,,-,-,Grady I7,high_intent,-,,
Grady Vanidestine,14,9/11/2026,1789178025,ChangeUp,N,13,26.04,75.76,1383.53,1361.5,98.41,10:14,1,8.6,-9.8,-,-,-,-,-3.94,-0.62,5.75,-1.63,-10.24,PitchParams@4508a6cc-9ff4-4769-8c03-70fdc5f4b49a,MTD-21126391717,,,,,,,,,,,,,,,-,-,Grady I7,high_intent,-,,
Grady Vanidestine,15,9/11/2026,1789178004,TwoSeamFastball,Y,-1.84,35.2,82.02,1837.01,1776.2,96.69,11:04,1,10.6,-13.9,-,-,-,-,-2.55,-0.77,5.89,-1.28,-14.79,PitchParams@453079b3-31f7-4228-961d-ea296e340a69,MTD-21126391717,,,,,,,,,,,,,,,-,-,Grady I7,high_intent,-,,
Grady Vanidestine,16,9/11/2026,1789177981,Fastball,N,-10.87,38.57,84.7,1771.26,1724.6,97.37,11:00,1,-,-,-,-,-,-,-1.95,-0.55,5.66,-1.5,-13.18,PitchParams@3d31306a-f350-4486-b1cb-1effd0f3d30f,MTD-21126391717,,,,,,,,,,,,,,,-,-,Grady I7,high_intent,-,,
Grady Vanidestine,17,9/11/2026,1789177956,ChangeUp,N,23.09,9.92,76.99,1436.62,1417.3,98.66,10:30,1,7.9,-12.6,-,-,-,-,-4.92,-2.17,5.74,-1.46,-9.41,PitchParams@d1dfb031-1f68-4b3e-9822-0697fc1cf287,MTD-21126391717,,,,,,,,,,,,,,,-,-,Grady I7,high_intent,-,,
Grady Vanidestine,18,9/11/2026,1789177938,Fastball,N,11.82,29.5,83.99,1975.46,1902.1,96.28,11:02,1,15.4,-11.9,-,-,-,-,-3.73,-1.88,5.88,-1.36,-15.67,PitchParams@e9139c0e-0585-452a-b36d-af639b2b41d7,MTD-21126391717,,,,,,,,,,,,,,,-,-,Grady I7,high_intent,-,,
Grady Vanidestine,19,9/11/2026,1789177923,ChangeUp,N,-24.8,41.36,78.6,1469.53,1468.8,99.95,10:08,1,8.4,-15.6,-,-,-,-,-0.85,0.56,5.73,-1.52,-1.75,PitchParams@b85ff454-38fe-4a37-b7a0-a66d9c8ecc44,MTD-21126391717,,,,,,,,,,,,,,,-,-,Grady I7,high_intent,-,,
Grady Vanidestine,20,9/11/2026,1789177907,Fastball,N,2.46,43.28,83.93,2060.1,1999.6,97.06,11:00,1,20.3,-9.6,-,-,-,-,-2.35,-1.18,6.05,-1.12,-13.92,PitchParams@8cae8dd5-d007-472b-a850-de0f18fd08ac,MTD-21126391717,,,,,,,,,,,,,,,-,-,Grady I7,high_intent,-,,
Grady Vanidestine,21,9/11/2026,1789177893,ChangeUp,N,2.22,16.85,76.83,1336.26,1336,99.98,10:10,1,9.1,-15.7,-,-,-,-,-3.4,-1.65,5.87,-1.58,-1.22,PitchParams@90262ca0-7828-4b31-83d9-1ee4bb44adcf,MTD-21126391717,,,,,,,,,,,,,,,-,-,Grady I7,high_intent,-,,
Isaac Jensen,1,9/12/2026,1789220210,Slider,N,5,14.9,77.91,2145.63,615.4,28.68,9:02,1,-0.2,-1,-,-,-,-,0.49,-1.44,6.17,0.95,73.33,PitchParams@ae38c5e4-b737-441e-b633-29caba1ace75,MTD-21126391717,,,,,,,,,,,,,,,-,-,Jensen I2,high_intent,-,,
Isaac Jensen,2,9/12/2026,1789220186,Slider,Y,-4.6,25.16,78.74,2117.47,869.9,41.08,7:46,1,-2.3,-2.6,-,-,-,-,0.98,-0.52,6.29,0.72,65.74,PitchParams@342f1ea5-a45e-4c43-bffc-423d0ff66681,MTD-21126391717,,,,,,,,,,,,,,,-,-,Jensen I2,high_intent,-,,
Isaac Jensen,3,9/12/2026,1789220168,Fastball,Y,-3.27,38.52,85.71,1816.72,1653,90.99,1:02,1,7.9,0.1,-,-,-,-,1.12,-0.71,6.21,0.73,24.51,PitchParams@a6f69c53-6179-4b2a-b920-096f88784f35,MTD-21126391717,,,,,,,,,,,,,,,-,-,Jensen I2,high_intent,-,,
Isaac Jensen,4,9/12/2026,1789220151,Fastball,N,28.12,32.2,87.14,1874.34,1102,93.84,1:24,1,5.1,6.1,-,-,-,-,-0.95,-0.87,6.45,0.95,20.21,PitchParams@46b20af7-497d-4e15-ac99-0883434e32ea,MTD-21126391717,,,,,,,,,,,,,,,-,-,Jensen I2,high_intent,-,,
Isaac Jensen,5,9/12/2026,1789220128,Fastball,Y,-0.92,21.32,86.03,1623.24,1472.2,90.69,1:00,1,8.8,2.4,-,-,-,-,1.22,-2.44,6.25,0.83,24.92,PitchParams@e08ac02d-e296-4b23-a508-e9c9cd891994,MTD-21126391717,,,,,,,,,,,,,,,-,-,Jensen I2,high_intent,-,,
Isaac Jensen,6,9/12/2026,1789220104,Slider,N,7.42,43.11,82.58,2098.51,453.2,21.6,6:24,1,-,-,-,-,-,-,-1.45,10.35,4.93,0.5,77.53,PitchParams@cbf3041e-b85f-4016-b5cd-67f2133e0776,MTD-21126391717,,,,,,,,,,,,,,,-,-,Jensen I2,high_intent,-,,
Isaac Jensen,7,9/12/2026,1789220081,Fastball,Y,-7.4,37.53,85.08,2026.83,1836.4,90.6,12:48,1,11.3,5,-,-,-,-,2.05,-1.17,6.2,0.82,25.04,PitchParams@a84cbb20-f639-41f2-86a5-6990bed931f1,MTD-21126391717,,,,,,,,,,,,,,,-,-,Jensen I2,high_intent,-,,
Isaac Jensen,8,9/12/2026,1789220061,Slider,N,14.07,15.6,78.33,2026.98,500.4,24.69,7:02,1,-1.4,1.9,-,-,-,-,-0.37,-1.44,6.21,0.67,75.71,PitchParams@6749e216-f561-4e6e-be9d-7bcdfcf43731,MTD-21126391717,,,,,,,,,,,,,,,-,-,Jensen I2,high_intent,-,,
Isaac Jensen,9,9/12/2026,1789220044,Fastball,Y,0.18,41.64,85.65,1613.97,1467.8,90.95,12:58,1,8.6,3.9,-,-,-,-,1.22,-0.49,6.12,0.79,24.57,PitchParams@8fd77494-5d53-47b6-ae10-6fa473115cad,MTD-21126391717,,,,,,,,,,,,,,,-,-,Jensen I2,high_intent,-,,
Isaac Jensen,10,9/12/2026,1789220021,Slider,Y,-5.61,19.81,78.53,1958.77,475.1,24.25,6:28,1,-1.5,-0.5,-,-,-,-,1.15,-1.01,6.24,0.61,75.96,PitchParams@4a08a3f7-3cd7-4266-baa2-ff2fb0a49a12,MTD-21126391717,,,,,,,,,,,,,,,-,-,Jensen I2,high_intent,-,,
Isaac Jensen,11,9/12/2026,1789219991,Fastball,N,0.07,43.56,86.02,1901.83,1767.8,92.95,1:06,1,11.5,4.5,-,-,-,-,1.13,-0.7,6.2,0.65,21.64,PitchParams@5ed5d840-461b-437f-9562-cccb3a92ea71,MTD-21126391717,,,,,,,,,,,,,,,-,-,Jensen I2,high_intent,-,,
Isaac Jensen,12,9/12/2026,1789219940,Slider,Y,-3.41,31.21,77.54,2156.48,812.2,37.66,7:12,1,-2.1,1.5,-,-,-,-,1.11,0.27,6.15,0.6,67.88,PitchParams@e09a864f-9b8f-4ee0-b817-37ef9ded138f,MTD-21126391717,,,,,,,,,,,,,,,-,-,Jensen I2,high_intent,-,,
Isaac Jensen,13,9/12/2026,1789219925,Slider,Y,8.36,24.56,77.32,2163.06,738.1,34.12,7:50,1,-2.3,1.5,-,-,-,-,0.22,-0.36,6.17,0.77,70.05,PitchParams@5275bd82-b394-4034-a724-7bef837e6bbd,MTD-21126391717,,,,,,,,,,,,,,,-,-,Jensen I2,high_intent,-,,
Isaac Jensen,14,9/12/2026,1789219909,Slider,N,-15.16,17.35,79.18,1931.9,569.9,29.5,6:56,1,-1,0.8,-,-,-,-,2.1,-1.31,6.21,0.56,72.84,PitchParams@d24d9b66-6ba3-42a8-8b09-b0a4ab43bf13,MTD-21126391717,,,,,,,,,,,,,,,-,-,Jensen I2,high_intent,-,,
Isaac Jensen,15,9/12/2026,1789219887,Fastball,Y,6.66,31.64,85.11,1771.9,1658,93.57,1:22,1,10.1,6.6,-,-,-,-,0.91,-1.42,6.17,0.83,20.66,PitchParams@ea572045-64b2-4c62-9f65-bc9a3e76be24,MTD-21126391717,,,,,,,,,,,,,,,-,-,Jensen I2,high_intent,-,,
Isaac Jensen,16,9/12/2026,1789219872,Slider,N,-15.17,20.86,79.09,-,-,-,-,0,3,0.7,-,-,-,-,2.27,-1.27,6.14,0.73,0,PitchParams@5634a10d-656b-4f2d-b940-5947037f397f,MTD-21126391717,,,,,,,,,,,,,,,-,-,Jensen I2,high_intent,-,,
Isaac Jensen,17,9/12/2026,1789219844,Slider,N,14.48,41.99,79.16,2029.74,666,32.81,7:46,1,-1.8,1.1,-,-,-,-,-0.55,1.05,6.13,0.62,70.85,PitchParams@b599558a-6cd0-4425-9f67-f4b8469cc5f8,MTD-21126391717,,,,,,,,,,,,,,,-,-,Jensen I2,high_intent,-,,
Isaac Jensen,18,9/12/2026,1789219828,Slider,N,-6.3,15.46,78.56,-,-,-,-,0,1.4,-0.8,-,-,-,-,1.2,-1.68,6.13,0.61,0,PitchParams@46668922-263a-4680-a3d4-1013976c6870,MTD-21126391717,,,,,,,,,,,,,,,-,-,Jensen I2,high_intent,-,,
Isaac Jensen,19,9/12/2026,1789219815,Fastball,Y,-2.83,38.93,85.95,2038.96,1899.7,93.17,1:24,1,12.9,4.3,-,-,-,-,1.49,-1.25,6.25,0.75,21.3,PitchParams@1d4eff03-19dd-441a-a496-310f0380e329,MTD-21126391717,,,,,,,,,,,,,,,-,-,Jensen I2,high_intent,-,,
Isaac Jensen,20,9/12/2026,1789219785,Slider,Y,7.37,32.21,78.25,2099.4,704.8,33.57,7:30,1,-3.5,1.6,-,-,-,-,0.01,0.39,6.19,0.49,70.38,PitchParams@bd1567ca-892f-45fc-9e7a-ec28242f67ff,MTD-21126391717,,,,,,,,,,,,,,,-,-,Jensen I2,high_intent,-,,
Isaac Jensen,21,9/12/2026,1789219768,Fastball,Y,0.82,41.1,85.85,1857.38,1763.1,94.92,12:58,1,14,8.3,-,-,-,-,1.59,-1.15,6.23,0.81,18.34,PitchParams@5a662c6b-44f9-4db4-85c9-d893a11049ee,MTD-21126391717,,,,,,,,,,,,,,,-,-,Jensen I2,high_intent,-,,
Isaac Jensen,22,9/12/2026,1789219751,Slider,N,-6.28,9.07,78.89,2107.29,535.6,25.42,6:52,1,-1.7,1.8,-,-,-,-,1.31,-2.12,6.25,0.51,75.27,PitchParams@30ff3945-e1fc-4b0f-b798-52a972b15b6e,MTD-21126391717,,,,,,,,,,,,,,,-,-,Jensen I2,high_intent,-,,
Isaac Jensen,23,9/12/2026,1789219736,Slider,N,-9.49,15.03,77.52,2077.88,484,23.29,6:30,1,0.4,0.5,-,-,-,-,1.43,-1.56,6.23,0.46,76.53,PitchParams@89e5192a-0811-4fce-aec2-f7ef7470157e,MTD-21126391717,,,,,,,,,,,,,,,-,-,Jensen I2,high_intent,-,,
Isaac Jensen,24,9/12/2026,1789219722,Slider,Y,-5.42,27.1,78.12,2176.33,672.9,30.92,7:44,0.5,-0.2,-1.7,-,-,-,-,1.23,-0.58,6.25,0.8,71.99,PitchParams@9cdbacb3-dd10-4d6b-977a-f4296c31b7d6,MTD-21126391717,,,,,,,,,,,,,,,-,-,Jensen I2,high_intent,-,,
Isaac Jensen,25,9/12/2026,1789218747,Slider,Y,-6.13,21.02,78.7,1909.39,529.3,27.72,6:58,1,1.1,0.1,-,-,-,-,1.39,-1.02,6.1,0.74,73.91,PitchParams@fd95ea92-44eb-46f3-a37e-e5a01ddbfbc9,MTD-21126391717,,,,,,,,,,,,,,,-,-,Jensen I1,high_intent,-,,
Isaac Jensen,26,9/12/2026,1789218724,Slider,Y,6.46,23.04,79.92,-,-,-,-,0,1,0.8,-,-,-,-,0.22,-1.07,6.18,0.66,0,PitchParams@5cb6d5cb-804e-4803-a008-c9d8de853f01,MTD-21126391717,,,,,,,,,,,,,,,-,-,Jensen I1,high_intent,-,,
Isaac Jensen,27,9/12/2026,1789218691,Fastball,N,-1.64,52.44,87.27,1652.2,1513.3,91.59,1:06,1,8.1,1.2,-,-,-,-,0.95,0.47,6.11,0.63,23.67,PitchParams@1b3aa2af-2680-4dfa-87bd-6bad58025af3,MTD-21126391717,,,,,,,,,,,,,,,-,-,Jensen I1,high_intent,-,,
Isaac Jensen,28,9/12/2026,1789218671,Slider,Y,1.02,22.91,78.58,2102.19,810.4,38.55,7:36,1,-4.7,0.3,-,-,-,-,0.62,-0.32,6.14,0.62,67.32,PitchParams@66078175-ae3b-4d8c-a145-2da242ea78b4,MTD-21126391717,,,,,,,,,,,,,,,-,-,Jensen I1,high_intent,-,,
Isaac Jensen,29,9/12/2026,1789218654,Slider,N,-6.13,15.31,79.61,-,-,-,-,0,-2.4,-0.1,-,-,-,-,1.38,-1.35,6.14,0.74,0,PitchParams@36f6ba38-07c4-413f-9895-342e173effdb,MTD-21126391717,,,,,,,,,,,,,,,-,-,Jensen I1,high_intent,-,,
Isaac Jensen,30,9/12/2026,1789218608,Fastball,Y,0.1,31.78,86.32,1834.56,1709.7,93.2,1:24,1,11.3,5.4,-,-,-,-,1.36,-1.79,6.18,0.78,21.26,PitchParams@24e30984-211e-4625-ba68-d792e9ba59bf,MTD-21126391717,,,,,,,,,,,,,,,-,-,Jensen I1,high_intent,-,,
Isaac Jensen,31,9/12/2026,1789218583,Slider,Y,0.74,23.17,79.75,-,-,-,-,0,0.4,0.5,-,-,-,-,0.85,-0.94,6.07,0.78,0,PitchParams@d374ce14-6eed-49aa-b13a-d608adfd2d8c,MTD-21126391717,,,,,,,,,,,,,,,-,-,Jensen I1,high_intent,-,,
Isaac Jensen,32,9/12/2026,1789218562,Splitter,N,-6.02,9.19,79.34,1569.45,418.9,26.69,6:58,1,-1.7,-0.8,-,-,-,-,1.15,-1.99,6.15,0.61,74.52,PitchParams@31eb93a4-db74-4402-87e0-5ca785cca018,MTD-21126391717,,,,,,,,,,,,,,,-,-,Jensen I1,high_intent,-,,
Isaac Jensen,33,9/12/2026,1789218536,Splitter,Y,0.74,36.78,78.61,974.26,764.9,78.51,5:06,0.5,-4.7,0.5,-,-,-,-,0.6,1.02,6.09,0.56,38.27,PitchParams@ee5ec57b-3ab8-45e5-a901-8c2363af5d9f,MTD-21126391717,,,,,,,,,,,,,,,-,-,Jensen I1,high_intent,-,,
Isaac Jensen,34,9/12/2026,1789218515,Slider,Y,6.57,21.58,78.48,1952.19,503.9,25.81,6:48,1,-3.2,2.6,-,-,-,-,0.55,-0.52,6.09,0.83,75.04,PitchParams@0b7ba888-23d9-4942-8e1c-eada488aa05f,MTD-21126391717,,,,,,,,,,,,,,,-,-,Jensen I1,high_intent,-,,
Isaac Jensen,35,9/12/2026,1789218493,Slider,N,-2.98,16.17,78.45,1990.27,397,19.95,6:26,1,-3.7,1.4,-,-,-,-,1.1,-1.09,6.08,0.62,78.49,PitchParams@1ecc4734-170e-4638-9f26-d349f27436ba,MTD-21126391717,,,,,,,,,,,,,,,-,-,Jensen I1,high_intent,-,,
Isaac Jensen,36,9/12/2026,1789218454,TwoSeamFastball,N,14.64,45.52,85.08,1748.42,1632.6,93.37,1:30,0.5,10.1,8.3,-,-,-,-,0.24,-0.32,6.18,0.75,20.98,PitchParams@cc890fd2-21b2-4d49-b9c0-9cc3af983078,MTD-21126391717,,,,,,,,,,,,,,,-,-,Jensen I1,high_intent,-,,
Isaac Jensen,37,9/12/2026,1789218434,Slider,N,12.48,23.32,78.08,2097.49,433.2,20.65,6:50,1,-2.1,3,-,-,-,-,-0.02,-0.47,6.1,0.78,78.08,PitchParams@1f599a09-b0d5-424c-a9ce-9e0a69991986,MTD-21126391717,,,,,,,,,,,,,,,-,-,Jensen I1,high_intent,-,,
Isaac Jensen,38,9/12/2026,1789218380,Slider,N,6.12,15.98,78.97,1874.37,826.9,44.12,7:46,0.5,-3.4,3.1,-,-,-,-,0.59,-1.02,6.14,0.79,63.82,PitchParams@b2aaed5d-c4b5-4fdf-a4e7-0604eb708457,MTD-21126391717,,,,,,,,,,,,,,,-,-,Jensen I1,high_intent,-,,
Isaac Jensen,39,9/12/2026,1789218359,TwoSeamFastball,N,24.47,28.99,84.87,1889.26,1760,93.16,1:18,1,12.2,7.7,-,-,-,-,-0.73,-1.85,6.07,0.73,21.32,PitchParams@154f4ba9-c6df-41f3-a3e9-c3ff940f94ac,MTD-21126391717,,,,,,,,,,,,,,,-,-,Jensen I1,high_intent,-,,
Isaac Jensen,40,9/12/2026,1789218301,Slider,Y,7.51,40.94,77.89,2250.32,629.5,27.97,9:00,1,-4.2,-2.5,-,-,-,-,-0.07,1.78,5.94,0.77,73.76,PitchParams@3ba90a8a-b935-4fed-ae38-f08a4b21c0fb,MTD-21126391717,,,,,,,,,,,,,,,-,-,Jensen I1,high_intent,-,,
Isaac Jensen,41,9/12/2026,1789218262,Slider,Y,9.43,25.11,79.88,2463.71,522.1,21.19,7:06,1,0.2,3.7,-,-,-,-,0.28,-0.75,6.25,0.73,77.76,PitchParams@b9cb1ec9-22de-4766-bdb6-1d302d345425,MTD-21126391717,,,,,,,,,,,,,,,-,-,Jensen I1,high_intent,-,,
Isaac Jensen,42,9/12/2026,1789218231,Fastball,N,20.65,19.2,84.12,1897.38,1787.7,94.22,1:22,1,11.5,6.9,-,-,-,-,-0.36,-2.81,6.17,0.82,19.58,PitchParams@eabe3938-cd39-4322-9e1f-1f726df9fdfe,MTD-21126391717,,,,,,,,,,,,,,,-,-,Jensen I1,high_intent,-,,
Isaac Jensen,43,9/12/2026,1789218212,Fastball,N,30.5,42.36,86.14,1895.47,1788.9,94.38,1:14,1,11.4,6.1,-,-,-,-,-1.48,-0.72,6.2,0.69,19.3,PitchParams@9055e187-0728-4979-a547-100c38120895,MTD-21126391717,,,,,,,,,,,,,,,-,-,Jensen I1,high_intent,-,,
Isaac Jensen,44,9/12/2026,1789218197,Fastball,N,20.24,43.67,84.54,1919.68,1784.5,92.96,1:28,1,9.6,1.6,-,-,-,-,-0.5,-0.34,6.17,1.09,21.63,PitchParams@fbf94575-0a72-4d9f-aaac-66b8ba7c2bc7,MTD-21126391717,,,,,,,,,,,,,,,-,-,Jensen I1,high_intent,-,,
Isaac Jensen,45,9/12/2026,1789218181,Fastball,N,23.54,30.05,85.35,1894.63,1785,94.21,1:18,1,9.8,5.3,-,-,-,-,-0.65,-1.71,6.22,0.93,19.59,PitchParams@de031e9b-e918-42ec-8264-bd6f7b903991,MTD-21126391717,,,,,,,,,,,,,,,-,-,Jensen I1,high_intent,-,,
Jackson Charney,1,9/12/2026,1789221094,TwoSeamFastball,N,-8.08,12.02,85.45,1343.99,651.3,48.46,10:14,0.5,13.7,-13.5,-,-,-,-,-2.98,-2.76,5.6,-2.32,-61.01,PitchParams@6d2c5ce5-02f0-4c1b-aa80-8bb870d94a65,MTD-21126391717,,,,,,,,,,,,,,,-,-,Charney I2,high_intent,-,,
Jackson Charney,2,9/12/2026,1789221075,Slider,N,-14.99,40.85,71.72,2014.3,1597.9,79.33,4:06,1,-0.5,13.8,-,-,-,-,-0.16,2.91,5.21,-2.55,-37.51,PitchParams@be477537-fe67-4696-bfdc-28a1a83d4b04,MTD-21126391717,,,,,,,,,,,,,,,-,-,Charney I2,high_intent,-,,
Jackson Charney,3,9/12/2026,1789221051,Slider,N,1.67,17.39,70.17,2154.36,1790.3,83.1,4:08,1,2.4,16.6,-,-,-,-,-1.36,0.33,5.26,-2.46,-33.8,PitchParams@c4145f67-7f16-4749-8987-b44712c7ff00,MTD-21126391717,,,,,,,,,,,,,,,-,-,Charney I2,high_intent,-,,
Jackson Charney,4,9/12/2026,1789221033,Slider,Y,2.54,21.74,70.38,1918.73,1652.4,86.12,4:10,1,-1.9,12.7,-,-,-,-,-1.63,1.1,5.41,-2.32,-30.55,PitchParams@11ca68a4-7a01-47c6-bbdb-394f16f8f2e4,MTD-21126391717,,,,,,,,,,,,,,,-,-,Charney I2,high_intent,-,,
Jackson Charney,5,9/12/2026,1789221014,Slider,N,-12.86,41.5,70.62,2101.75,1776.2,84.51,4:06,1,-0.6,12.5,-,-,-,-,-0.31,2.77,5.34,-2.39,-32.32,PitchParams@91884160-0e02-4261-a0fd-367b6b878011,MTD-21126391717,,,,,,,,,,,,,,,-,-,Charney I2,high_intent,-,,
Jackson Charney,6,9/12/2026,1789220977,TwoSeamFastball,N,-22.61,23.76,82.29,1812.8,1810.6,99.88,10:08,1,9.3,-15.2,-,-,-,-,-1.72,-0.91,5.35,-2.21,-2.8,PitchParams@be7266f7-8d7e-41b6-92a1-c76153e91d9d,MTD-21126391717,,,,,,,,,,,,,,,-,-,Charney I2,high_intent,-,,
Jackson Charney,7,9/12/2026,1789220957,TwoSeamFastball,N,-23.84,11.74,84.02,1695.37,1674.4,98.76,10:10,1,8.8,-15.3,-,-,-,-,-1.72,-2.38,5.53,-2.26,-9.03,PitchParams@53c00f5e-3cdb-4987-97e7-5fbd85c46b48,MTD-21126391717,,,,,,,,,,,,,,,-,-,Charney I2,high_intent,-,,
Jackson Charney,9,9/12/2026,1789220914,TwoSeamFastball,N,-7.58,15.89,80.31,2040.75,2017.8,98.88,10:12,0.5,14.4,-16.4,-,-,-,-,-3.46,-2.05,5.57,-2.48,-8.6,PitchParams@f2a01946-5283-43db-866e-bc3d4ee7b7b9,MTD-21126391717,,,,,,,,,,,,,,,-,-,Charney I2,high_intent,-,,
Jackson Charney,10,9/12/2026,1789220900,ChangeUp,N,-18.22,27.23,77.98,1657.85,1634.5,98.59,10:10,1,7.2,-16.4,-,-,-,-,-2.86,0.28,5.21,-2.81,-9.62,PitchParams@4fc0f321-c54f-43d7-b2bd-297c655821ce,MTD-21126391717,,,,,,,,,,,,,,,-,-,Charney I2,high_intent,-,,
Jackson Charney,11,9/12/2026,1789220872,TwoSeamFastball,N,-27.63,29.4,83.76,1886.5,1886.4,100,10:10,1,10.6,-17.8,-,-,-,-,-1.41,-0.59,5.44,-2.12,-0.54,PitchParams@bf79adeb-4812-4b91-a430-3dc5d99daccd,MTD-21126391717,,,,,,,,,,,,,,,-,-,Charney I2,high_intent,-,,
Jackson Charney,12,9/12/2026,1789220840,TwoSeamFastball,N,-16.91,20.4,84.26,1869.9,1850.7,98.97,10:10,0.5,11.6,-14.1,-,-,-,-,-2.02,-1.74,5.6,-2.11,-8.22,PitchParams@8c985ad4-bfed-4bd7-990f-b356d8e9bb91,MTD-21126391717,,,,,,,,,,,,,,,-,-,Charney I2,high_intent,-,,
Jackson Charney,14,9/12/2026,1789220786,TwoSeamFastball,Y,2.39,21.36,85.36,1752.3,1723.7,98.37,10:16,1,15.4,-12.6,-,-,-,-,-3.81,-2.08,5.6,-2.29,-10.37,PitchParams@0ae7341a-9dec-4593-bd18-1dadf57116d5,MTD-21126391717,,,,,,,,,,,,,,,-,-,Charney I2,high_intent,-,,
Jackson Charney,15,9/12/2026,1789220760,TwoSeamFastball,N,-28.92,29.39,84.9,1926.66,1907.6,99.01,10:16,1,12.4,-11.3,-,-,-,-,-0.91,-0.87,5.41,-2.31,-8.08,PitchParams@8a82f335-02b1-4a7f-a2e3-0239fd343dc9,MTD-21126391717,,,,,,,,,,,,,,,-,-,Charney I2,high_intent,-,,
Jackson Charney,16,9/12/2026,1789220734,TwoSeamFastball,Y,-4.17,19.86,85.46,1897.88,1872.7,98.67,10:06,1,11.7,-14.5,-,-,-,-,-3.49,-1.69,5.43,-2.38,-9.34,PitchParams@0e0f7015-724f-4f21-bcd3-3f06f7f736bc,MTD-21126391717,,,,,,,,,,,,,,,-,-,Charney I2,high_intent,-,,
Jackson Charney,17,9/12/2026,1789220707,TwoSeamFastball,N,-14,35.36,82.91,1924.69,1899.4,98.68,10:06,0.5,12.6,-15.7,-,-,-,-,-2.35,-0.23,5.44,-2.04,-9.31,PitchParams@edf1d885-e385-42b2-aff8-408404531043,MTD-21126391717,,,,,,,,,,,,,,,-,-,Charney I2,high_intent,-,,
Jackson Charney,18,9/12/2026,1789220684,TwoSeamFastball,N,7.65,9.96,84.68,1806.21,1804.4,99.9,10:06,0.5,11.9,-12.9,-,-,-,-,-4.09,-2.85,5.66,-2.08,-2.53,PitchParams@0a51253e-1b59-4e88-85d4-b47b6acf7128,MTD-21126391717,,,,,,,,,,,,,,,-,-,Charney I2,high_intent,-,,
Jackson Charney,19,9/12/2026,1789220666,TwoSeamFastball,Y,4.57,32.45,84.4,-,-,-,-,0,10.2,-18.9,-,-,-,-,-4.46,-0.37,5.45,-2.19,0,PitchParams@b9f1043b-612e-43b6-840e-48174c642107,MTD-21126391717,,,,,,,,,,,,,,,-,-,Charney I2,high_intent,-,,
Jackson Charney,20,9/12/2026,1789220645,Slider,N,-17.3,43.31,71,1958.43,1414.2,72.21,3:40,1,-1.2,11.2,-,-,-,-,-0.09,3.07,5.32,-2.45,-43.77,PitchParams@046209b3-b494-4d88-872c-7a40c880ea1c,MTD-21126391717,,,,,,,,,,,,,,,-,-,Charney I2,high_intent,-,,
Jackson Charney,21,9/12/2026,1789220627,Slider,Y,-7.71,21.26,72.68,2013.21,1243.8,61.78,3:42,0.5,0.3,10.1,-,-,-,-,-1.12,0.88,5.26,-2.53,-51.84,PitchParams@8664596a-06c0-4bd4-b8da-2782e1bfde2e,MTD-21126391717,,,,,,,,,,,,,,,-,-,Charney I2,high_intent,-,,
Jackson Charney,22,9/12/2026,1789220595,TwoSeamFastball,N,-17.08,9.22,85.15,1853.64,1853.5,99.99,10:34,0.5,13.2,-18,-,-,-,-,-2.55,-2.92,5.64,-2.29,-0.59,PitchParams@c7142715-72bb-4e16-9531-f8135bc91b56,MTD-21126391717,,,,,,,,,,,,,,,-,-,Charney I2,high_intent,-,,
Jackson Charney,23,9/12/2026,1789220577,TwoSeamFastball,N,1.77,-5.68,86.32,1729.98,1410.1,81.51,9:32,0.5,7,-13.9,-,-,-,-,-3.9,-3.91,5.6,-2.31,35.4,PitchParams@855c45bd-ddab-4f4b-8100-d53b470ec68a,MTD-21126391717,,,,,,,,,,,,,,,-,-,Charney I2,high_intent,-,,
Jackson Charney,24,9/12/2026,1789220562,TwoSeamFastball,Y,1.42,19.43,85.23,1806.54,1772.3,98.1,10:12,1,11.9,-13.1,-,-,-,-,-3.7,-1.85,5.5,-2.23,-11.17,PitchParams@36b5b91e-ee53-4b48-9dfc-871e98f26e20,MTD-21126391717,,,,,,,,,,,,,,,-,-,Charney I2,high_intent,-,,
Jackson Charney,25,9/12/2026,1789220543,ChangeUp,N,3.9,3.3,74.96,2358.14,2186.8,92.73,9:02,1,6.3,-14,-,-,-,-,-4.08,-2.19,5.57,-2.19,21.98,PitchParams@e5647a23-9aaa-4b23-a86d-fa97d7b9cc8a,MTD-21126391717,,,,,,,,,,,,,,,-,-,Charney I2,high_intent,-,,
Jackson Charney,26,9/12/2026,1789220517,TwoSeamFastball,N,-13.83,39.84,83.17,1772.13,1755.9,99.08,10:28,1,10.7,-16.9,-,-,-,-,-3.04,0.49,5.33,-2.57,-7.77,PitchParams@ce9edc31-44fd-4288-8202-c371840a69eb,MTD-21126391717,,,,,,,,,,,,,,,-,-,Charney I2,high_intent,-,,
Jackson Charney,27,9/12/2026,1789220486,TwoSeamFastball,N,-17.08,27.01,86.05,1898.94,1525.7,80.34,11:36,0.5,10.6,-13.6,-,-,-,-,-1.96,-1.14,5.55,-2.1,36.54,PitchParams@11b8a7ce-570a-458f-b16a-8d14e24f5d65,MTD-21126391717,,,,,,,,,,,,,,,-,-,Charney I2,high_intent,-,,
Jackson Charney,28,9/12/2026,1789220463,TwoSeamFastball,Y,-1.95,20.09,86.04,2228.92,2201.4,98.76,10:14,1,-,-,-,-,-,-,-3.45,-1.87,5.44,-1.98,-9.01,PitchParams@58155c4f-238f-4bee-916d-684d82eaa407,MTD-21126391717,,,,,,,,,,,,,,,-,-,Charney I2,high_intent,-,,
Jackson Charney,29,9/12/2026,1789220443,TwoSeamFastball,N,-21.48,39.2,86.27,1961.14,1960.5,99.97,10:10,1,12.5,-14.8,-,-,-,-,-1.85,-0.07,5.37,-2.28,-1.5,PitchParams@55f45f72-1fb4-4c20-bf77-d795adedc978,MTD-21126391717,,,,,,,,,,,,,,,-,-,Charney I2,high_intent,-,,
Jackson Charney,30,9/12/2026,1789220420,TwoSeamFastball,Y,-2.52,29.91,85.48,1897.73,1896.4,99.93,10:10,1,6.9,-13.6,-,-,-,-,-3.33,-0.47,5.49,-2.17,-2.14,PitchParams@62820c12-577c-4644-94ed-c94575a2a1dd,MTD-21126391717,,,,,,,,,,,,,,,-,-,Charney I2,high_intent,-,,
Jackson Charney,31,9/12/2026,1789220403,ChangeUp,N,10.84,18.02,77.77,1868.4,1840.1,98.48,9:30,1,9.9,-15.6,-,-,-,-,-4.89,-1.27,5.62,-2.34,9.99,PitchParams@9638340d-18e7-4c9f-9fc0-4218b309d26f,MTD-21126391717,,,,,,,,,,,,,,,-,-,Charney I2,high_intent,-,,
Jackson Charney,32,9/12/2026,1789220384,TwoSeamFastball,Y,-1.22,34.37,85.43,-,-,-,-,0,10,-13.8,-,-,-,-,-3.58,-0.32,5.46,-2.27,0,PitchParams@31b6500a-cfdf-4d77-b479-d645d36f3ffd,MTD-21126391717,,,,,,,,,,,,,,,-,-,Charney I2,high_intent,-,,
Jackson Charney,33,9/12/2026,1789220369,ChangeUp,N,-9.86,16.11,74.45,-,-,-,-,0,5.8,-16.3,-,-,-,-,-3,-0.67,5.6,-2.25,0,PitchParams@737b7cfc-bb21-4e05-b62c-18c982bb96ee,MTD-21126391717,,,,,,,,,,,,,,,-,-,Charney I2,high_intent,-,,
Jackson Charney,34,9/12/2026,1789219529,TwoSeamFastball,N,4.72,8.45,84.43,2936.78,2935.1,99.94,11:14,0.5,13.8,-18.1,-,-,-,-,-4.6,-3.11,5.6,-2.36,1.93,PitchParams@efe30b20-e7d6-406a-8b6a-6a336f609cc0,MTD-21126391717,,,,,,,,,,,,,,,-,-,Charney,high_intent,-,,
Jackson Charney,35,9/12/2026,1789219506,TwoSeamFastball,N,0.56,13.97,84.09,1931.31,1930.8,99.97,10:02,1,8.7,-17.4,-,-,-,-,-4.21,-1.92,5.48,-2.41,-1.34,PitchParams@a8fbb584-827a-4bbb-be08-48baf41988bd,MTD-21126391717,,,,,,,,,,,,,,,-,-,Charney,high_intent,-,,
Jackson Charney,36,9/12/2026,1789219483,TwoSeamFastball,N,-12.53,10.3,86.49,1901.26,1748.9,91.98,11:10,0.5,7.6,-18.3,-,-,-,-,-2.85,-2.44,5.56,-2.17,-23.1,PitchParams@7de6ad69-2d7c-4aee-bd2d-6008deb47a35,MTD-21126391717,,,,,,,,,,,,,,,-,-,Charney,high_intent,-,,
Jackson Charney,37,9/12/2026,1789219462,ChangeUp,N,2.3,16.24,77.18,2121.52,2064.1,97.29,9:00,1,7.7,-15.8,-,-,-,-,-4.11,-1.1,5.62,-2.31,13.36,PitchParams@e00b6c95-dc1e-45c3-9185-e056586ef901,MTD-21126391717,,,,,,,,,,,,,,,-,-,Charney,high_intent,-,,
Jackson Charney,38,9/12/2026,1789219442,ChangeUp,Y,-0.65,18.81,74.38,1910.28,1775.5,92.95,9:02,1,7.2,-16.5,-,-,-,-,-3.82,-0.93,5.62,-2.1,21.65,PitchParams@769986ae-2dc6-4d06-94aa-50e2a9097df9,MTD-21126391717,,,,,,,,,,,,,,,-,-,Charney,high_intent,-,,
Jackson Charney,39,9/12/2026,1789219404,TwoSeamFastball,N,-0.63,10.43,85.65,1995.47,1921.9,96.31,10:20,0.5,12.7,-18,-,-,-,-,-4.01,-2.82,5.56,-2.27,-15.61,PitchParams@bf36af6d-91ab-4594-864b-93c797145d2f,MTD-21126391717,,,,,,,,,,,,,,,-,-,Charney,high_intent,-,,
Jackson Charney,40,9/12/2026,1789219376,TwoSeamFastball,Y,-4.57,26.38,82.65,1879.33,1876.7,99.86,10:24,1,11.9,-16.5,-,-,-,-,-3.41,-1.07,5.59,-2.17,-3.01,PitchParams@f2ad0e9e-fed6-48ba-ae3a-ae4c1861720a,MTD-21126391717,,,,,,,,,,,,,,,-,-,Charney,high_intent,-,,
Jackson Charney,41,9/12/2026,1789219353,TwoSeamFastball,Y,0.08,38.54,81.96,-,-,-,-,0,14.2,-17.3,-,-,-,-,-3.94,-0.31,5.55,-2.21,0,PitchParams@75309cde-b1e9-4d53-b36e-88d6b9d14d85,MTD-21126391717,,,,,,,,,,,,,,,-,-,Charney,high_intent,-,,
Jackson Charney,42,9/12/2026,1789219329,TwoSeamFastball,N,-13.89,6.62,84.71,1772.36,1768.5,99.78,10:10,1,10.2,-18.1,-,-,-,-,-2.71,-2.9,5.58,-2.16,-3.8,PitchParams@e21bb4d3-b168-4bb5-b96d-3c5c38950592,MTD-21126391717,,,,,,,,,,,,,,,-,-,Charney,high_intent,-,,
Jackson Charney,43,9/12/2026,1789219301,TwoSeamFastball,N,18.88,4.19,83,2326.06,2325.6,99.98,10:06,0.5,10.6,-14.8,-,-,-,-,-5.61,-3.05,5.56,-2.41,1.12,PitchParams@f7586083-3308-4ad3-bf9d-6332c1c3a5cf,MTD-21126391717,,,,,,,,,,,,,,,-,-,Charney,high_intent,-,,
Jackson Charney,44,9/12/2026,1789219280,TwoSeamFastball,N,-14.74,11.87,87.71,1994.14,1990.2,99.8,10:02,1,-,-,-,-,-,-,-2.53,-2.83,5.63,-2.05,-3.62,PitchParams@41ebfc0b-15c2-401c-a362-7437743b9d84,MTD-21126391717,,,,,,,,,,,,,,,-,-,Charney,high_intent,-,,
Jackson Charney,45,9/12/2026,1789219220,Slider,N,-26.45,32.3,69.37,1917.39,1579.9,82.4,3:40,1,-0.5,14,-,-,-,-,1.16,2.15,5.34,-2.33,-34.52,PitchParams@696174ad-e2b1-4eb9-90a0-5aaa08b1d209,MTD-21126391717,,,,,,,,,,,,,,,-,-,Charney,high_intent,-,,
Jackson Charney,46,9/12/2026,1789219180,TwoSeamFastball,N,-3.16,11.53,86.42,2999.3,2129.9,71.01,10:32,0.5,7.9,-16.6,-,-,-,-,-3.47,-2.32,5.53,-2.09,-44.76,PitchParams@d5fb6f01-2954-437d-8409-bbcf09fe109e,MTD-21126391717,,,,,,,,,,,,,,,-,-,Charney,high_intent,-,,
Jackson Charney,47,9/12/2026,1789219147,TwoSeamFastball,N,-24.87,13.61,85.17,2145.69,2139.3,99.7,9:56,0.5,11.7,-15.5,-,-,-,-,-1.46,-2.29,5.49,-2.14,4.43,PitchParams@545e9968-206b-48bd-b632-3813ff76225d,MTD-21126391717,,,,,,,,,,,,,,,-,-,Charney,high_intent,-,,
Jackson Charney,48,9/12/2026,1789219121,TwoSeamFastball,N,-14.47,8.85,85.64,2005.92,1983.9,98.9,10:24,1,14,-16.6,-,-,-,-,-2.46,-3.24,5.7,-2.1,-8.49,PitchParams@269a780f-5f56-4088-ae2e-f6bb681a834d,MTD-21126391717,,,,,,,,,,,,,,,-,-,Charney,high_intent,-,,
Jackson Charney,49,9/12/2026,1789219097,TwoSeamFastball,N,0.05,17.11,85.58,1910.9,1883.5,98.56,10:28,1,16.9,-13.9,-,-,-,-,-3.72,-2.67,5.62,-2.29,-9.72,PitchParams@5e7799e0-d5f8-4632-afae-2579b9be2e71,MTD-21126391717,,,,,,,,,,,,,,,-,-,Charney,high_intent,-,,
Jackson Charney,50,9/12/2026,1789219069,TwoSeamFastball,N,-10.11,29.35,87.78,1791.91,1774.7,99.04,10:16,0.5,11.4,-17.1,-,-,-,-,-3.32,-1.04,5.52,-2.5,-7.95,PitchParams@23210c51-94df-4af6-a000-644b092c2712,MTD-21126391717,,,,,,,,,,,,,,,-,-,Charney,high_intent,-,,
Jackson Charney,51,9/12/2026,1789219029,TwoSeamFastball,N,-8.91,15.69,85.21,2014.21,1989.3,98.76,10:14,1,-,-,-,-,-,-,-2.81,-2.4,5.4,-1.78,-9.02,PitchParams@b6c370bf-ef8a-449b-b891-e18d3f0c2e63,MTD-21126391717,,,,,,,,,,,,,,,-,-,Charney,high_intent,-,,
Jackson Charney,52,9/12/2026,1789219008,TwoSeamFastball,N,-15.3,14.09,85.88,1850.08,1825.3,98.66,10:30,1,10.1,-17.2,-,-,-,-,-2.42,-2.23,5.56,-2.09,-9.38,PitchParams@dfeed376-753c-4c49-9386-20bbe8de6988,MTD-21126391717,,,,,,,,,,,,,,,-,-,Charney,high_intent,-,,
Jackson Charney,53,9/12/2026,1789218991,TwoSeamFastball,Y,0.89,21.33,85.71,1763.01,1706.9,96.82,10:14,0.5,11.3,-16.8,-,-,-,-,-3.75,-1.77,5.66,-2.01,-14.49,PitchParams@8da5039c-9202-4114-b5b3-25ea6e38b08b,MTD-21126391717,,,,,,,,,,,,,,,-,-,Charney,high_intent,-,,
Jackson Charney,54,9/12/2026,1789218970,TwoSeamFastball,N,-18.76,3.38,85.47,2580.86,2564.4,99.36,9:38,0.5,9.1,-19.9,-,-,-,-,-2.55,-3.16,5.58,-2.26,6.47,PitchParams@bf34f6e0-d788-4101-bd47-5ccc63dca509,MTD-21126391717,,,,,,,,,,,,,,,-,-,Charney,high_intent,-,,
Jackson Charney,55,9/12/2026,1789218949,Slider,N,-9.41,3.08,68.75,1879.79,1611.2,85.71,10:00,0.5,-,-,-,-,-,-,-3.24,-1.52,4.96,-1.94,31,PitchParams@529dc8f6-1302-4d8c-9f33-943dbe211d82,MTD-21126391717,,,,,,,,,,,,,,,-,-,Charney,high_intent,-,,
Jackson Charney,56,9/12/2026,1789218926,ChangeUp,N,20.25,1.37,75.22,2157.36,2018.8,93.58,9:06,1,1.8,-20,-,-,-,-,-6.04,-1.78,5.65,-2.26,20.65,PitchParams@64af6cd6-2deb-474d-bd73-af5932df3561,MTD-21126391717,,,,,,,,,,,,,,,-,-,Charney,high_intent,-,,
Zachary Pia,1,9/12/2026,1789221697,Slider,Y,-6,28.4,71.63,1576.98,975.2,61.84,8:02,1,-4.7,-15.9,-,-,-,-,0.53,1.24,5.93,1.3,51.8,PitchParams@e372ee02-4965-4d19-b2f7-734f7f68f2de,MTD-21126391717,,,,,,,,,,,,,,,-,-,-,-,Papik I3,high_intent,-
Zachary Pia,2,9/12/2026,1789221674,Fastball,Y,-1.56,31.73,84.99,1897.56,1881.1,99.13,1:34,1,17.8,9.1,-,-,-,-,2.63,-2.01,6.19,1.55,7.56,PitchParams@436d94df-b5b6-4671-8c98-5e07e80be951,MTD-21126391717,,,,,,,,,,,,,,,-,-,-,-,Papik I3,high_intent,-
Zachary Pia,3,9/12/2026,1789221657,Fastball,Y,-8.82,25.39,86.69,1890.32,1831,96.86,1:16,1,16.7,8.6,-,-,-,-,3.03,-2.75,6.07,1.27,14.39,PitchParams@23747d19-ca6f-4dc0-abe5-7f470d59bbb7,MTD-21126391717,,,,,,,,,,,,,,,-,-,-,-,Papik I3,high_intent,-
Zachary Pia,4,9/12/2026,1789221619,Fastball,Y,3.1,34.61,85.7,1914.05,1852.1,96.76,1:16,1,17.6,11.2,-,-,-,-,2.35,-1.85,6.08,1.45,14.62,PitchParams@0cf21b20-9e45-4052-9f96-00e459e25855,MTD-21126391717,,,,,,,,,,,,,,,-,-,-,-,Papik I3,high_intent,-
Zachary Pia,5,9/12/2026,1789221586,Slider,N,-16.77,10.93,71.49,1520.78,962.5,63.29,8:04,1,-4.2,-6.4,-,-,-,-,2.57,-0.52,6.02,1.46,50.73,PitchParams@75f35277-81b9-43bf-a927-c93a817bb095,MTD-21126391717,,,,,,,,,,,,,,,-,-,-,-,Papik I3,high_intent,-
Zachary Pia,6,9/12/2026,1789221568,Slider,N,8.87,58.27,71.86,1526.11,1260.2,82.58,7:42,0.5,-0.8,-10.3,-,-,-,-,-0.12,3.67,5.85,1.49,34.33,PitchParams@ef663b19-f483-4597-b90c-c192ac82c0a0,MTD-21126391717,,,,,,,,,,,,,,,-,-,-,-,Papik I3,high_intent,-
Zachary Pia,7,9/12/2026,1789221536,Fastball,Y,0.95,40.09,85.67,1871.08,1850.3,98.89,1:30,0.5,15.7,8.2,-,-,-,-,2.26,-1.16,6.06,1.45,8.55,PitchParams@deb8d613-b363-4c7a-8b3c-1ebc52e7c351,MTD-21126391717,,,,,,,,,,,,,,,-,-,-,-,Papik I3,high_intent,-
Zachary Pia,8,9/12/2026,1789221521,Fastball,N,-0.94,57.79,85.71,2070.21,2008.4,97.01,1:28,0.5,16.9,9.5,-,-,-,-,2.52,0.36,6.11,1.42,14.04,PitchParams@93f1fcf5-eedd-42a3-8da4-1662dd057135,MTD-21126391717,,,,,,,,,,,,,,,-,-,-,-,Papik I3,high_intent,-
Zachary Pia,9,9/12/2026,1789221487,Fastball,N,-7.64,46.14,84.66,1738.82,1681.9,96.73,1:06,0.5,15,10.3,-,-,-,-,3.21,-0.47,6.11,1.42,14.7,PitchParams@41657678-8567-4b02-b6de-81f48b8d0b06,MTD-21126391717,,,,,,,,,,,,,,,-,-,-,-,Papik I3,high_intent,-
Zachary Pia,10,9/12/2026,1789221460,Fastball,N,21.94,43.75,85.96,-,-,-,-,0,12.4,8.6,-,-,-,-,0.26,-0.67,6.1,1.35,0,PitchParams@80da29d6-3645-46ca-84eb-1e490bd82ca4,MTD-21126391717,,,,,,,,,,,,,,,-,-,-,-,Papik I3,high_intent,-
Zachary Pia,11,9/12/2026,1789221439,Fastball,Y,8.48,32.52,85.2,-,-,-,-,0,14.8,11.5,-,-,-,-,1.75,-1.67,6.05,1.33,0,PitchParams@2d03b48d-392c-4073-9d49-2ea48f7d4d4d,MTD-21126391717,,,,,,,,,,,,,,,-,-,-,-,Papik I3,high_intent,-
Zachary Pia,1,9/12/2026,1789223135,Slider,N,3.55,17.64,70.11,1739.09,1130.3,64.99,8:02,1,-5.8,-7.8,-,-,-,-,0.5,-0.01,6.07,1.4,49.46,PitchParams@75950e60-1735-4019-b480-b552c1313d7f,MTD-21126391717,,,,,,,,,,,,,,,-,-,-,-,Pia I4,high_intent,-
Zachary Pia,2,9/12/2026,1789223116,Slider,N,5.24,46.29,85.79,1751.54,1692.8,96.64,1:04,1,14.1,8,-,-,-,-,1.94,-0.4,6.04,1.53,14.89,PitchParams@b7f13978-4218-4aea-a0cf-10a5a236f30b,MTD-21126391717,,,,,,,,,,,,,,,-,-,-,-,Pia I4,high_intent,-
Zachary Pia,3,9/12/2026,1789223091,Fastball,N,12.67,35.68,85.26,1591.52,1507.6,94.73,12:58,1,13,5.1,-,-,-,-,0.86,-1.28,6.04,1.41,18.69,PitchParams@2053f65b-fc5a-4eec-b0be-d43e45793bbb,MTD-21126391717,,,,,,,,,,,,,,,-,-,-,-,Pia I4,high_intent,-
Zachary Pia,4,9/12/2026,1789223072,Slider,Y,-1.47,30.49,71.48,1343.22,772.1,57.48,7:50,1,-1.7,-5.5,-,-,-,-,1.13,1.18,5.98,1.37,54.91,PitchParams@378d1e1d-d3cd-4e61-a8ae-7e73ee34b714,MTD-21126391717,,,,,,,,,,,,,,,-,-,-,-,Pia I4,high_intent,-
Zachary Pia,5,9/12/2026,1789223056,Slider,Y,-2.57,37.48,71.35,1464.15,884.9,60.44,8:04,1,1.4,-10.2,-,-,-,-,0.72,1.51,6.05,1.28,52.82,PitchParams@056bb4d2-df22-479a-9b0f-52846ab08beb,MTD-21126391717,,,,,,,,,,,,,,,-,-,-,-,Pia I4,high_intent,-
Zachary Pia,6,9/12/2026,1789223037,Fastball,N,8.63,58.8,86.95,1911.36,1799,94.12,1:26,1,15.2,8.5,-,-,-,-,1.53,0.56,6.06,1.4,19.74,PitchParams@b052eeeb-2037-4126-9f21-a45ffb16dbc2,MTD-21126391717,,,,,,,,,,,,,,,-,-,-,-,Pia I4,high_intent,-
Zachary Pia,7,9/12/2026,1789223004,Slider,Y,-1,29.88,72.88,1457.72,1074,73.68,7:32,1,-5.7,-11.1,-,-,-,-,0.51,1.24,5.97,1.31,42.54,PitchParams@8c1af371-0eee-430d-8539-e98e44367249,MTD-21126391717,,,,,,,,,,,,,,,-,-,-,-,Pia I4,high_intent,-
Zachary Pia,8,9/12/2026,1789222978,Fastball,Y,0.41,26.82,85.26,1783.83,1724.9,96.7,1:18,1,16.4,7.6,-,-,-,-,2.17,-2.53,6.07,1.35,14.77,PitchParams@597aba33-05a6-4f95-b021-352aea8f2fb0,MTD-21126391717,,,,,,,,,,,,,,,-,-,-,-,Pia I4,high_intent,-
Zachary Pia,9,9/12/2026,1789222954,Fastball,Y,-6.55,32.09,84.17,1671.56,1599.5,95.69,1:16,1,13.8,7.3,-,-,-,-,2.74,-1.72,6.06,1.3,16.88,PitchParams@8b123a50-2530-4e42-b322-632e2c053c22,MTD-21126391717,,,,,,,,,,,,,,,-,-,-,-,Pia I4,high_intent,-
Zachary Pia,10,9/12/2026,1789222934,Fastball,Y,-9.15,28.79,85.54,1905.29,1816.4,95.34,1:42,0.5,14.2,6.5,-,-,-,-,3,-2.09,6.1,1.41,17.57,PitchParams@644462b0-3f37-4190-9a8d-943e627c06f0,MTD-21126391717,,,,,,,,,,,,,,,-,-,-,-,Pia I4,high_intent,-
Zachary Pia,11,9/12/2026,1789222916,Fastball,N,-7.65,42.24,85.92,1833.98,1764.1,96.19,1:16,1,15.5,8.6,-,-,-,-,3.04,-0.94,6.03,1.4,15.87,PitchParams@e7f07fb9-1697-47a5-9d7e-2fd16a663265,MTD-21126391717,,,,,,,,,,,,,,,-,-,-,-,Pia I4,high_intent,-
Zachary Pia,12,9/12/2026,1789222899,Slider,Y,8.52,41.04,70.87,1297.87,949.9,73.19,7:34,1,-5.3,-10.9,-,-,-,-,-0.37,2.36,6.01,1.28,42.95,PitchParams@3163d5c7-c25c-4825-aac7-f51fef949981,MTD-21126391717,,,,,,,,,,,,,,,-,-,-,-,Pia I4,high_intent,-
Zachary Pia,13,9/12/2026,1789222862,Fastball,Y,9.23,38.07,86,1667.76,1624.6,97.41,1:20,1,16.6,5.7,-,-,-,-,1.11,-1.51,6.11,1.3,13.06,PitchParams@2291568e-c2bb-45ee-a0ea-bceb26b7fc58,MTD-21126391717,,,,,,,,,,,,,,,-,-,-,-,Pia I4,high_intent,-
Zachary Pia,14,9/12/2026,1789222829,Fastball,Y,4.03,31.88,85.61,2091.71,2028.1,96.96,1:22,1,-,-,-,-,-,-,2.67,-1.75,6.16,1.52,14.16,PitchParams@ae46f82b-d89b-4763-9c58-20d712a84bd4,MTD-21126391717,,,,,,,,,,,,,,,-,-,-,-,Pia I4,high_intent,-
Zachary Pia,15,9/12/2026,1789222812,Fastball,N,-6.12,10.89,84.68,1985.17,1932.8,97.36,1:20,1,19,11.4,-,-,-,-,3.09,-3.9,6.2,1.4,13.19,PitchParams@57e529f2-4c6e-45de-a792-7decfee55177,MTD-21126391717,,,,,,,,,,,,,,,-,-,-,-,Pia I4,high_intent,-
Zachary Pia,16,9/12/2026,1789222795,Fastball,Y,-6.12,34.54,83.08,1931.36,1886.1,97.66,12:58,1,15.4,9.9,-,-,-,-,2.89,-1.58,5.99,1.26,12.42,PitchParams@acc842f8-4b69-4f9f-b7d5-e4346705b026,MTD-21126391717,,,,,,,,,,,,,,,-,-,-,-,Pia I4,high_intent,-
Zachary Pia,17,9/12/2026,1789222765,Fastball,N,29.71,43.92,85.25,1984.39,1942.2,97.87,1:04,1,19.1,9.8,-,-,-,-,-0.3,-1.13,6.1,1.38,11.83,PitchParams@02da2af8-a6b8-4cac-9742-1a88d725ec71,MTD-21126391717,,,,,,,,,,,,,,,-,-,-,-,Pia I4,high_intent,-
Zachary Pia,18,9/12/2026,1789222749,Slider,N,-22.54,8.25,72.56,1533.96,982.2,64.03,8:02,1,5.4,-7.6,-,-,-,-,2.98,-1.83,6.04,1.44,50.18,PitchParams@376d768d-7d60-4179-b223-8de0425905ed,MTD-21126391717,,,,,,,,,,,,,,,-,-,-,-,Pia I4,high_intent,-
Zachary Pia,19,9/12/2026,1789222732,Slider,N,10.85,51.13,72.42,1411.56,846.2,59.95,8:06,1,-1.3,-5.9,-,-,-,-,0.04,2.88,5.95,1.43,53.17,PitchParams@5758582f-17ee-4447-9e3c-c9e0ad6c78a3,MTD-21126391717,,,,,,,,,,,,,,,-,-,-,-,Pia I4,high_intent,-
Zachary Pia,20,9/12/2026,1789222707,Slider,Y,-4.31,22.41,72.02,1269.21,910.8,71.76,7:36,1,-1.8,-8.5,-,-,-,-,1.12,0.25,6,1.36,44.14,PitchParams@6a222af0-2c66-4b4d-ba98-11c56de003a5,MTD-21126391717,,,,,,,,,,,,,,,-,-,-,-,Pia I4,high_intent,-
Zachary Pia,21,9/12/2026,1789222689,Fastball,Y,6.4,39.32,84.65,1817.09,1742.5,95.89,1:20,1,15.6,7,-,-,-,-,1.61,-1.13,6.05,1.41,16.48,PitchParams@16da353b-55bb-4693-9513-545a1f2cb275,MTD-21126391717,,,,,,,,,,,,,,,-,-,-,-,Pia I4,high_intent,-
Zachary Pia,22,9/12/2026,1789222670,Slider,N,24.32,72.7,72.88,1661.74,897.5,54.01,8:06,0.5,-8.8,-11.2,-,-,-,-,-1.73,5.42,6.02,1.39,57.31,PitchParams@5270b1c1-5be9-42c4-9a6d-c702be2105fc,MTD-21126391717,,,,,,,,,,,,,,,-,-,-,-,Pia I4,high_intent,-
Zachary Pia,23,9/12/2026,1789222655,Fastball,Y,-1.41,26.86,85.72,-,-,-,-,0,16.1,7.7,-,-,-,-,2.39,-2.44,6.07,1.4,0,PitchParams@b0338d2c-92a8-47b6-b415-57b1b3fd3774,MTD-21126391717,,,,,,,,,,,,,,,-,-,-,-,Pia I4,high_intent,-
Zach Papik,1,9/12/2026,1789222528,Fastball,Y,5.82,33.96,81.05,2030.79,1972.3,97.12,1:00,1,12.2,14.7,-,-,-,-,2.33,-1.82,6.77,1.38,13.79,PitchParams@c86fe7f5-2be0-4790-8ca5-01c56ee28cd8,MTD-21126391717,,,,,,,,,,,,,,,-,-,-,-,Pia I3,high_intent,-
Zach Papik,2,9/12/2026,1789222504,Slider,N,-28.77,-8.14,75.34,2163.5,1306.3,60.38,7:22,1,-3.8,-4.4,-,-,-,-,4.19,-3.3,6.7,1.86,52.86,PitchParams@404f74ac-5d4c-4eaa-add4-24e023dad5d4,MTD-21126391717,,,,,,,,,,,,,,,-,-,-,-,Pia I3,high_intent,-
Zach Papik,3,9/12/2026,1789222490,Fastball,Y,-5.15,29.8,82.55,2011.31,1945.4,96.72,1:00,1,13.9,14.1,-,-,-,-,3.42,-2.51,6.79,1.5,14.71,PitchParams@b10983d3-1280-4008-9c83-c772321182a9,MTD-21126391717,,,,,,,,,,,,,,,-,-,-,-,Pia I3,high_intent,-
Zach Papik,4,9/12/2026,1789222440,Fastball,Y,1.18,21.95,79.62,1985.15,1834,92.38,1:14,1,13.6,6,-,-,-,-,2.25,-3.08,6.75,1.62,22.51,PitchParams@675edaa6-a3f8-430d-a502-f043ff46d115,MTD-21126391717,,,,,,,,,,,,,,,-,-,-,-,Pia I3,high_intent,-
Zach Papik,5,9/12/2026,1789222419,Fastball,Y,-0.71,30.44,81.67,2031.2,1874.3,92.27,1:28,0.5,15.5,7.4,-,-,-,-,2.68,-2.43,6.68,1.75,22.67,PitchParams@94bea778-943e-4f4a-bf8e-a4558444d70d,MTD-21126391717,,,,,,,,,,,,,,,-,-,-,-,Pia I3,high_intent,-
Zach Papik,6,9/12/2026,1789222398,Fastball,N,-14.85,33.81,82.58,2121.91,2036.4,95.97,1:04,1,17.4,3.8,-,-,-,-,3.35,-2.37,6.73,1.49,16.32,PitchParams@7e2eb775-202c-4c7e-9c19-ad65b505a584,MTD-21126391717,,,,,,,,,,,,,,,-,-,-,-,Pia I3,high_intent,-
Zach Papik,7,9/12/2026,1789222375,Fastball,N,1.61,58.2,81.31,-,-,-,-,0,14.5,5.2,-,-,-,-,2.06,0.17,6.69,1.54,0,PitchParams@884f3cc3-c9e6-4c24-bcd5-5abfffebc84d,MTD-21126391717,,,,,,,,,,,,,,,-,-,-,-,Pia I3,high_intent,-
Zach Papik,8,9/12/2026,1789222352,Slider,N,-24.24,11.21,74.77,2404.54,1427.4,59.36,7:16,1,-4.9,-9.4,-,-,-,-,3.33,-1.52,6.6,1.76,53.59,PitchParams@4d4d12ea-bf5e-4c4f-8cdd-444adaf1dc37,MTD-21126391717,,,,,,,,,,,,,,,-,-,-,-,Pia I3,high_intent,-
Zach Papik,9,9/12/2026,1789222318,Slider,N,-12.37,27.87,74.94,2369.28,1434.7,60.55,7:20,1,-1.3,-8.7,-,-,-,-,2.28,-0.26,6.62,1.78,52.73,PitchParams@9e7548f9-189b-400c-a378-0ed40eaccac3,MTD-21126391717,,,,,,,,,,,,,,,-,-,-,-,Pia I3,high_intent,-
Zach Papik,10,9/12/2026,1789222291,Fastball,Y,-6.65,25.68,82.21,2029.72,1241,61.14,2:20,1,13.9,5,-,-,-,-,2.96,-2.85,6.72,1.69,52.31,PitchParams@9cebdab3-dc1c-4d62-9bd4-e28fe581feef,MTD-21126391717,,,,,,,,,,,,,,,-,-,-,-,Pia I3,high_intent,-
Zach Papik,11,9/12/2026,1789222264,Fastball,Y,-5.49,23.41,82.24,1973.76,1907.7,96.65,1:14,1,16.8,6.5,-,-,-,-,2.86,-3.35,6.83,1.6,14.86,PitchParams@e2e789e2-fb42-4820-967c-765e12000d88,MTD-21126391717,,,,,,,,,,,,,,,-,-,-,-,Pia I3,high_intent,-
Zach Papik,12,9/12/2026,1789222245,Fastball,N,-10.35,20.01,81.17,1966.46,1815.5,92.32,1:02,1,14.9,9.1,-,-,-,-,3.7,-3.43,6.75,1.71,22.6,PitchParams@fbfb925c-4620-4c6a-99c6-714484f9be4f,MTD-21126391717,,,,,,,,,,,,,,,-,-,-,-,Pia I3,high_intent,-
Zach Papik,13,9/12/2026,1789222207,Fastball,N,9.87,48.56,83.03,1625.57,1540.9,94.79,12:58,0.5,10.8,12.5,-,-,-,-,2.09,-0.56,6.75,1.65,18.57,PitchParams@cdb5e51a-4317-409e-bcf8-a3211bff58fa,MTD-21126391717,,,,,,,,,,,,,,,-,-,-,-,Pia I3,high_intent,-
Zach Papik,14,9/12/2026,1789222185,Slider,N,-5.93,17.3,72.16,2417.4,1215,50.26,7:26,1,-4.9,-8,-,-,-,-,1.97,-0.75,6.47,1.96,59.83,PitchParams@a1b65b37-070e-4815-b568-cf1c420c528c,MTD-21126391717,,,,,,,,,,,,,,,-,-,-,-,Pia I3,high_intent,-
Zach Papik,15,9/12/2026,1789222142,Fastball,Y,-1.4,34.37,82.61,1130.53,1128.2,99.79,2:02,0.5,12.7,7.3,-,-,-,-,2.83,-1.86,6.65,1.85,3.71,PitchParams@8ae6cce2-6735-4acd-8b24-693f5f05f87d,MTD-21126391717,,,,,,,,,,,,,,,-,-,-,-,Pia I3,high_intent,-
Zach Papik,16,9/12/2026,1789222125,Slider,Y,-6.74,31.01,76.04,2412.04,1445.1,59.91,7:18,1,0.1,-5.4,-,-,-,-,2.31,-0.22,6.67,2.01,53.19,PitchParams@d4fab2f1-6da2-4a3d-934a-bdd2ac5e34bd,MTD-21126391717,,,,,,,,,,,,,,,-,-,-,-,Pia I3,high_intent,-
Zach Papik,17,9/12/2026,1789222082,Fastball,N,-18.58,27.15,82.31,1998.26,1883.6,94.26,1:02,1,10.6,12.4,-,-,-,-,4.69,-2.46,6.68,1.62,19.5,PitchParams@03dc8860-b112-44fd-9caa-a782fab1baea,MTD-21126391717,,,,,,,,,,,,,,,-,-,-,-,Pia I3,high_intent,-
Zach Papik,18,9/12/2026,1789222037,Fastball,N,3.19,42.19,80.67,2225.51,2103.9,94.53,12:48,1,16.9,7.8,-,-,-,-,2.24,-1.4,6.78,1.67,19.03,PitchParams@669cbcf2-ac38-49c6-8918-176acc0f8dc0,MTD-21126391717,,,,,,,,,,,,,,,-,-,-,-,Pia I3,high_intent,-
Zach Papik,19,9/12/2026,1789222019,Slider,N,-23.72,26.32,72.94,2412.6,1570.3,65.09,7:32,0.5,-1.6,-3.9,-,-,-,-,3.75,0.02,6.53,1.83,49.39,PitchParams@e2a221aa-ba5d-4efe-af79-72a32eb40bf5,MTD-21126391717,,,,,,,,,,,,,,,-,-,-,-,Pia I3,high_intent,-
Zach Papik,20,9/12/2026,1789221987,Fastball,N,1.23,45.53,83.56,2107.19,1968.1,93.4,1:30,0.5,14.9,7.8,-,-,-,-,2.53,-1.14,6.68,1.74,20.94,PitchParams@0b7939c0-3f8e-4bf7-96b3-c3e5da11362a,MTD-21126391717,,,,,,,,,,,,,,,-,-,-,-,Pia I3,high_intent,-
Zach Papik,21,9/12/2026,1789221973,Fastball,Y,-5.91,40.59,84.24,2198.14,2033.5,92.51,12:58,1,17.4,9.5,-,-,-,-,3.17,-1.86,6.72,1.6,22.32,PitchParams@72435052-7480-4b3f-9083-8f56c70f965a,MTD-21126391717,,,,,,,,,,,,,,,-,-,-,-,Pia I3,high_intent,-
Zach Papik,22,9/12/2026,1789221955,Slider,N,-14.47,10.38,76.04,2584.13,1723.3,66.69,7:06,0.5,-6.4,-7.6,-,-,-,-,2.42,-1.47,6.65,1.64,48.17,PitchParams@90b05994-04da-4298-96d1-60ee018041eb,MTD-21126391717,,,,,,,,,,,,,,,-,-,-,-,Pia I3,high_intent,-
Zach Papik,23,9/12/2026,1789221922,Fastball,Y,-1.75,40.64,83.67,-,-,-,-,0,17.9,7.7,-,-,-,-,2.83,-1.74,6.7,1.77,0,PitchParams@9fa6cd5a-d974-4c8d-a990-dd8e123eabf2,MTD-21126391717,,,,,,,,,,,,,,,-,-,-,-,Pia I3,high_intent,-
Peyton Larrabee,1,9/12/2026,1789224742,Slider,Y,5.87,29.86,77,2351.69,1091.1,46.4,8:00,1,-2.5,-6,-,-,-,-,0.97,0.18,6.2,1.86,62.36,PitchParams@22374703-e974-4eee-a3f3-183b94a4de6d,MTD-21126391717,,,,,,,,,,,,,,,-,-,-,-,Larrabee,high_intent,-
Peyton Larrabee,2,9/12/2026,1789224716,Fastball,Y,-7.25,29,84.83,2282.67,2139.5,93.73,1:22,1,12.9,8.1,-,-,-,-,3.5,-2.24,6.34,1.87,20.4,PitchParams@4d462e05-1786-45c1-9e50-2c7b4c2208c5,MTD-21126391717,,,,,,,,,,,,,,,-,-,-,-,Larrabee,high_intent,-
Peyton Larrabee,3,9/12/2026,1789224697,Fastball,N,-17.46,22.01,85.54,2465.77,2423.4,98.28,12:38,0.5,12.9,8.9,-,-,-,-,4.35,-3.03,6.43,1.74,-10.64,PitchParams@891e83ad-49a1-4bfc-99a0-9c5be788a122,MTD-21126391717,,,,,,,,,,,,,,,-,-,-,-,Larrabee,high_intent,-
Peyton Larrabee,4,9/12/2026,1789224681,Slider,Y,-5.43,18.01,78.48,2202.01,964.3,43.79,7:44,1,-2.3,-2.3,-,-,-,-,2.46,-1.03,6.19,1.97,64.03,PitchParams@b8602ebf-a3ae-431f-8708-a7430bcbeb19,MTD-21126391717,,,,,,,,,,,,,,,-,-,-,-,Larrabee,high_intent,-
Peyton Larrabee,5,9/12/2026,1789224664,Fastball,N,3.8,43,85.61,2233.31,2066.8,92.54,1:24,0.5,14,6.8,-,-,-,-,2.26,-1.08,6.37,1.81,22.27,PitchParams@a488a6f3-1ce7-4599-b61f-4638edcf9f00,MTD-21126391717,,,,,,,,,,,,,,,-,-,-,-,Larrabee,high_intent,-
Peyton Larrabee,6,9/12/2026,1789224635,Fastball,N,19.55,43.29,84.96,2238.16,2116.2,94.55,1:26,1,10.7,10.3,-,-,-,-,1.09,-0.72,6.36,1.75,19,PitchParams@f709d88b-3ce4-4e83-be24-0dec6c8e68fb,MTD-21126391717,,,,,,,,,,,,,,,-,-,-,-,Larrabee,high_intent,-
Peyton Larrabee,7,9/12/2026,1789224616,Fastball,N,11.51,54.13,84.71,2209.11,2078.4,94.08,1:26,1,13.7,8.4,-,-,-,-,1.84,-0.03,6.41,1.92,19.81,PitchParams@d4fc7bc8-f872-4ec9-b3bf-bb97f020ee7b,MTD-21126391717,,,,,,,,,,,,,,,-,-,-,-,Larrabee,high_intent,-
Peyton Larrabee,8,9/12/2026,1789224597,Slider,N,17.66,58.37,76.69,2195.87,1198.1,54.56,8:12,1,1,-2.6,-,-,-,-,0.18,2.68,6.1,1.86,56.93,PitchParams@28c45fd0-6ef1-4753-ad92-9a86d3d506b3,MTD-21126391717,,,,,,,,,,,,,,,-,-,-,-,Larrabee,high_intent,-
Peyton Larrabee,9,9/12/2026,1789224571,Fastball,N,10.84,35,85.54,2287,2144.1,93.75,1:30,1,14.8,9.5,-,-,-,-,1.79,-1.99,6.44,1.73,20.36,PitchParams@f6749090-f4de-4d7f-b156-489a9fb01714,MTD-21126391717,,,,,,,,,,,,,,,-,-,-,-,Larrabee,high_intent,-
Peyton Larrabee,10,9/12/2026,1789224551,Fastball,N,-23.39,30.59,85.31,2244.86,2065.4,92.01,1:36,1,12.2,6.2,-,-,-,-,4.67,-1.99,6.34,1.77,23.06,PitchParams@123afa66-c353-44f7-a769-7b72f0ae392a,MTD-21126391717,,,,,,,,,,,,,,,-,-,-,-,Larrabee,high_intent,-
Peyton Larrabee,11,9/12/2026,1789224522,Fastball,Y,4.84,18.44,85.14,2249.77,2094.6,93.1,1:34,1,14.2,8.2,-,-,-,-,2.38,-3.29,6.3,1.88,21.4,PitchParams@54b12457-2821-4e58-92e1-a6b089c7c50a,MTD-21126391717,,,,,,,,,,,,,,,-,-,-,-,Larrabee,high_intent,-
Peyton Larrabee,12,9/12/2026,1789224501,Fastball,N,12.19,39.67,85.56,2346.41,2200.8,93.8,1:26,1,13,12.3,-,-,-,-,2.08,-1.31,6.37,1.87,20.29,PitchParams@46b6275c-76ce-4728-b728-fa9f753486b9,MTD-21126391717,,,,,,,,,,,,,,,-,-,-,-,Larrabee,high_intent,-
Peyton Larrabee,13,9/12/2026,1789224475,Fastball,N,-19.93,14.28,85.76,2378.79,2223.3,93.46,1:22,0.5,13.4,11.1,-,-,-,-,4.85,-3.71,6.36,1.78,20.83,PitchParams@c42be48a-d796-44cc-9c79-7ddb0228ba69,MTD-21126391717,,,,,,,,,,,,,,,-,-,-,-,Larrabee,high_intent,-
Peyton Larrabee,14,9/12/2026,1789224451,Fastball,N,-23.5,20.02,84.99,2557.08,1582.4,61.88,1:32,1,18.2,9.5,-,-,-,-,5.13,-3.61,6.36,1.88,-51.77,PitchParams@a6d89eb1-ebd0-46f5-9e56-540e3995a389,MTD-21126391717,,,,,,,,,,,,,,,-,-,-,-,Larrabee,high_intent,-
Peyton Larrabee,15,9/12/2026,1789224432,Fastball,Y,-7.8,18.84,85.17,2264.92,2091.5,92.34,1:28,1,10.1,7.5,-,-,-,-,3.54,-2.95,6.36,1.92,22.57,PitchParams@689c78c2-b6a7-49dd-8096-35c897effb05,MTD-21126391717,,,,,,,,,,,,,,,-,-,-,-,Larrabee,high_intent,-
Peyton Larrabee,16,9/12/2026,1789224411,Fastball,Y,4.97,37.85,85.84,2259.98,2108.2,93.29,1:26,1,11.3,9.3,-,-,-,-,2.41,-1.31,6.35,1.82,21.11,PitchParams@90bc4ab5-f1a4-453f-b774-a76d1cd20ca0,MTD-21126391717,,,,,,,,,,,,,,,-,-,-,-,Larrabee,high_intent,-
Peyton Larrabee,17,9/12/2026,1789224360,Fastball,N,-13.51,19.99,85.57,2213.86,2051.2,92.65,1:34,1,13.5,8.4,-,-,-,-,3.96,-3.1,6.32,1.76,22.1,PitchParams@4d26df5c-9ed7-4cbc-9683-53f7332e57a8,MTD-21126391717,,,,,,,,,,,,,,,-,-,-,-,Larrabee,high_intent,-
Peyton Larrabee,18,9/12/2026,1789224338,Fastball,N,-10.74,23.07,84.1,2249.8,2082.7,92.57,1:30,1,17.2,6,-,-,-,-,3.61,-3.03,6.31,1.88,22.22,PitchParams@3061adda-4801-49fa-9246-26de17d0b4bf,MTD-21126391717,,,,,,,,,,,,,,,-,-,-,-,Larrabee,high_intent,-
Peyton Larrabee,19,9/12/2026,1789224316,Fastball,N,-7,17.65,85.18,2246.55,2096.8,93.33,1:20,1,13.2,8.5,-,-,-,-,3.39,-3.28,6.33,1.77,21.04,PitchParams@1d168f68-65d2-457f-a5c5-419689eb6945,MTD-21126391717,,,,,,,,,,,,,,,-,-,-,-,Larrabee,high_intent,-
Peyton Larrabee,20,9/12/2026,1789224297,Fastball,Y,-4.58,38.46,84.58,2204.02,2067.6,93.81,1:24,1,13.8,6.5,-,-,-,-,2.99,-1.39,6.36,1.78,20.26,PitchParams@306a133b-c76c-490b-a93e-a2da975618bf,MTD-21126391717,,,,,,,,,,,,,,,-,-,-,-,Larrabee,high_intent,-
Peyton Larrabee,21,9/12/2026,1789224275,Fastball,N,-18.5,26.69,85.07,2189.13,2041.6,93.26,1:30,1,14.2,7,-,-,-,-,4.16,-2.64,6.4,1.63,21.16,PitchParams@ff30d469-25d2-4492-9009-35f3530fb55e,MTD-21126391717,,,,,,,,,,,,,,,-,-,-,-,Larrabee,high_intent,-
Peyton Larrabee,22,9/12/2026,1789224258,Slider,N,-19.96,24.95,77.08,2343.2,1462.4,62.41,7:58,1,-3.9,-2.7,-,-,-,-,3.66,-0.14,6.16,1.89,51.38,PitchParams@0013e8b2-c386-4e0a-8f41-c9cf8f49e56f,MTD-21126391717,,,,,,,,,,,,,,,-,-,-,-,Larrabee,high_intent,-
Peyton Larrabee,23,9/12/2026,1789224227,Fastball,N,-6.29,14.25,83.97,2215.89,2121.2,95.73,1:38,1,11.9,10.1,-,-,-,-,3.21,-3.31,6.45,1.62,16.81,PitchParams@61b46290-89ba-4817-bcfd-cbe662768cf0,MTD-21126391717,,,,,,,,,,,,,,,-,-,-,-,Larrabee,high_intent,-
Peyton Larrabee,24,9/12/2026,1789224201,Fastball,N,-22.85,14.76,83.87,2310.7,2073.9,89.75,12:48,1,10.7,4.6,-,-,-,-,4.4,-3.26,6.36,1.7,26.16,PitchParams@caf2af2f-19e9-4924-9f36-5ecec0257054,MTD-21126391717,,,,,,,,,,,,,,,-,-,-,-,Larrabee,high_intent,-
Peyton Larrabee,25,9/12/2026,1789224180,Fastball,N,-11.25,14.26,85.49,2265.51,2099.3,92.66,1:32,1,10.5,10.9,-,-,-,-,3.93,-3.49,6.32,1.67,22.08,PitchParams@38abf752-9607-483c-b699-9b41d1580fb6,MTD-21126391717,,,,,,,,,,,,,,,-,-,-,-,Larrabee,high_intent,-
Peyton Larrabee,26,9/12/2026,1789224163,Fastball,N,-10.42,36.7,84.77,2279.62,2110,92.56,1:32,1,8.6,7.7,-,-,-,-,3.55,-1.13,6.37,1.7,22.24,PitchParams@974c3bef-03e5-459e-a11a-2be69ca1143c,MTD-21126391717,,,,,,,,,,,,,,,-,-,-,-,Larrabee,high_intent,-
Peyton Larrabee,27,9/12/2026,1789224145,Slider,N,-21.97,12.14,76.36,2314.97,1427.2,61.65,7:50,1,-4.7,-5,-,-,-,-,3.53,-0.97,6.22,1.86,51.94,PitchParams@ef9fcd5f-3a5e-4523-afad-a5f43ab7f073,MTD-21126391717,,,,,,,,,,,,,,,-,-,-,-,Larrabee,high_intent,-
Peyton Larrabee,28,9/12/2026,1789224105,Slider,Y,3.78,24.41,75.17,2403.08,1473.4,61.31,8:00,1,-4.2,-5.6,-,-,-,-,1.23,0.1,6.12,1.89,52.18,PitchParams@d2d4d5f4-dca3-4c19-8f50-7084f2f35fd4,MTD-21126391717,,,,,,,,,,,,,,,-,-,-,-,Larrabee,high_intent,-
Peyton Larrabee,29,9/12/2026,1789224082,Slider,Y,-0.39,38.95,75.26,2278.45,1460.4,64.1,8:08,1,-5.1,-7.9,-,-,-,-,1.32,1.54,6.06,1.82,50.14,PitchParams@d494dc64-b736-4854-8214-9c0fd332945b,MTD-21126391717,,,,,,,,,,,,,,,-,-,-,-,Larrabee,high_intent,-
Peyton Larrabee,30,9/12/2026,1789224057,Fastball,Y,7.36,34.19,83.37,2191.64,2060.5,94.01,1:28,1,14.5,10.9,-,-,-,-,2.29,-1.86,6.37,1.77,19.92,PitchParams@084938db-6a82-4007-8932-4d303c993f8a,MTD-21126391717,,,,,,,,,,,,,,,-,-,-,-,Larrabee,high_intent,-
Peyton Larrabee,31,9/12/2026,1789224034,Fastball,N,-23.63,8.18,84.49,2170.84,1985.4,91.46,1:20,0.5,18.7,7.7,-,-,-,-,4.59,-4.56,6.39,1.56,23.86,PitchParams@694b0cdb-25c1-495e-8bc6-c11d5003f3fb,MTD-21126391717,,,,,,,,,,,,,,,-,-,-,-,Larrabee,high_intent,-
Peyton Larrabee,32,9/12/2026,1789223998,Fastball,N,22.58,48.99,83.44,-,-,-,-,0,14.9,9.2,-,-,-,-,0.67,-0.45,6.39,1.72,0,PitchParams@1da85b5a-2ecb-408f-bf6d-94236423acbf,MTD-21126391717,,,,,,,,,,,,,,,-,-,-,-,Larrabee,high_intent,-
Colin Stowell,1,9/12/2026,1789225581,Fastball,Y,3.24,36.7,84.81,2171.57,2114.6,97.38,1:24,1,15.8,13,-,-,-,-,2.63,-1.27,5.83,1.54,13.15,PitchParams@749da3c5-5177-4aff-8129-affd5faf92cf,MTD-21126391717,,,,,,,,,,,,,,,-,-,Stowell Second,high_intent,-,,
Colin Stowell,2,9/12/2026,1789225550,ChangeUp,N,23.75,17.39,74.89,1844.48,1842,99.87,2:38,0.5,7.8,13.1,-,-,-,-,1.72,-0.58,5.13,2.43,-2.97,PitchParams@5103f437-8618-47c7-832d-6acbe74cc0d0,MTD-21126391717,,,,,,,,,,,,,,,-,-,Stowell Second,high_intent,-,,
Colin Stowell,3,9/12/2026,1789225534,ChangeUp,N,17.88,33.52,73.28,1640.41,1590.8,96.97,3:04,0.5,3.2,12.9,-,-,-,-,2.21,1.6,5.04,2.4,14.13,PitchParams@b19605ab-e991-4dbe-837f-68ccb22689d4,MTD-21126391717,,,,,,,,,,,,,,,-,-,Stowell Second,high_intent,-,,
Colin Stowell,4,9/12/2026,1789225505,Slider,Y,4.3,37.08,73.86,1935.53,557.4,28.8,8:42,1,3.9,-2.4,-,-,-,-,1.67,1.7,5.24,2.07,73.26,PitchParams@2009a060-05a2-4030-8f8b-8dd4c7957c98,MTD-21126391717,,,,,,,,,,,,,,,-,-,Stowell Second,high_intent,-,,
Colin Stowell,5,9/12/2026,1789225488,Fastball,N,17.26,38.68,82.13,1968.59,1968.5,100,2:04,1,13.1,12.4,-,-,-,-,1.86,-0.07,5.34,2.07,-0.5,PitchParams@5e577c65-be7e-4645-8294-b72cf1a93bd2,MTD-21126391717,,,,,,,,,,,,,,,-,-,Stowell Second,high_intent,-,,
Colin Stowell,6,9/12/2026,1789225472,Slider,Y,-2.22,25.7,73.81,2542.24,603.4,23.74,9:20,1,0.1,-3.8,-,-,-,-,2.13,0.7,5.48,2.04,76.27,PitchParams@e3108d18-e9e6-4f7e-8b7a-f1a8bba31a55,MTD-21126391717,,,,,,,,,,,,,,,-,-,Stowell Second,high_intent,-,,
Colin Stowell,7,9/12/2026,1789225433,Fastball,Y,6.28,40.27,80.91,1797.12,1794.5,99.85,2:08,1,12.2,12.4,-,-,-,-,2.65,0.35,5.37,1.95,-3.12,PitchParams@b2e907f9-e42a-452e-a42a-4d48e5688703,MTD-21126391717,,,,,,,,,,,,,,,-,-,Stowell Second,high_intent,-,,
Colin Stowell,8,9/12/2026,1789225402,Slider,N,26.49,47.34,72.84,1817.43,595.3,32.75,9:42,1,3.6,-2.9,-,-,-,-,-0.39,2.73,5.3,2.09,70.88,PitchParams@5c08a37d-ff2b-4a18-a3b7-e837be828a9e,MTD-21126391717,,,,,,,,,,,,,,,-,-,Stowell Second,high_intent,-,,
Colin Stowell,9,9/12/2026,1789225384,Slider,N,15.8,41.1,74.1,1972.52,614.4,31.15,9:24,1,0.5,-3.5,-,-,-,-,0.36,2.2,5.34,1.93,71.85,PitchParams@33b2e697-ac58-449b-9aa1-7c4da5c01900,MTD-21126391717,,,,,,,,,,,,,,,-,-,Stowell Second,high_intent,-,,
Colin Stowell,10,9/12/2026,1789225363,Slider,N,-12.6,30.57,75.23,2141.93,486.1,22.69,8:52,1,3.9,-2.3,-,-,-,-,2.99,0.66,5.4,1.82,76.88,PitchParams@0cf2a374-8b0a-4248-a486-e86a34ef081b,MTD-21126391717,,,,,,,,,,,,,,,-,-,Stowell Second,high_intent,-,,
Colin Stowell,11,9/12/2026,1789225344,Slider,Y,2.65,20.31,73.98,2106.34,448.7,21.3,9:16,1,2.7,-5.1,-,-,-,-,1.64,0.06,5.38,2.13,77.7,PitchParams@08f20013-c927-466d-b3c2-09618657328d,MTD-21126391717,,,,,,,,,,,,,,,-,-,Stowell Second,high_intent,-,,
Colin Stowell,12,9/12/2026,1789225319,Fastball,N,8.66,58.02,86.73,2186.21,2075.4,94.93,1:30,0.5,14.8,11.5,-,-,-,-,2.07,0.89,5.8,1.64,18.32,PitchParams@491129fa-5a02-488b-8514-9c89fc5e5e68,MTD-21126391717,,,,,,,,,,,,,,,-,-,Stowell Second,high_intent,-,,
Colin Stowell,13,9/12/2026,1789225294,Fastball,N,10.45,30.21,85.43,2299.73,2243.4,97.55,1:20,1,14.2,11.9,-,-,-,-,2.2,-1.54,5.71,1.87,12.71,PitchParams@43921deb-761e-480f-84b2-72b715ed858e,MTD-21126391717,,,,,,,,,,,,,,,-,-,Stowell Second,high_intent,-,,
Colin Stowell,14,9/12/2026,1789225275,Slider,Y,-2.14,22.4,71.93,-,-,-,-,0,5.7,-1.1,-,-,-,-,2.48,0.34,5.28,2.14,0,PitchParams@95690b19-0456-4ad6-aefa-02d5ebeda3dc,MTD-21126391717,,,,,,,,,,,,,,,-,-,Stowell Second,high_intent,-,,
Colin Stowell,15,9/12/2026,1789225252,TwoSeamFastball,Y,7.17,39.07,81.38,2032.93,2032.9,100,2:04,1,11.8,13.5,-,-,-,-,3.15,0.32,5.25,2.3,0.36,PitchParams@4968e1ab-d026-41f0-9a52-d3931cd07eec,MTD-21126391717,,,,,,,,,,,,,,,-,-,Stowell Second,high_intent,-,,
Colin Stowell,16,9/12/2026,1789225214,Fastball,Y,3.53,31.3,81.94,2049.69,2049,99.97,2:00,1,13.6,12,-,-,-,-,3.16,-0.82,5.39,2.13,1.5,PitchParams@4c1a4460-a777-46de-91ef-8aba74d2e50f,MTD-21126391717,,,,,,,,,,,,,,,-,-,Stowell Second,high_intent,-,,
Colin Stowell,17,9/12/2026,1789225164,Slider,Y,6.57,40.05,74.74,2170.11,633.1,29.18,9:24,1,4.1,-3.3,-,-,-,-,1.42,1.68,5.43,2.11,73.04,PitchParams@5bdb3966-8ba8-44fd-b240-c3ef87ab94fc,MTD-21126391717,,,,,,,,,,,,,,,-,-,Stowell Second,high_intent,-,,
Colin Stowell,18,9/12/2026,1789225120,Fastball,N,25.67,32.14,83.66,2178.74,2153.6,98.85,1:30,1,15.6,13.4,-,-,-,-,0.82,-1.4,5.8,1.77,8.7,PitchParams@fcd15b24-fd21-4d10-9ba2-37a62f7c6df4,MTD-21126391717,,,,,,,,,,,,,,,-,-,Stowell Second,high_intent,-,,
Colin Stowell,19,9/12/2026,1789225101,Slider,N,20.4,44.05,73.17,2065.65,569.7,27.58,9:02,1,2.5,-4,-,-,-,-,0.15,2.46,5.37,2.17,73.99,PitchParams@d0ba686a-db7b-40cc-986b-281c85fe3907,MTD-21126391717,,,,,,,,,,,,,,,-,-,Stowell Second,high_intent,-,,
Colin Stowell,20,9/12/2026,1789225082,TwoSeamFastball,N,1.38,12.48,81.18,2106.93,2106.1,99.96,2:02,1,11.8,14.8,-,-,-,-,3.6,-2.23,5.37,2.14,1.57,PitchParams@4b3f4af7-69a9-451c-870d-03b1e3036997,MTD-21126391717,,,,,,,,,,,,,,,-,-,Stowell Second,high_intent,-,,
Colin Stowell,21,9/12/2026,1789225064,Slider,N,19.62,43.85,74.97,2480.32,748.5,30.18,8:52,1,4.2,-4.2,-,-,-,-,0.26,2.09,5.36,2.21,72.44,PitchParams@e7fdf1a4-0219-42b4-817b-04d80af012a5,MTD-21126391717,,,,,,,,,,,,,,,-,-,Stowell Second,high_intent,-,,
Colin Stowell,22,9/12/2026,1789225045,Slider,N,10.39,31.08,73.88,2045.2,578.2,28.27,8:48,1,3.3,-3.5,-,-,-,-,1.16,1.05,5.39,2.2,73.58,PitchParams@27e90883-da68-49da-b49f-d94bc1ccbf4c,MTD-21126391717,,,,,,,,,,,,,,,-,-,Stowell Second,high_intent,-,,
Colin Stowell,23,9/12/2026,1789225008,TwoSeamFastball,N,25.16,37.89,81.73,2046.12,2044.9,99.94,2:02,1,10.8,16.8,-,-,-,-,1.73,0.24,5.31,2.26,1.96,PitchParams@99d59adc-c48b-4876-9a7a-b96b1e0c6d2a,MTD-21126391717,,,,,,,,,,,,,,,-,-,Stowell Second,high_intent,-,,
Colin Stowell,24,9/12/2026,1789224992,TwoSeamFastball,N,24.29,42.59,80.57,2172.42,2171.8,99.97,2:24,1,8.9,17.1,-,-,-,-,1.8,1.16,5.1,2.22,1.32,PitchParams@f0338b4c-1247-4b07-a652-d3211e80d4e5,MTD-21126391717,,,,,,,,,,,,,,,-,-,Stowell Second,high_intent,-,,
Colin Stowell,25,9/12/2026,1789224971,Slider,N,39.94,25.67,70.02,-,-,-,-,0,-1.4,-2.6,-,-,-,-,-1.46,1.68,5.17,2.22,0,PitchParams@db305b86-8837-43d3-a4bb-f6095703001d,MTD-21126391717,,,,,,,,,,,,,,,-,-,Stowell Second,high_intent,-,,
Colin Stowell,26,9/12/2026,1789224933,ChangeUp,N,33.35,29.15,71.85,-,-,-,-,0,2.3,15.2,-,-,-,-,1.07,1.62,4.95,2.47,0,PitchParams@31d1c37b-1847-40ca-b8eb-14e601da57f0,MTD-21126391717,,,,,,,,,,,,,,,-,-,Stowell Second,high_intent,-,,
Colin Stowell,27,9/12/2026,1789223724,ChangeUp,Y,5.69,34.19,74.45,1755.86,1749.8,99.65,2:28,1,9.7,16.1,-,-,-,-,3.49,0.91,5.16,2.31,4.77,PitchParams@b5d1cca5-e463-474b-8b27-ac7aa3c93606,MTD-21126391717,,,,,,,,,,,,,,,-,-,Stowell I4,high_intent,-,,
Colin Stowell,28,9/12/2026,1789223695,Fastball,Y,-0.23,35.68,84.85,2200.94,2102.2,95.51,1:30,1,15.2,12,-,-,-,-,3.33,-1.09,5.69,1.98,17.23,PitchParams@411ddcf8-423e-497c-80e4-a8046a9d3a74,MTD-21126391717,,,,,,,,,,,,,,,-,-,Stowell I4,high_intent,-,,
Colin Stowell,29,9/12/2026,1789223676,Slider,N,-10.56,18.87,75.49,-,-,-,-,0,2.7,-2.4,-,-,-,-,3.23,-0.1,5.23,2.24,0,PitchParams@d3f922d4-4b76-41e5-9c7a-17b4f3585fd8,MTD-21126391717,,,,,,,,,,,,,,,-,-,Stowell I4,high_intent,-,,
Colin Stowell,30,9/12/2026,1789223658,TwoSeamFastball,Y,-5.68,18.55,84.63,2276.23,2275.8,99.98,2:10,1,12.9,14.1,-,-,-,-,4.24,-1.87,5.41,2.28,1.11,PitchParams@1bf83d01-228d-42c4-839a-3e4cac40fad3,MTD-21126391717,,,,,,,,,,,,,,,-,-,Stowell I4,high_intent,-,,
Colin Stowell,31,9/12/2026,1789223641,Slider,Y,2.9,36.82,74.37,2161.89,589.6,27.27,9:06,1,0,-6.4,-,-,-,-,1.48,1.91,5.32,2.12,74.17,PitchParams@9f61a876-f2e6-424f-9799-29853bb5bb51,MTD-21126391717,,,,,,,,,,,,,,,-,-,Stowell I4,high_intent,-,,
Colin Stowell,32,9/12/2026,1789223596,Fastball,N,11.36,23.36,84.6,2028.2,1945.8,95.94,1:36,1,13.3,10.5,-,-,-,-,2.16,-1.86,5.59,2.03,16.39,PitchParams@0947ee72-b535-459e-ad00-75041c2232bd,MTD-21126391717,,,,,,,,,,,,,,,-,-,Stowell I4,high_intent,-,,
Colin Stowell,33,9/12/2026,1789223549,Fastball,N,10.53,34.68,84.02,2067.87,2045.3,98.91,1:44,0.5,14.8,9.5,-,-,-,-,2.27,-1.07,5.77,2.14,8.47,PitchParams@c888993e-1ebe-4bbb-a909-dffb2237b2f7,MTD-21126391717,,,,,,,,,,,,,,,-,-,Stowell I4,high_intent,-,,
Colin Stowell,34,9/12/2026,1789223524,Slider,Y,6.55,26.28,71.35,1874.07,573.4,30.6,8:50,1,1.6,-4.3,-,-,-,-,1.49,1.21,5.32,2.26,72.18,PitchParams@31797b0c-b132-4c8f-8f93-6ffd55466f24,MTD-21126391717,,,,,,,,,,,,,,,-,-,Stowell I4,high_intent,-,,
Colin Stowell,35,9/12/2026,1789223499,TwoSeamFastball,N,27.56,44.82,79.88,1999.05,1999,100,2:06,1,8.7,12.6,-,-,-,-,1.23,1.3,5.39,2.38,0.48,PitchParams@a8560c75-8587-4b26-9f5a-5ca6e22aae87,MTD-21126391717,,,,,,,,,,,,,,,-,-,Stowell I4,high_intent,-,,
Colin Stowell,36,9/12/2026,1789223479,Fastball,N,30.84,58.45,82.89,2048.58,2010.8,98.16,1:22,1,16.6,13.2,-,-,-,-,0.67,0.84,5.85,2.07,11.02,PitchParams@0db47575-0434-400b-a4ce-392ab85b8655,MTD-21126391717,,,,,,,,,,,,,,,-,-,Stowell I4,high_intent,-,,
Colin Stowell,37,9/12/2026,1789223457,Fastball,N,22.26,48.81,80.78,1952.21,1952.2,100,2:02,1,11,11.4,-,-,-,-,1.48,1.17,5.46,2.24,0.42,PitchParams@e38a5e61-e926-4f5b-9abe-c1b23b9fcef4,MTD-21126391717,,,,,,,,,,,,,,,-,-,Stowell I4,high_intent,-,,
Colin Stowell,38,9/12/2026,1789223426,TwoSeamFastball,Y,-0.84,19.05,83.81,1913.83,1912.2,99.92,1:58,1,12.9,14.2,-,-,-,-,3.8,-1.74,5.43,2.27,2.35,PitchParams@5bcf6890-5486-40d4-8d72-c05b43d5f90f,MTD-21126391717,,,,,,,,,,,,,,,-,-,Stowell I4,high_intent,-,,
Colin Stowell,39,9/12/2026,1789223411,Slider,N,18.75,38.11,72.83,2050.06,760.8,37.11,8:42,1,-0.1,-3.2,-,-,-,-,0.54,2.16,5.34,2.32,68.22,PitchParams@d27474db-e8f5-4400-abc8-1d888b37ef7a,MTD-21126391717,,,,,,,,,,,,,,,-,-,Stowell I4,high_intent,-,,
Colin Stowell,40,9/12/2026,1789223396,Fastball,N,14.23,50.53,86.2,2270.25,2226.9,98.09,1:06,1,15.8,10.4,-,-,-,-,1.58,-0.07,5.95,1.76,11.22,PitchParams@14a9ae8e-d5fe-412e-b354-4707d5952fce,MTD-21126391717,,,,,,,,,,,,,,,-,-,Stowell I4,high_intent,-,,
Colin Stowell,41,9/12/2026,1789223382,Slider,N,19.79,35.61,74.06,1978.24,607.7,30.72,9:02,1,0.7,-4.3,-,-,-,-,0.33,1.67,5.32,2.3,72.11,PitchParams@ffaf6937-c7f8-4180-84ed-c285306eba0f,MTD-21126391717,,,,,,,,,,,,,,,-,-,Stowell I4,high_intent,-,,
Colin Stowell,42,9/12/2026,1789223371,TwoSeamFastball,N,-4.99,43.31,83.06,2077.74,1273.7,61.3,2:06,0.5,9.7,15,-,-,-,-,4.3,0.61,5.4,2.23,-52.19,PitchParams@5a709ce2-eacf-4c9e-8064-2fe8755cd666,MTD-21126391717,,,,,,,,,,,,,,,-,-,Stowell I4,high_intent,-,,
Colin Stowell,43,9/12/2026,1789223353,Slider,N,11.96,29.69,71.66,-,-,-,-,0,1.9,-3.3,-,-,-,-,1.08,1.2,5.37,2.25,0,PitchParams@c9beb61e-67c6-4782-8b3d-c13d07d789a8,MTD-21126391717,,,,,,,,,,,,,,,-,-,Stowell I4,high_intent,-,,
Max Berberian,1,9/12/2026,1789226303,CurveBall,N,-6.22,8.34,77.14,2197.54,1602.4,72.92,7:44,1,-6.5,-8.3,-,-,-,-,0.35,-1.09,5.98,0.49,43.18,PitchParams@43e109a6-6dfb-4a54-8470-1491f62b64e4,MTD-21126391717,,,,,,,,,,,,,,,-,-,Berberian,high_intent,-,,
Max Berberian,2,9/12/2026,1789226279,Fastball,Y,2.94,29.62,83.76,2067.33,1886.8,91.27,12:04,0.5,13.9,3.3,-,-,-,-,0.82,-1.63,5.92,0.72,24.12,PitchParams@3a692f09-e0f2-4c6b-b523-9c2054ec9db3,MTD-21126391717,,,,,,,,,,,,,,,-,-,Berberian,high_intent,-,,
Max Berberian,3,9/12/2026,1789226265,CurveBall,N,-4.16,14.96,75.71,2347.33,1557,66.33,8:08,1,-6.5,-6.5,-,-,-,-,0.62,-0.27,5.85,0.76,48.45,PitchParams@7400bd4b-f98e-4db2-b39c-3b9d8d2ffd80,MTD-21126391717,,,,,,,,,,,,,,,-,-,Berberian,high_intent,-,,
Max Berberian,4,9/12/2026,1789226248,Fastball,Y,-6.31,32.85,83.19,1834.64,1699.9,92.66,12:06,1,13.6,1.6,-,-,-,-,1.51,-1.16,5.88,0.72,22.1,PitchParams@16a3de39-2aaf-4a47-94cd-36e7aa3a665d,MTD-21126391717,,,,,,,,,,,,,,,-,-,Berberian,high_intent,-,,
Max Berberian,5,9/12/2026,1789226234,CurveBall,N,20.7,38.29,73.37,2065.86,1221,59.11,8:10,1,-5.3,-6.7,-,-,-,-,-1.58,2.02,5.89,0.84,53.77,PitchParams@a144242a-7340-43fe-bb4b-a95a48cf6224,MTD-21126391717,,,,,,,,,,,,,,,-,-,Berberian,high_intent,-,,
Max Berberian,6,9/12/2026,1789226200,Fastball,Y,-3.04,39.44,85.66,1992.42,1859.6,93.34,11:56,1,-,-,-,-,-,-,-0.31,0.45,5.7,0.6,21.04,PitchParams@9a964b7b-3a75-45ae-9b47-7d46185ffd11,MTD-21126391717,,,,,,,,,,,,,,,-,-,Berberian,high_intent,-,,
Max Berberian,7,9/12/2026,1789226171,Fastball,N,-2.86,47.57,82.76,2143.37,1954.7,91.2,12:06,1,13.2,-0.2,-,-,-,-,1.14,0.3,5.77,0.81,24.22,PitchParams@c943c65d-79c0-40a1-b5ec-60c4669fa621,MTD-21126391717,,,,,,,,,,,,,,,-,-,Berberian,high_intent,-,,
Max Berberian,8,9/12/2026,1789226148,CurveBall,N,4.89,-9.83,75.22,2348.92,1689.6,71.93,6:56,1,-11.2,-5.5,-,-,-,-,-0.27,-2.21,5.98,0.62,44,PitchParams@5b3b82e0-4c3b-445a-a393-9eca37fed510,MTD-21126391717,,,,,,,,,,,,,,,-,-,Berberian,high_intent,-,,
Max Berberian,9,9/12/2026,1789226131,Fastball,N,4.24,42.19,84.05,1965.94,1834.5,93.31,12:04,1,12.8,-0.9,-,-,-,-,0.4,-0.45,5.92,0.8,21.07,PitchParams@f27545ad-7e52-44ff-89e3-1cceae07a52c,MTD-21126391717,,,,,,,,,,,,,,,-,-,Berberian,high_intent,-,,
Max Berberian,10,9/12/2026,1789226111,CurveBall,N,-8.65,13.36,76.21,2128.09,1439.8,67.66,8:04,1,-4.9,-7,-,-,-,-,1.01,-0.69,5.75,0.77,47.42,PitchParams@b7d4d3c8-3ba5-4f64-9611-d9356b12d976,MTD-21126391717,,,,,,,,,,,,,,,-,-,Berberian,high_intent,-,,
Max Berberian,11,9/12/2026,1789226090,CurveBall,N,10.66,26.89,74.6,2131.9,1483.7,69.6,7:42,1,-12.1,-8.7,-,-,-,-,-0.95,2.24,5.64,0.68,45.9,PitchParams@b6d4c420-0121-43f9-beb1-58d45d140824,MTD-21126391717,,,,,,,,,,,,,,,-,-,Berberian,high_intent,-,,
Max Berberian,12,9/12/2026,1789226076,CurveBall,Y,8.77,29.94,72.05,2000.62,1448.9,72.42,7:36,1,-8.8,-6.3,-,-,-,-,-0.56,1.92,5.84,0.74,43.6,PitchParams@fd33a7eb-d2a9-4731-b17b-cab53ca6cfc0,MTD-21126391717,,,,,,,,,,,,,,,-,-,Berberian,high_intent,-,,
Max Berberian,13,9/12/2026,1789226042,Fastball,Y,4.71,23.49,82.63,2053.69,1873.7,91.23,12:02,1,11.6,2.5,-,-,-,-,0.92,-1.82,5.75,1.01,24.17,PitchParams@5d724b36-ea91-4067-bae8-a771f9e395d6,MTD-21126391717,,,,,,,,,,,,,,,-,-,Berberian,high_intent,-,,
Max Berberian,14,9/12/2026,1789226026,Fastball,N,17.75,39.63,83.48,2173.46,1991.9,91.65,12:02,1,10.6,0.8,-,-,-,-,-0.4,-0.29,5.84,1.04,23.58,PitchParams@eb1e665b-81cb-4815-96a0-317580cb83b5,MTD-21126391717,,,,,,,,,,,,,,,-,-,Berberian,high_intent,-,,
Max Berberian,15,9/12/2026,1789225998,Fastball,N,1.47,3.78,83.52,1826.36,1740.4,95.29,12:06,1,11.3,3.4,-,-,-,-,0.99,-3.69,5.9,0.74,17.65,PitchParams@4b8b8443-dec2-4a0c-a8c5-1f3b7a3041f6,MTD-21126391717,,,,,,,,,,,,,,,-,-,Berberian,high_intent,-,,
Max Berberian,16,9/12/2026,1789225957,Fastball,Y,-5,31.1,84.49,1933.53,1759.4,90.99,12:04,1,13.1,1,-,-,-,-,1.54,-1.4,5.87,0.9,24.5,PitchParams@0bf322f4-0f34-4138-a668-ca33297bd4e5,MTD-21126391717,,,,,,,,,,,,,,,-,-,Berberian,high_intent,-,,
Max Berberian,17,9/12/2026,1789225940,Fastball,N,16.97,40.81,81.51,1941.48,1775.4,91.45,12:04,1,11.3,3.7,-,-,-,-,-0.27,-0.13,5.82,0.87,23.87,PitchParams@7da01ea9-03ae-42b8-8137-a9499f01233e,MTD-21126391717,,,,,,,,,,,,,,,-,-,Berberian,high_intent,-,,
Max Berberian,18,9/12/2026,1789225928,CurveBall,N,-13.31,23.41,75.07,2083.38,1550.8,74.44,7:36,1,-8.1,-7.8,-,-,-,-,1.55,0.87,5.8,0.96,41.89,PitchParams@b7a7fbf5-0839-49e7-90ad-9c8b13c0e733,MTD-21126391717,,,,,,,,,,,,,,,-,-,Berberian,high_intent,-,,
Max Berberian,19,9/12/2026,1789225890,Fastball,Y,-4.12,31.06,86.23,1963.79,1819.6,92.66,12:12,1,-,-,-,-,-,-,0.99,-1.54,5.93,0.79,22.09,PitchParams@70536486-5485-4557-ad23-9ef8b9ca1b04,MTD-21126391717,,,,,,,,,,,,,,,-,-,Berberian,high_intent,-,,
Max Berberian,20,9/12/2026,1789225874,CurveBall,N,-2.7,15.19,75.85,2227.37,1621.9,72.82,7:30,1,-9.2,-9,-,-,-,-,0.13,-0.17,5.87,0.64,43.27,PitchParams@194fd873-d5cd-440b-aa07-f264db78b5c3,MTD-21126391717,,,,,,,,,,,,,,,-,-,Berberian,high_intent,-,,
Max Berberian,21,9/12/2026,1789225858,Fastball,N,-15.01,24.72,83.61,1948.24,1806.5,92.73,12:04,1,9.2,-0.9,-,-,-,-,2.13,-1.5,5.8,0.76,21.99,PitchParams@8532f7c7-b946-4f3a-94dd-27906abc5be0,MTD-21126391717,,,,,,,,,,,,,,,-,-,Berberian,high_intent,-,,
Max Berberian,22,9/12/2026,1789225838,Fastball,Y,-5.97,31.22,84.63,1993.82,1873.5,93.96,12:40,1,16,3.9,-,-,-,-,1.83,-1.62,5.87,0.85,20.01,PitchParams@8e44086d-b6ef-4b08-95c5-cf69ca9b739a,MTD-21126391717,,,,,,,,,,,,,,,-,-,Berberian,high_intent,-,,
Max Berberian,23,9/12/2026,1789225822,Fastball,N,-23.64,8.02,84.74,2133.92,2000.5,93.75,12:32,1,19.5,2.2,-,-,-,-,3.18,-4.14,5.96,0.75,20.37,PitchParams@11b5accb-1fdb-45d3-8a58-c7bf56ed0072,MTD-21126391717,,,,,,,,,,,,,,,-,-,Berberian,high_intent,-,,
Max Berberian,24,9/12/2026,1789225810,Fastball,N,13.57,31.48,85.27,-,-,-,-,0,-,-,-,-,-,-,0.33,-2.85,5.92,0.75,0,PitchParams@7ece1d19-0f58-4481-8290-b48fab3bfa54,MTD-21126391717,,,,,,,,,,,,,,,-,-,Berberian,high_intent,-,,
Braden Fields,1,9/12/2026,1789227196,Slider,N,12.57,23.22,68.97,2012.97,1451.7,72.12,7:44,1,-6.8,-4.1,-,-,-,-,0.52,1.15,6,1.86,43.85,PitchParams@cce2153d-8da0-47a0-819c-6bff0ef9230b,MTD-21126391717,,,,,,,,,,,,,,,-,-,Fields,high_intent,-,,
Braden Fields,2,9/12/2026,1789227177,Fastball,N,-6.71,46.31,81.86,2385.16,2120.5,88.91,12:08,0.5,12.8,0,-,-,-,-,2.36,-0.19,6.31,1.61,27.25,PitchParams@f5a0e18f-8381-4809-98f8-6cc33276ce94,MTD-21126391717,,,,,,,,,,,,,,,-,-,Fields,high_intent,-,,
Braden Fields,3,9/12/2026,1789227137,Slider,Y,1.14,24.5,74.42,2144.99,744,34.68,7:56,1,0.4,-3.1,-,-,-,-,1.61,-0.09,6.08,1.82,69.71,PitchParams@010c168a-8a2c-4159-a6b7-e78d975cbc7f,MTD-21126391717,,,,,,,,,,,,,,,-,-,Fields,high_intent,-,,
Braden Fields,4,9/12/2026,1789227083,Fastball,Y,2.89,21.89,81.58,2234.81,2009.8,89.93,12:36,1,8.9,1.4,-,-,-,-,1.8,-1.86,6.14,1.78,25.93,PitchParams@7c5f512d-9b27-4d46-9fc7-13e2594aaf5e,MTD-21126391717,,,,,,,,,,,,,,,-,-,Fields,high_intent,-,,
Braden Fields,5,9/12/2026,1789227035,Slider,Y,-0.38,36.92,74.4,2226.02,629.9,28.3,8:18,1,0.8,-4.9,-,-,-,-,1.53,1.01,6,1.77,73.56,PitchParams@4a34b363-5311-4d6f-9c5a-2efa2718fedc,MTD-21126391717,,,,,,,,,,,,,,,-,-,Fields,high_intent,-,,
Braden Fields,6,9/12/2026,1789226989,Slider,Y,8.6,35.35,70.4,1875.74,1375.4,73.33,7:36,1,-2.5,-12.5,-,-,-,-,0.02,1.88,5.97,1.77,42.84,PitchParams@37603f26-c1a4-43e3-8ad3-1e7165d522be,MTD-21126391717,,,,,,,,,,,,,,,-,-,Fields,high_intent,-,,
Braden Fields,7,9/12/2026,1789226967,Slider,Y,2.96,34.22,69.88,2005.09,1439.9,71.81,7:20,1,-7.7,-12.1,-,-,-,-,0.65,2.4,5.9,1.85,44.1,PitchParams@1c557d2f-8988-4411-844a-f9455f31e281,MTD-21126391717,,,,,,,,,,,,,,,-,-,Fields,high_intent,-,,
Braden Fields,8,9/12/2026,1789226926,Slider,N,10.67,31.11,72.72,1969.58,795.2,40.37,7:40,1,0,-3.7,-,-,-,-,0.75,0.75,6.01,1.87,66.19,PitchParams@77242858-7132-443a-a8d3-d86c9fda9860,MTD-21126391717,,,,,,,,,,,,,,,-,-,Fields,high_intent,-,,
Braden Fields,9,9/12/2026,1789226901,Slider,N,27.88,57.19,74.5,2255.65,850.2,37.69,7:54,1,-1.1,-3.2,-,-,-,-,-0.82,2.94,6.15,1.84,67.86,PitchParams@00d6ee6d-641b-48cb-b568-2b06f884419a,MTD-21126391717,,,,,,,,,,,,,,,-,-,Fields,high_intent,-,,
Braden Fields,10,9/12/2026,1789226858,Fastball,Y,2.14,32.55,82.04,2189.71,1972,90.06,12:50,1,13.4,6.5,-,-,-,-,2.19,-1.39,6.2,1.65,25.77,PitchParams@fb1e96cb-a2f4-49de-88b3-ec5b6e1baf84,MTD-21126391717,,,,,,,,,,,,,,,-,-,Fields,high_intent,-,,
Braden Fields,11,9/12/2026,1789226834,Slider,Y,7.99,30.62,73.99,2138.5,759.6,35.52,8:40,1,-0.5,-5.7,-,-,-,-,0.65,0.68,6.01,1.74,69.19,PitchParams@e847b8c0-d8af-4bf6-89d9-ac257cb95749,MTD-21126391717,,,,,,,,,,,,,,,-,-,Fields,high_intent,-,,
Braden Fields,12,9/12/2026,1789226817,Fastball,N,-12.78,36.22,83.21,2285.31,2053.8,89.87,12:52,1,16.7,3.6,-,-,-,-,3.34,-1.42,6.24,1.71,26.01,PitchParams@da11b6fe-41dc-42ea-bb62-8216d3c2617a,MTD-21126391717,,,,,,,,,,,,,,,-,-,Fields,high_intent,-,,
Braden Fields,13,9/12/2026,1789226776,ChangeUp,N,19.08,22.92,78.7,1843.91,1704.6,92.45,1:36,1,6.6,16.3,-,-,-,-,2.28,-0.8,5.66,2.29,22.41,PitchParams@e3ab211d-7694-4251-b9e7-7ca67806b388,MTD-21126391717,,,,,,,,,,,,,,,-,-,Fields,high_intent,-,,
Braden Fields,14,9/12/2026,1789226758,Fastball,N,14.32,27.29,83.07,2327.59,2115.7,90.9,12:48,1,13.9,0.1,-,-,-,-,0.64,-2.23,6.23,1.76,24.64,PitchParams@eb7d2ac4-baeb-495a-97c4-b8dc42cf24b0,MTD-21126391717,,,,,,,,,,,,,,,-,-,Fields,high_intent,-,,
Braden Fields,15,9/12/2026,1789226741,Fastball,Y,-4.45,31.56,81.4,2384.07,2095.4,87.89,12:02,1,9.8,0.3,-,-,-,-,2.27,-1.16,6.25,1.69,28.49,PitchParams@a1f3502b-c14b-45c5-a9dc-122a867d2c0a,MTD-21126391717,,,,,,,,,,,,,,,-,-,Fields,high_intent,-,,
Braden Fields,16,9/12/2026,1789226715,ChangeUp,N,20.18,32.74,79.63,811.01,808.4,99.67,1:10,0.5,7.9,11.7,-,-,-,-,1.72,-0.13,5.66,2.26,-4.63,PitchParams@d4eef932-97b7-496a-96fe-a99ce6116811,MTD-21126391717,,,,,,,,,,,,,,,-,-,Fields,high_intent,-,,
Braden Fields,17,9/12/2026,1789226665,Slider,Y,6.75,32.53,72,2112.76,1575.8,74.59,7:34,1,-,-,-,-,-,-,-0.11,2.59,5.94,1.87,41.77,PitchParams@15b0e093-dbe6-4712-b896-19b35dd69a61,MTD-21126391717,,,,,,,,,,,,,,,-,-,Fields,high_intent,-,,
Braden Fields,18,9/12/2026,1789226627,Fastball,Y,-2.17,41.53,81.61,2105.23,1909.4,90.7,12:34,1,11.3,4.1,-,-,-,-,2.33,-0.52,6.33,1.6,24.91,PitchParams@e3d51f57-c765-4787-9e7c-f88f7d5f3323,MTD-21126391717,,,,,,,,,,,,,,,-,-,Fields,high_intent,-,,
Braden Fields,19,9/12/2026,1789226594,Slider,N,13.13,44.18,73.71,2265.27,1236.9,54.6,8:04,1,-0.2,-4.3,-,-,-,-,0.22,1.91,6.03,1.65,56.9,PitchParams@13579667-6179-4ce1-a939-e614ed8716db,MTD-21126391717,,,,,,,,,,,,,,,-,-,Fields,high_intent,-,,
Braden Fields,20,9/12/2026,1789226578,Fastball,N,14.19,38.61,81.71,2263.16,2065,91.24,12:58,1,15.1,6.5,-,-,-,-,1.19,-1.13,6.21,1.71,24.16,PitchParams@cde899ae-ab1e-4f0b-bbe4-40fd29f6d476,MTD-21126391717,,,,,,,,,,,,,,,-,-,Fields,high_intent,-,,
Braden Fields,21,9/12/2026,1789226545,Fastball,Y,-1.79,32.33,81.83,2488.21,2245.9,90.26,12:52,1,13.3,0.7,-,-,-,-,1.92,-1.62,6.26,1.54,25.5,PitchParams@aba8c889-8082-4213-b7f3-0029f1712007,MTD-21126391717,,,,,,,,,,,,,,,-,-,Fields,high_intent,-,,
Braden Fields,22,9/12/2026,1789226531,Slider,N,-10.31,18.48,69.97,2053.82,1471.8,71.66,7:36,1,-0.8,-12.7,-,-,-,-,1.55,0.09,6.07,1.62,44.22,PitchParams@cac3c258-110a-4b68-967b-f45ed01665bd,MTD-21126391717,,,,,,,,,,,,,,,-,-,Fields,high_intent,-,,
Braden Fields,23,9/12/2026,1789226515,Fastball,N,-12.92,14.93,82,-,-,-,-,0,10.6,3.6,-,-,-,-,3.33,-3.01,6.24,1.62,0,PitchParams@dec0d1ef-d2d0-47c7-b227-b33d6b656bf3,MTD-21126391717,,,,,,,,,,,,,,,-,-,Fields,high_intent,-,,
Jack Johnson,1,9/12/2026,1789228247,CurveBall,Y,-8.5,37.87,65.56,2342.05,2023.6,86.4,4:16,1,-9.4,13.5,-,-,-,-,-0.4,3.56,5.76,-2.2,-30.23,PitchParams@bf716dde-28ab-42cd-b242-90cdd1afd348,MTD-21126391717,,,,,,,,,,,,,,,-,-,Johnson,high_intent,-,,
Jack Johnson,2,9/12/2026,1789228228,Fastball,N,-14.08,33.63,77.93,1847.7,1793.1,97.04,11:00,1,18.3,-10.6,-,-,-,-,-2.28,-1.37,6.1,-2.36,-13.97,PitchParams@7600867a-7470-42b8-964e-f9ba8bbe1ccf,MTD-21126391717,,,,,,,,,,,,,,,-,-,Johnson,high_intent,-,,
Jack Johnson,3,9/12/2026,1789228186,CurveBall,N,-27.48,56.26,66.71,2492.41,2032.1,81.53,5:04,0.5,-9.2,15.5,-,-,-,-,1.48,4.96,5.92,-2.22,-35.38,PitchParams@4b06c159-626c-4119-adc3-3f3de80327db,MTD-21126391717,,,,,,,,,,,,,,,-,-,Johnson,high_intent,-,,
Jack Johnson,4,9/12/2026,1789228171,Fastball,N,-11.47,40.64,78.61,1967.49,1837.4,93.39,12:46,1,11.1,-5.4,-,-,-,-,-2.21,-0.07,6,-2.5,-20.96,PitchParams@e866ac08-fec9-493a-8a73-d5e7bd3ecfd9,MTD-21126391717,,,,,,,,,,,,,,,-,-,Johnson,high_intent,-,,
Jack Johnson,5,9/12/2026,1789228156,Fastball,N,-17.49,39.08,79.14,1929.62,1822.3,94.44,11:04,1,15.9,-6.8,-,-,-,-,-1.71,-0.78,6.12,-2.44,-19.2,PitchParams@1fe38e42-836d-44ed-8b19-e44015226915,MTD-21126391717,,,,,,,,,,,,,,,-,-,Johnson,high_intent,-,,
Jack Johnson,6,9/12/2026,1789228116,Fastball,Y,-9.01,26.27,78.53,1959.93,1814.9,92.6,1:20,1,15.7,-3.8,-,-,-,-,-2.23,-1.84,6.03,-2.45,-22.18,PitchParams@2b9bb67f-0dd8-4935-b00a-5f94c7fa9a56,MTD-21126391717,,,,,,,,,,,,,,,-,-,Johnson,high_intent,-,,
Jack Johnson,7,9/12/2026,1789228101,Fastball,Y,-5.36,33.83,78.39,2095.17,1898.8,90.63,12:46,1,17.1,-4,-,-,-,-,-2.45,-1.22,6.04,-2.34,-25.01,PitchParams@27436892-c2be-489b-8ce6-6f43b54d22a5,MTD-21126391717,,,,,,,,,,,,,,,-,-,Johnson,high_intent,-,,
Jack Johnson,8,9/12/2026,1789228083,Fastball,Y,7.65,21.1,78.89,1948.51,1818.2,93.31,11:04,1,11.9,-6.3,-,-,-,-,-4.1,-2.02,6.08,-2.55,-21.07,PitchParams@124e7896-b6a6-4bd1-9d24-847f06083034,MTD-21126391717,,,,,,,,,,,,,,,-,-,Johnson,high_intent,-,,
Jack Johnson,9,9/12/2026,1789228068,Fastball,N,-23.13,33.89,77.82,2009.85,1898.6,94.47,12:38,1,17.7,-5.3,-,-,-,-,-1.08,-1.17,6.03,-2.47,-19.15,PitchParams@332fda57-a51e-4b2a-bcf7-aa8983f0281b,MTD-21126391717,,,,,,,,,,,,,,,-,-,Johnson,high_intent,-,,
Jack Johnson,10,9/12/2026,1789228045,CurveBall,N,36.09,16.65,66.82,2233.22,1949.8,87.31,4:18,1,-6.4,17,-,-,-,-,-4.22,0.95,5.98,-2.22,-29.18,PitchParams@29c9ef5e-8a32-477e-8d7f-bc90e30cd997,MTD-21126391717,,,,,,,,,,,,,,,-,-,Johnson,high_intent,-,,
Jack Johnson,11,9/12/2026,1789228006,CurveBall,Y,-6.12,28.8,65.75,2285.41,2137.4,93.53,4:40,1,-9.6,11.5,-,-,-,-,-0.94,2.65,5.96,-2.33,-20.73,PitchParams@13f84ee0-4ff8-46f8-98f9-d63e0045438f,MTD-21126391717,,,,,,,,,,,,,,,-,-,Johnson,high_intent,-,,
Jack Johnson,12,9/12/2026,1789227990,CurveBall,N,-17.17,42.25,66.78,2235.19,1923.9,86.07,4:20,0.5,-9.8,11,-,-,-,-,0.16,3.6,5.96,-2.2,-30.6,PitchParams@a843ecd8-fceb-41bd-a1ec-aaa561b135bb,MTD-21126391717,,,,,,,,,,,,,,,-,-,Johnson,high_intent,-,,
Jack Johnson,13,9/12/2026,1789227974,Fastball,Y,-6.71,30.95,77.95,1959.37,1842.6,94.04,12:54,1,16.4,-4.3,-,-,-,-,-2.63,-1.48,6.08,-2.58,-19.88,PitchParams@493b4a0e-01a9-4f67-ab54-f5266648e85d,MTD-21126391717,,,,,,,,,,,,,,,-,-,Johnson,high_intent,-,,
Jack Johnson,14,9/12/2026,1789227958,CurveBall,N,5.35,14.34,66.69,2440.23,2146.1,87.95,4:26,1,-7,11.8,-,-,-,-,-1.89,0.88,5.94,-2.27,-28.42,PitchParams@00b25b2c-4018-4040-bc83-6a688ec04f5d,MTD-21126391717,,,,,,,,,,,,,,,-,-,Johnson,high_intent,-,,
Jack Johnson,15,9/12/2026,1789227944,CurveBall,Y,-7.61,27.06,66.27,2242.67,1822.5,81.26,4:12,1,-7.5,12.1,-,-,-,-,-0.66,2.08,5.93,-2.24,-35.65,PitchParams@76db118e-569a-4126-b256-2373b80feb22,MTD-21126391717,,,,,,,,,,,,,,,-,-,Johnson,high_intent,-,,
Jack Johnson,16,9/12/2026,1789227927,Fastball,N,-13.9,26.13,78,2002.68,1928.9,96.32,10:44,0.5,17.1,-8.3,-,-,-,-,-2.28,-2.01,6.08,-2.52,-15.6,PitchParams@3f6946f1-7d48-4b89-a5b0-86457402c011,MTD-21126391717,,,,,,,,,,,,,,,-,-,Johnson,high_intent,-,,
Jack Johnson,17,9/12/2026,1789227874,Fastball,Y,2.18,20.44,78.92,-,-,-,-,0,13.7,-7.5,-,-,-,-,-3.49,-2.33,6.14,-2.35,0,PitchParams@4206d6bc-13a2-4412-8f63-bb80207864cf,MTD-21126391717,,,,,,,,,,,,,,,-,-,Johnson,high_intent,-,,
Aidan Thomas,1,9/12/2026,1789227621,Slider,N,-14.7,30.37,74.59,2047.65,1108,54.11,2:18,1,3.1,9.2,-,-,-,-,-0.12,0.53,5.7,-2.11,-57.24,PitchParams@fd5c72c0-6310-4a89-9f39-eefe73755438,MTD-21126391717,,,,,,,,,,,,,,,-,-,Aidan Thomas,high_intent,-,,
Aidan Thomas,2,9/12/2026,1789227601,Fastball,Y,-4.78,22.71,82.82,1705.47,1649,96.69,10:42,1,9.5,-13,-,-,-,-,-3.1,-1.72,5.86,-2.14,-14.79,PitchParams@d6182862-c86b-485b-8aa6-691741925939,MTD-21126391717,,,,,,,,,,,,,,,-,-,Aidan Thomas,high_intent,-,,
Aidan Thomas,4,9/12/2026,1789227510,Fastball,Y,-2.53,30.88,82.34,1755.71,1706.2,97.18,10:46,1,12.9,-7.4,-,-,-,-,-2.75,-1.38,5.95,-2.09,-13.63,PitchParams@ae87cca7-e9b6-4370-b985-8ccfe8a70708,MTD-21126391717,,,,,,,,,,,,,,,-,-,Aidan Thomas,high_intent,-,,
Aidan Thomas,5,9/12/2026,1789227498,Slider,N,-18.92,47.21,71.36,2244.7,1202.8,53.58,2:20,1,1.8,6.4,-,-,-,-,-0.09,2.53,5.61,-2.19,-57.6,PitchParams@c7c035ce-2407-45e8-9a72-4cf59cd41644,MTD-21126391717,,,,,,,,,,,,,,,-,-,Aidan Thomas,high_intent,-,,
Aidan Thomas,6,9/12/2026,1789227485,Slider,N,-14.56,37.24,72.77,2323.78,1340.1,57.67,2:14,1,4.4,6.9,-,-,-,-,-0.48,1.31,5.61,-2.22,-54.78,PitchParams@901bdab2-0d49-4bc4-a097-9e2b7e2c60bf,MTD-21126391717,,,,,,,,,,,,,,,-,-,Aidan Thomas,high_intent,-,,
Aidan Thomas,7,9/12/2026,1789227471,Fastball,N,-12.55,37.94,84.14,1605.07,1584,98.69,10:18,0.5,11,-13.4,-,-,-,-,-2.34,-0.67,5.99,-2.07,9.3,PitchParams@969f924b-bdc5-475d-a95e-bc2d535e1597,MTD-21126391717,,,,,,,,,,,,,,,-,-,Aidan Thomas,high_intent,-,,
Aidan Thomas,8,9/12/2026,1789227441,Fastball,Y,-4.33,32.63,83.7,1608.43,1549.9,96.36,10:46,1,8.7,-10.9,-,-,-,-,-2.91,-0.8,5.83,-2.09,-15.51,PitchParams@cfcece2c-c8bb-422f-a28e-9707c3fec801,MTD-21126391717,,,,,,,,,,,,,,,-,-,Aidan Thomas,high_intent,-,,
Grady Vanidestine,1,9/15/2026,1789521068,ChangeUp,Y,-2.08,18.03,78.2,1330.21,1318.2,99.09,7:50,1,5.2,-10,-,-,-,-,-2.92,-1.13,5.61,-1.97,-7.72,PitchParams@e389a5b2-e815-4c3f-ae28-84fda59151d4,MTD-21126391717,,,,,,,,,,,,,,,-,-,Grady I1,high_intent,-,,
Grady Vanidestine,2,9/15/2026,1789521039,TwoSeamFastball,N,14.81,45.34,79,2013.2,1936.7,96.2,10:42,1,9.9,-7.9,-,-,-,-,-4.15,-0.32,6.07,-1.93,-15.84,PitchParams@7e1bbbfe-bafc-4260-9ff8-a0f10a2c6097,MTD-21126391717,,,,,,,,,,,,,,,-,-,Grady I1,high_intent,-,,
Grady Vanidestine,3,9/15/2026,1789521024,TwoSeamFastball,N,-23.3,38.67,82.3,1797.41,1751.5,97.44,10:58,1,15.2,-11.2,-,-,-,-,-0.88,-0.76,5.79,-1.8,-12.98,PitchParams@4522df35-eb25-4439-ab67-0660f5f57d9f,MTD-21126391717,,,,,,,,,,,,,,,-,-,Grady I1,high_intent,-,,
Grady Vanidestine,4,9/15/2026,1789521010,Fastball,N,4.81,42.39,82.98,1909.18,1845.9,96.69,12:52,1,19.3,-1.9,-,-,-,-,-2.6,-1.05,5.95,-1.77,-14.79,PitchParams@700f56ff-d9a7-45a3-945e-07f36b2082cb,MTD-21126391717,,,,,,,,,,,,,,,-,-,Grady I1,high_intent,-,,
Grady Vanidestine,5,9/15/2026,1789520974,Slider,Y,1.66,24.27,77.06,1947.12,1707.5,87.69,1:06,1,7.5,2.2,-,-,-,-,-2.19,-0.65,5.6,-2.02,-28.73,PitchParams@fa860ce4-5b4f-4337-9838-f204afa548b3,MTD-21126391717,,,,,,,,,,,,,,,-,-,Grady I1,high_intent,-,,
Grady Vanidestine,6,9/15/2026,1789520953,TwoSeamFastball,N,-22.47,33.98,81.99,1855.96,1840.5,99.17,10:58,1,12.6,-13.8,-,-,-,-,-1.12,-1.31,5.86,-1.74,-7.39,PitchParams@847e32c8-91e8-484f-9bac-52652947c3ed,MTD-21126391717,,,,,,,,,,,,,,,-,-,Grady I1,high_intent,-,,
Grady Vanidestine,7,9/15/2026,1789520927,Slider,Y,7.96,25.04,77.99,1786.97,1557.6,87.17,12:14,1,6.3,3.9,-,-,-,-,-2.46,-0.6,5.62,-1.88,-29.35,PitchParams@0147b256-b6a8-4d8d-ad50-9dfced3d6513,MTD-21126391717,,,,,,,,,,,,,,,-,-,Grady I1,high_intent,-,,
Grady Vanidestine,8,9/15/2026,1789520907,TwoSeamFastball,Y,-1.65,35.28,81.9,1818.15,1762,96.91,10:42,1,13.4,-9.8,-,-,-,-,-2.82,-0.79,5.73,-1.85,-14.28,PitchParams@30a2b86d-e23e-43c0-8ba6-bfa473575cbb,MTD-21126391717,,,,,,,,,,,,,,,-,-,Grady I1,high_intent,-,,
Grady Vanidestine,9,9/15/2026,1789520885,ChangeUp,Y,8,21.2,76.13,1311.85,1293.1,98.57,10:12,1,7.3,-7.6,-,-,-,-,-3.55,-0.98,5.73,-1.9,-9.7,PitchParams@6eb56625-9ec3-46a1-a5c7-48b25f1094fb,MTD-21126391717,,,,,,,,,,,,,,,-,-,Grady I1,high_intent,-,,
Grady Vanidestine,10,9/15/2026,1789520855,Fastball,N,-2.11,50.34,82.24,1855.22,1797.1,96.87,10:58,1,15.6,-9.7,-,-,-,-,-2.56,0.31,5.8,-1.68,-14.38,PitchParams@35120212-563a-4254-b526-abb5d8e637f5,MTD-21126391717,,,,,,,,,,,,,,,-,-,Grady I1,high_intent,-,,
Grady Vanidestine,11,9/15/2026,1789520840,Fastball,N,-6.95,50.56,83.52,1823.32,1780.7,97.66,11:08,1,13.7,-10.4,-,-,-,-,-2.18,0.25,5.9,-1.67,-12.41,PitchParams@e85223c6-fa2e-4eae-9be7-e3d41871ddae,MTD-21126391717,,,,,,,,,,,,,,,-,-,Grady I1,high_intent,-,,
Grady Vanidestine,12,9/15/2026,1789520799,Slider,Y,-1.52,25.4,76.23,1801.88,1572.4,87.26,12:02,1,6.9,5.6,-,-,-,-,-1.74,-0.29,5.51,-2.16,-29.23,PitchParams@d12996a6-6400-4154-a2f8-cb442fbbeea3,MTD-21126391717,,,,,,,,,,,,,,,-,-,Grady I1,high_intent,-,,
Grady Vanidestine,13,9/15/2026,1789520767,Fastball,N,-3.73,45.54,83.13,1817.79,1769.9,97.37,10:58,1,14.6,-9.7,-,-,-,-,-2.3,-0.15,5.86,-1.57,-13.18,PitchParams@488d93bb-f260-41a6-a97a-a37ac85a7126,MTD-21126391717,,,,,,,,,,,,,,,-,-,Grady I1,high_intent,-,,
Grady Vanidestine,14,9/15/2026,1789520744,Slider,N,17.21,40.17,76.46,1825.78,1606.6,88,4:50,1,4.5,7,-,-,-,-,-3,1.14,5.59,-1.84,-28.36,PitchParams@0c05f82e-1fc8-40af-b89b-c7a83261e126,MTD-21126391717,,,,,,,,,,,,,,,-,-,Grady I1,high_intent,-,,
Grady Vanidestine,15,9/15/2026,1789520725,ChangeUp,N,-31.51,58.23,75.95,1582.64,1574,99.45,10:36,1,11.4,-6.3,-,-,-,-,0.16,2.35,5.59,-1.96,-6.01,PitchParams@d6733810-7f54-41fd-9541-c9b6dded192f,MTD-21126391717,,,,,,,,,,,,,,,-,-,Grady I1,high_intent,-,,
Grady Vanidestine,16,9/15/2026,1789520703,TwoSeamFastball,Y,-9.72,36.15,83.64,1782.49,1763.5,98.94,10:54,1,14.6,-11.5,-,-,-,-,-1.95,-1.12,5.88,-1.6,-8.36,PitchParams@18a7b7a3-9c75-4b64-b52c-0c2b10d18e8f,MTD-21126391717,,,,,,,,,,,,,,,-,-,Grady I1,high_intent,-,,
Grady Vanidestine,17,9/15/2026,1789520677,Fastball,Y,-7.86,28.98,82.82,1768.13,1721.8,97.38,11:02,1,19.1,-6.5,-,-,-,-,-1.69,-2.12,5.81,-1.63,-13.14,PitchParams@17a8a845-aaa5-4287-af98-d6e327f3840b,MTD-21126391717,,,,,,,,,,,,,,,-,-,Grady I1,high_intent,-,,
Grady Vanidestine,18,9/15/2026,1789520646,TwoSeamFastball,Y,-9.46,32.82,82.84,1769.56,1752.9,99.06,10:56,1,11.9,-12.9,-,-,-,-,-2.44,-0.96,5.7,-1.91,-7.87,PitchParams@e3fe4503-38ef-4b78-b347-ef22290f3ac2,MTD-21126391717,,,,,,,,,,,,,,,-,-,Grady I1,high_intent,-,,
Grady Vanidestine,19,9/15/2026,1789520633,TwoSeamFastball,Y,-0.35,41.78,82.81,1916.75,1873,97.72,11:02,1,13.8,-10.5,-,-,-,-,-2.84,-0.44,5.86,-1.7,-12.26,PitchParams@e228f9e3-95af-4f18-be4c-0de2d1ba3193,MTD-21126391717,,,,,,,,,,,,,,,-,-,Grady I1,high_intent,-,,
Grady Vanidestine,20,9/15/2026,1789520603,ChangeUp,Y,2.37,36.64,75.96,1477.48,1477.2,99.98,1:50,1,13.9,-3,-,-,-,-,-2.47,-0.3,5.88,-1.77,-1.21,PitchParams@3996b581-2d19-403c-ba9e-fb1832dd7223,MTD-21126391717,,,,,,,,,,,,,,,-,-,Grady I1,high_intent,-,,
Grady Vanidestine,21,9/15/2026,1789520588,Fastball,Y,2.09,37.99,81.53,1876.17,1856,98.93,1:02,1,20,-5.8,-,-,-,-,-2.56,-1.32,5.9,-1.64,-8.4,PitchParams@9392976f-d2e2-4a65-bb77-d031f95bedee,MTD-21126391717,,,,,,,,,,,,,,,-,-,Grady I1,high_intent,-,,
Grady Vanidestine,22,9/15/2026,1789520573,Fastball,N,-5.37,48.56,81.88,1805.09,1746.7,96.77,11:06,1,16.4,-8.8,-,-,-,-,-2.22,-0.1,5.93,-1.7,-14.61,PitchParams@245dd871-4bbf-485c-be9a-3cd8ff0d90d1,MTD-21126391717,,,,,,,,,,,,,,,-,-,Grady I1,high_intent,-,,
Grady Vanidestine,23,9/15/2026,1789520560,Fastball,N,-5.53,53.05,82.09,1341.9,1310.5,97.66,11:06,0.5,14.8,-10.2,-,-,-,-,-2.32,0.42,5.97,-1.7,-12.41,PitchParams@0ed3cc6c-c59c-4afe-817d-18fd3066841d,MTD-21126391717,,,,,,,,,,,,,,,-,-,Grady I1,high_intent,-,,
Derek Roberts,1,9/15/2026,1789525022,TwoSeamFastball,Y,9.81,29.65,82.32,1886.32,1848.2,97.98,10:12,1,11.2,-13,-,-,-,-,-4.43,-0.87,5.56,-2.11,-11.53,PitchParams@31b394c6-e408-473a-8df5-72e6a21589bc,MTD-21126391717,,,,,,,,,,,,,,,-,-,DRob,high_intent,-,,
Derek Roberts,2,9/15/2026,1789525001,TwoSeamFastball,Y,-2.97,26.24,81.43,1921.8,1898.4,98.78,10:08,1,12,-14.8,-,-,-,-,-3.58,-1.21,5.51,-2.23,-8.95,PitchParams@0926f5b9-f028-475c-a957-25e6d9c0c621,MTD-21126391717,,,,,,,,,,,,,,,-,-,DRob,high_intent,-,,
Derek Roberts,3,9/15/2026,1789524980,Fastball,N,14.7,24.11,82.76,1880,1835,97.6,10:16,1,13.7,-13.2,-,-,-,-,-4.88,-1.81,5.68,-2.09,-12.57,PitchParams@eb2980c4-066a-4d93-8c5d-3ab042162320,MTD-21126391717,,,,,,,,,,,,,,,-,-,DRob,high_intent,-,,
Derek Roberts,4,9/15/2026,1789524941,ChangeUp,Y,-3.29,28.77,76.59,1664.01,1501.4,90.23,9:18,1,11.4,-14.3,-,-,-,-,-3.71,-0.39,5.55,-2.44,25.54,PitchParams@23b4d681-5b8a-41e4-81ce-c54b1c061c20,MTD-21126391717,,,,,,,,,,,,,,,-,-,DRob,high_intent,-,,
Derek Roberts,5,9/15/2026,1789524916,ChangeUp,N,1.57,6.09,77.06,1864.07,1571.5,84.31,9:44,1,9.1,-14.5,-,-,-,-,-4.07,-2.27,5.56,-2.38,32.54,PitchParams@0084c94f-9705-4a6f-995c-90c02f6bd63b,MTD-21126391717,,,,,,,,,,,,,,,-,-,DRob,high_intent,-,,
Derek Roberts,6,9/15/2026,1789524869,TwoSeamFastball,Y,1.37,28.18,83.42,1922.58,1897.4,98.69,10:12,1,11.4,-14.3,-,-,-,-,-3.75,-1.3,5.7,-2.08,-9.28,PitchParams@67a00814-73a7-4e4b-be87-93acbe28fe7e,MTD-21126391717,,,,,,,,,,,,,,,-,-,DRob,high_intent,-,,
Derek Roberts,7,9/15/2026,1789524823,Fastball,Y,5.04,31.1,82.97,1867.18,1844,98.76,10:12,1,11.7,-15.2,-,-,-,-,-4.32,-0.96,5.62,-2.22,-9.04,PitchParams@dc850842-44c5-4cd4-9391-ed38d3117a1f,MTD-21126391717,,,,,,,,,,,,,,,-,-,DRob,high_intent,-,,
Derek Roberts,8,9/15/2026,1789524797,Fastball,Y,5.89,26.68,83.46,2211.66,2112.8,95.53,10:16,1,16.9,-11.5,-,-,-,-,-4.01,-1.97,5.76,-2.19,-17.2,PitchParams@4e099a11-e81c-467a-9199-0827d3c906bb,MTD-21126391717,,,,,,,,,,,,,,,-,-,DRob,high_intent,-,,
Derek Roberts,9,9/15/2026,1789524781,Fastball,N,23.17,27.38,83.56,2134.29,2027.3,94.99,10:12,1,13.7,-11,-,-,-,-,-5.6,-1.59,5.68,-2.22,-18.22,PitchParams@0dc4df89-dbf9-4289-894e-9fac89867693,MTD-21126391717,,,,,,,,,,,,,,,-,-,DRob,high_intent,-,,
Derek Roberts,10,9/15/2026,1789524765,ChangeUp,N,-26.13,38.54,76.56,1616.08,1315.6,81.41,9:12,1,5.7,-11.6,-,-,-,-,-1.38,1.1,5.5,-2.47,35.5,PitchParams@2626aef4-771d-41f4-8f0f-2dbb0d8b452b,MTD-21126391717,,,,,,,,,,,,,,,-,-,DRob,high_intent,-,,
Derek Roberts,11,9/15/2026,1789524717,TwoSeamFastball,Y,7.19,20.8,83.14,1992.33,1947.7,97.76,10:14,1,12.3,-14.7,-,-,-,-,-4.52,-2,5.64,-2.27,-12.15,PitchParams@d0446c19-46e3-48b8-b1cb-d7bb83165aa8,MTD-21126391717,,,,,,,,,,,,,,,-,-,DRob,high_intent,-,,
Derek Roberts,12,9/15/2026,1789524699,ChangeUp,N,-13.22,39.79,77.65,1645.11,1502.5,91.33,9:36,1,11.7,-12.3,-,-,-,-,-2.42,0.43,5.57,-2.26,24.03,PitchParams@42db3ffa-297f-4fda-9122-8c4f5a4d8be4,MTD-21126391717,,,,,,,,,,,,,,,-,-,DRob,high_intent,-,,
Aidan Thomas,1,9/15/2026,1789521519,Fastball,Y,9.94,26.08,82.06,1520.7,1474.5,96.96,10:44,1,13,-9.9,-,-,-,-,-4.26,-1.45,5.67,-2.21,-14.17,PitchParams@91f40a6e-60e2-418a-a120-c1d703ee9e5d,MTD-21126391717,,,,,,,,,,,,,,,-,-,Thomas I1,high_intent,-,,
Aidan Thomas,2,9/15/2026,1789521500,Fastball,N,30.54,12.39,82.23,1383.78,1337.7,96.67,10:40,1,13.7,-8.7,-,-,-,-,-5.77,-3.05,5.86,-1.97,-14.84,PitchParams@00d49369-f02e-4fb6-8bf1-dac29fe021bd,MTD-21126391717,,,,,,,,,,,,,,,-,-,Thomas I1,high_intent,-,,
Aidan Thomas,3,9/15/2026,1789521481,Slider,N,13.22,10.25,72.33,2370.72,804,33.91,2:56,1,0.7,7.1,-,-,-,-,-3.12,-0.84,5.56,-2.3,-70.18,PitchParams@e6dbcb02-a152-4425-b141-e5825a614283,MTD-21126391717,,,,,,,,,,,,,,,-,-,Thomas I1,high_intent,-,,
Aidan Thomas,4,9/15/2026,1789521466,Slider,Y,8.63,23.68,71.95,2257.83,925.7,41,2:58,1,2.5,6,-,-,-,-,-2.63,0.19,5.8,-2.16,-65.8,PitchParams@c6ae2206-becc-4452-a3d3-0dfc1cf7af0a,MTD-21126391717,,,,,,,,,,,,,,,-,-,Thomas I1,high_intent,-,,
Aidan Thomas,5,9/15/2026,1789521453,Fastball,N,26.01,26.3,80.58,1666.71,1606.8,96.4,11:00,1,13.8,-7.1,-,-,-,-,-5.6,-1.62,5.86,-2.35,-15.41,PitchParams@3d4a6c57-ba26-48d1-b228-7bf062d969a8,MTD-21126391717,,,,,,,,,,,,,,,-,-,Thomas I1,high_intent,-,,
Aidan Thomas,6,9/15/2026,1789521440,Slider,Y,5.67,20.11,80.91,2326.03,921.4,39.61,3:14,1,4.5,9.6,-,-,-,-,-2.63,-0.63,6.22,-2.82,-66.66,PitchParams@f8cde52d-c419-4c8f-9b36-e82f53621cc5,MTD-21126391717,,,,,,,,,,,,,,,-,-,Thomas I1,high_intent,-,,
Aidan Thomas,7,9/15/2026,1789521406,Fastball,Y,-8.56,37.33,82.08,1571.61,1542.4,98.14,10:40,1,13.3,-10.2,-,-,-,-,-2.9,-0.47,5.63,-2.48,-11.06,PitchParams@28c1e5a4-6794-4157-b4f6-ddaa597b9584,MTD-21126391717,,,,,,,,,,,,,,,-,-,Thomas I1,high_intent,-,,
Aidan Thomas,8,9/15/2026,1789521372,ChangeUp,N,0.88,16.95,76.56,1958.76,1933.5,98.71,9:54,1,10.1,-14.8,-,-,-,-,-4.61,-1.29,5.29,-2.84,-9.22,PitchParams@83f28077-cf0e-4149-9c12-86008dfc1fab,MTD-21126391717,,,,,,,,,,,,,,,-,-,Thomas I1,high_intent,-,,
Aidan Thomas,9,9/15/2026,1789521337,Slider,N,21.11,-9.79,71.47,2280.33,885.8,38.85,3:18,1,3.1,8.2,-,-,-,-,-3.97,-2.55,5.66,-2.61,-67.14,PitchParams@0e5503e6-22da-4ec0-ae3d-edaf78fb32e3,MTD-21126391717,,,,,,,,,,,,,,,-,-,Thomas I1,high_intent,-,,
Aidan Thomas,10,9/15/2026,1789521301,Slider,N,3.99,13.05,71.26,2270.62,923.1,40.65,3:04,1,2.2,8.2,-,-,-,-,-2.46,-0.51,5.54,-2.57,-66.01,PitchParams@c91ebb2d-b98a-49ac-b830-97009b5a71c5,MTD-21126391717,,,,,,,,,,,,,,,-,-,Thomas I1,high_intent,-,,
Aidan Thomas,11,9/15/2026,1789521286,Fastball,N,-1.72,58.52,79.86,1688.54,1642.1,97.25,10:58,1,15.5,-6.8,-,-,-,-,-2.83,1.13,6,-2.15,-13.47,PitchParams@cab5aa3f-6860-43c1-b3a4-98b9e29d4eee,MTD-21126391717,,,,,,,,,,,,,,,-,-,Thomas I1,high_intent,-,,
Aidan Thomas,12,9/15/2026,1789521273,Fastball,N,12.69,32.92,79.97,1658.64,1593.3,96.06,10:42,1,12.6,-13,-,-,-,-,-4.88,-0.79,5.84,-2.28,-16.13,PitchParams@f7a57623-9f74-42af-9d7f-397e91060ec9,MTD-21126391717,,,,,,,,,,,,,,,-,-,Thomas I1,high_intent,-,,
Aidan Thomas,13,9/15/2026,1789521257,Slider,N,7.2,11.77,69.87,2304.65,1173.9,50.94,3:06,1,1.3,8.7,-,-,-,-,-2.5,-0.31,5.55,-2.39,-59.38,PitchParams@ea7857be-a84c-429a-837f-63553b901599,MTD-21126391717,,,,,,,,,,,,,,,-,-,Thomas I1,high_intent,-,,
Max Berberian,1,9/15/2026,1789522420,CurveBall,N,-10.9,27.99,74.35,2453.73,1710.3,69.7,7:36,1,-4.4,-6.2,-,-,-,-,0.65,0.94,5.88,0.2,45.81,PitchParams@97d1bcae-e88f-4c68-b728-02cdcfa28b3d,MTD-21126391717,,,,,,,,,,,,,,,-,-,Berberian ,high_intent,-,,
Max Berberian,2,9/15/2026,1789522400,Fastball,N,-20.77,17.24,84.33,1906.86,1799.8,94.39,12:38,1,15.4,7,-,-,-,-,2.57,-2.92,5.9,0.03,19.29,PitchParams@cf2dcd44-6586-455a-ab26-f5d55c0dcf46,MTD-21126391717,,,,,,,,,,,,,,,-,-,Berberian ,high_intent,-,,
Max Berberian,3,9/15/2026,1789522384,CurveBall,Y,9.29,28.36,75.23,2351.59,1606.3,68.31,7:38,1,-8,-6.7,-,-,-,-,-1.01,1.12,5.93,0.41,46.92,PitchParams@71075328-db02-4844-93d3-6fafe03c713a,MTD-21126391717,,,,,,,,,,,,,,,-,-,Berberian ,high_intent,-,,
Max Berberian,4,9/15/2026,1789522371,Fastball,Y,1.71,25.44,83.47,2122.92,2004,94.4,12:34,1,18.5,2.9,-,-,-,-,0.73,-2.47,5.91,0.56,19.27,PitchParams@caf837af-4383-4545-ae91-7ffe542e989b,MTD-21126391717,,,,,,,,,,,,,,,-,-,Berberian ,high_intent,-,,
Max Berberian,5,9/15/2026,1789522354,CurveBall,N,-7.98,7.63,75.2,2407.29,1696.1,70.46,7:28,1,-9,-4.1,-,-,-,-,0.67,-0.7,5.88,0.29,45.21,PitchParams@6d4a746b-b8d1-499f-b087-d49093f3d00f,MTD-21126391717,,,,,,,,,,,,,,,-,-,Berberian ,high_intent,-,,
Max Berberian,6,9/15/2026,1789522317,CurveBall,Y,6.15,28.47,75.25,2250.37,1546.4,68.72,7:34,1,-7.4,-2.7,-,-,-,-,-0.3,1.18,5.9,0.47,46.59,PitchParams@ac606ba7-69c6-4297-afe5-7c9e45020863,MTD-21126391717,,,,,,,,,,,,,,,-,-,Berberian ,high_intent,-,,
Max Berberian,7,9/15/2026,1789522297,Fastball,N,14.98,35.72,82.72,2020.6,1934.9,95.76,12:14,1,15.1,0,-,-,-,-,-0.76,-0.9,5.83,0.55,16.75,PitchParams@69018b44-53e0-4cec-917e-d2c830e23ee0,MTD-21126391717,,,,,,,,,,,,,,,-,-,Berberian ,high_intent,-,,
Max Berberian,8,9/15/2026,1789522284,Fastball,N,12.5,28.8,81.52,2016.86,1921.9,95.29,12:12,1,17.7,0.2,-,-,-,-,-0.92,-1.88,5.85,0.19,17.66,PitchParams@b190d3ce-b8b4-4373-b68c-f4755a8aa6f5,MTD-21126391717,,,,,,,,,,,,,,,-,-,Berberian ,high_intent,-,,
Max Berberian,9,9/15/2026,1789522270,Fastball,N,9,52.67,83.56,2064.62,1914.5,92.73,12:04,1,16.2,3.6,-,-,-,-,0.05,0.45,5.82,0.5,21.98,PitchParams@b26c7ebc-6df3-4b72-864a-67da60b9ff5c,MTD-21126391717,,,,,,,,,,,,,,,-,-,Berberian ,high_intent,-,,
Max Berberian,10,9/15/2026,1789522257,Fastball,N,12.6,47.51,84.13,2061.91,1932.7,93.73,12:08,1,14.4,1.1,-,-,-,-,-0.58,-0.06,5.97,0.43,20.4,PitchParams@0836040b-83ae-47fe-a457-431a651e916d,MTD-21126391717,,,,,,,,,,,,,,,-,-,Berberian ,high_intent,-,,
Max Berberian,11,9/15/2026,1789522246,CurveBall,N,-6.84,15.6,76.46,2422.45,1751.4,72.3,7:34,1,-8.2,-4.1,-,-,-,-,0.62,0.01,5.82,0.34,43.7,PitchParams@3a7343d4-0d5b-4f95-8a15-b0ff0fc9d494,MTD-21126391717,,,,,,,,,,,,,,,-,-,Berberian ,high_intent,-,,
Max Berberian,12,9/15/2026,1789522221,CurveBall,N,7.07,43.99,76.88,2117.52,1284.9,60.68,7:58,1,-6.4,-3.7,-,-,-,-,-0.63,2.3,5.89,0.32,52.64,PitchParams@b2bdd39a-54c7-4a7a-9964-1b640bebd7c5,MTD-21126391717,,,,,,,,,,,,,,,-,-,Berberian ,high_intent,-,,
Max Berberian,13,9/15/2026,1789522193,Fastball,Y,2.26,32.57,85.22,1933.17,1826.6,94.48,12:32,1,18,1.9,-,-,-,-,0.38,-1.7,5.81,0.37,19.12,PitchParams@f944a089-51fc-4bb1-90d0-abc17f3ca759,MTD-21126391717,,,,,,,,,,,,,,,-,-,Berberian ,high_intent,-,,
Max Berberian,14,9/15/2026,1789522178,CurveBall,Y,-3.29,34.57,75.3,2258.8,1543.4,68.33,7:34,1,-8.2,-4.8,-,-,-,-,0.22,1.76,5.82,0.33,46.9,PitchParams@a3f4aa38-350c-40ac-9c5b-d1565f1c647f,MTD-21126391717,,,,,,,,,,,,,,,-,-,Berberian ,high_intent,-,,
Max Berberian,15,9/15/2026,1789522157,Fastball,Y,8.24,20.02,84.3,1889.25,1794.9,95,12:38,1,17.4,6.6,-,-,-,-,0.34,-2.82,5.92,0.45,18.19,PitchParams@f030e37e-dc4b-4fce-b9ff-a235664b6536,MTD-21126391717,,,,,,,,,,,,,,,-,-,Berberian ,high_intent,-,,
Max Berberian,16,9/15/2026,1789522143,CurveBall,N,7.16,6.01,73.53,2237.79,1292.1,57.74,7:28,1,-5.1,-4.2,-,-,-,-,-0.34,-0.85,5.83,0.64,54.73,PitchParams@3af43a87-39a2-4159-8c67-f73f39976363,MTD-21126391717,,,,,,,,,,,,,,,-,-,Berberian ,high_intent,-,,
Zach Papik,1,9/15/2026,1789523328,Slider,Y,-0.35,32.65,75.12,2472.65,1604.9,64.91,6:58,1,-4.9,-4.3,-,-,-,-,1.44,0.4,6.71,1.65,49.53,PitchParams@3988f401-3a31-4152-8c64-5146c7da7bb2,MTD-21126391717,,,,,,,,,,,,,,,-,-,Papik,high_intent,-,,
Zach Papik,2,9/15/2026,1789523305,Fastball,N,-2.68,50.23,80.95,2108.31,1906.3,90.42,1:02,1,10.5,6.2,-,-,-,-,2.68,-0.23,6.79,1.69,25.28,PitchParams@728a65f0-41e2-44cd-8c54-96e761c92365,MTD-21126391717,,,,,,,,,,,,,,,-,-,Papik,high_intent,-,,
Zach Papik,3,9/15/2026,1789523283,Slider,N,-15.97,6.53,76.58,2541.55,1438.7,56.61,7:02,1,-3,0.3,-,-,-,-,3.53,-2.24,6.56,1.88,55.52,PitchParams@5add38f1-7716-40dd-b0d2-1aba68140487,MTD-21126391717,,,,,,,,,,,,,,,-,-,Papik,high_intent,-,,
Zach Papik,4,9/15/2026,1789523256,Fastball,Y,2.46,38.06,83.49,2270.31,2082.9,91.74,1:28,1,16.2,8.4,-,-,-,-,2.61,-1.97,6.81,1.9,23.44,PitchParams@2470d9e9-f839-4087-a98c-5d8fcccb6f52,MTD-21126391717,,,,,,,,,,,,,,,-,-,Papik,high_intent,-,,
Zach Papik,5,9/15/2026,1789523234,Slider,Y,-3.1,28.49,73.85,2541.07,1578.3,62.11,6:52,1,-3.3,-7.2,-,-,-,-,1.62,-0.03,6.65,1.8,51.6,PitchParams@5b5f5923-8f78-4da3-9151-0a9ac6314019,MTD-21126391717,,,,,,,,,,,,,,,-,-,Papik,high_intent,-,,
Zach Papik,6,9/15/2026,1789523176,Slider,N,-12.2,18.91,73.78,2485.84,1852.1,74.51,6:42,1,-7,-4.7,-,-,-,-,2.07,-0.42,6.64,1.27,41.83,PitchParams@9e8a2a79-f73a-4ac5-ae6e-388fae16182d,MTD-21126391717,,,,,,,,,,,,,,,-,-,Papik,high_intent,-,,
Zach Papik,7,9/15/2026,1789523152,Fastball,N,-18.17,43.86,82.48,2300.56,2064,89.72,1:02,1,18.5,6.8,-,-,-,-,3.75,-1.56,6.78,1.34,26.21,PitchParams@462b2a04-d1d2-4e01-86da-b07a01950e00,MTD-21126391717,,,,,,,,,,,,,,,-,-,Papik,high_intent,-,,
Zach Papik,8,9/15/2026,1789523131,Slider,N,-5.05,16.89,73.82,2469.13,1647.2,66.71,7:04,1,-4.5,-5.8,-,-,-,-,1.39,-0.88,6.61,1.33,48.15,PitchParams@93e6883b-cf87-488b-aac4-6596994121b7,MTD-21126391717,,,,,,,,,,,,,,,-,-,Papik,high_intent,-,,
Zach Papik,9,9/15/2026,1789523088,Fastball,N,-20.32,15.24,81.4,2210.2,2024.6,91.6,1:30,1,13.7,5.3,-,-,-,-,3.82,-3.58,6.69,1.35,23.65,PitchParams@de9ca453-3a86-43d9-8784-5813d59a141c,MTD-21126391717,,,,,,,,,,,,,,,-,-,Papik,high_intent,-,,
Zach Papik,10,9/15/2026,1789523056,Slider,N,-14.51,21.25,73.85,2513.43,1565,62.26,6:50,1,-3.3,-4.1,-,-,-,-,2.33,-0.44,6.51,1.25,51.49,PitchParams@8c0d8310-c387-4601-9813-b439141fd8ff,MTD-21126391717,,,,,,,,,,,,,,,-,-,Papik,high_intent,-,,
Zach Papik,11,9/15/2026,1789523034,Fastball,Y,-0.96,23.5,82.39,2387.55,2207.2,92.45,1:20,1,15.9,8,-,-,-,-,2.07,-3.13,6.7,1.14,22.41,PitchParams@3e34d29b-50ac-4bae-9186-1e016f679004,MTD-21126391717,,,,,,,,,,,,,,,-,-,Papik,high_intent,-,,
Zach Papik,12,9/15/2026,1789523015,Fastball,N,-14.02,40.18,81.65,2276.1,2110.3,92.72,1:22,1,15.4,6,-,-,-,-,3.13,-1.57,6.71,1.17,22.01,PitchParams@8743c04d-0e58-4023-b963-21a6e85137d5,MTD-21126391717,,,,,,,,,,,,,,,-,-,Papik,high_intent,-,,
Zach Papik,13,9/15/2026,1789522995,Slider,Y,2.31,30.4,74.47,2531.77,1814.6,71.67,7:22,1,-4.6,-5.6,-,-,-,-,0.57,0.45,6.56,1.19,44.21,PitchParams@3c7b0fb5-aa62-43c2-b7cf-38a54e01d107,MTD-21126391717,,,,,,,,,,,,,,,-,-,Papik,high_intent,-,,
Zach Papik,14,9/15/2026,1789522978,Fastball,N,16.87,51.64,83.43,2355.76,2141.3,90.9,12:46,1,16.3,6.7,-,-,-,-,0.43,-0.63,6.76,1.24,24.64,PitchParams@3fcbf46e-8378-4f96-b45f-b4bf4cc527e5,MTD-21126391717,,,,,,,,,,,,,,,-,-,Papik,high_intent,-,,
Zach Papik,15,9/15/2026,1789522964,Slider,N,-6.83,16.38,75.26,2565.65,1718,66.96,7:06,1,-5.6,-4.2,-,-,-,-,1.81,-1,6.57,1.43,47.96,PitchParams@9accc4a4-60c0-4da7-97f9-5b58636a82fb,MTD-21126391717,,,,,,,,,,,,,,,-,-,Papik,high_intent,-,,
Zach Papik,16,9/15/2026,1789522931,Slider,Y,-1.44,22.63,77.25,2653.81,1914.4,72.14,6:40,1,-7.4,-5.4,-,-,-,-,1.14,-0.35,6.62,1.38,43.83,PitchParams@ef3abbe9-eb4d-49b3-9615-066d3e4e0a41,MTD-21126391717,,,,,,,,,,,,,,,-,-,Papik,high_intent,-,,
Zach Papik,17,9/15/2026,1789522902,Fastball,Y,3.45,19.09,82.06,1689.71,1618.8,95.8,1:16,1,7.4,13.9,-,-,-,-,2.5,-2.76,6.67,1.39,16.66,PitchParams@3a0b88d8-e374-469c-9706-7ce95af3a1d8,MTD-21126391717,,,,,,,,,,,,,,,-,-,Papik,high_intent,-,,
Zach Papik,18,9/15/2026,1789522868,Fastball,Y,-2.12,35.59,83.51,2260.95,2123.9,93.94,12:48,1,13.7,6.4,-,-,-,-,2.29,-2.01,6.81,1.38,20.05,PitchParams@1a375dbc-38b2-4582-9e0f-5d62aa407c0a,MTD-21126391717,,,,,,,,,,,,,,,-,-,Papik,high_intent,-,,
Zach Papik,19,9/15/2026,1789522834,Slider,N,0.07,44.65,75.27,2443.3,1547.2,63.32,6:56,1,-4.5,-6.4,-,-,-,-,1.14,1.45,6.6,1.58,50.71,PitchParams@484c77cd-5380-4ee0-9a60-01818887e64d,MTD-21126391717,,,,,,,,,,,,,,,-,-,Papik,high_intent,-,,
Zach Papik,20,9/15/2026,1789522818,Slider,N,-10.51,23.65,75.54,2333.13,1228.1,52.64,6:58,1,-4.6,-7.5,-,-,-,-,1.94,-0.3,6.45,1.52,58.24,PitchParams@755a5127-fc7b-4b0b-922d-b377e3800a09,MTD-21126391717,,,,,,,,,,,,,,,-,-,Papik,high_intent,-,,
Zach Papik,21,9/15/2026,1789522795,Fastball,Y,7.17,30.3,83.08,2210.28,2056.3,93.04,1:02,1,17.2,8.1,-,-,-,-,1.53,-2.7,6.68,1.32,21.51,PitchParams@cefa8e21-8317-44f5-a828-0e29b1cabc53,MTD-21126391717,,,,,,,,,,,,,,,-,-,Papik,high_intent,-,,
Zach Papik,22,9/15/2026,1789522768,Fastball,N,-31.99,6.25,82.68,2113.91,1948.2,92.16,1:26,1,19,4,-,-,-,-,4.65,-4.96,6.71,1.24,22.84,PitchParams@818e872a-38a0-4c4c-a2bb-66c16ad2be94,MTD-21126391717,,,,,,,,,,,,,,,-,-,Papik,high_intent,-,,
Zach Papik,23,9/15/2026,1789522719,Fastball,Y,0.73,27.35,85.28,2293.87,2159.3,94.13,12:56,1,12.9,8.7,-,-,-,-,2.02,-2.67,6.67,1.17,19.72,PitchParams@6b949746-b592-4226-8b37-f03a01998a7d,MTD-21126391717,,,,,,,,,,,,,,,-,-,Papik,high_intent,-,,
Zach Papik,24,9/15/2026,1789522673,Slider,Y,7.88,37.85,76.45,2360.76,1352.3,57.28,6:50,1,-3.3,-7.5,-,-,-,-,0.28,0.86,6.51,1.54,55.05,PitchParams@494262ec-9673-4b3c-9151-deb01f8cbc0f,MTD-21126391717,,,,,,,,,,,,,,,-,-,Papik,high_intent,-,,
Mikey St. Martin,1,9/15/2026,1789524545,Fastball,Y,-2.01,22.99,88.42,2249.92,2148.5,95.49,12:16,1,22.6,7.1,-,-,-,-,1.11,-3.27,5.92,0.26,17.27,PitchParams@cb6cd811-c382-439e-bcf0-3039e728f761,MTD-21126391717,,,,,,,,,,,,,,,-,-,Mikey,high_intent,-,,
Mikey St. Martin,2,9/15/2026,1789524523,Fastball,Y,-3.03,25.5,85.3,2191.95,2104,95.99,12:16,1,23.5,6.6,-,-,-,-,1.55,-3.06,5.86,0.59,16.28,PitchParams@82b18278-e459-44aa-b278-73ce1f06ad5b,MTD-21126391717,,,,,,,,,,,,,,,-,-,Mikey,high_intent,-,,
Mikey St. Martin,3,9/15/2026,1789524502,ChangeUp,N,7.13,8.68,78.72,1841.52,1707.6,92.73,12:10,1,14,12.9,-,-,-,-,1.31,-3.06,5.76,0.71,21.99,PitchParams@47576bac-ce9d-444f-8d63-e6db1a533fd3,MTD-21126391717,,,,,,,,,,,,,,,-,-,Mikey,high_intent,-,,
Mikey St. Martin,4,9/15/2026,1789524483,Fastball,Y,6.24,24.09,86.19,2113.4,2026.8,95.9,12:16,1,20.7,6.2,-,-,-,-,0.51,-3.01,5.84,0.47,16.46,PitchParams@9c9f7132-976a-4cf5-86aa-603a62486720,MTD-21126391717,,,,,,,,,,,,,,,-,-,Mikey,high_intent,-,,
Mikey St. Martin,5,9/15/2026,1789524455,Fastball,N,-0.77,8.53,86.48,2079,2029.3,97.61,12:54,1,21.4,9.1,-,-,-,-,1.41,-4.36,5.97,0.48,12.55,PitchParams@59cbbcb6-6b6e-4334-8b53-6f4c86b3cc81,MTD-21126391717,,,,,,,,,,,,,,,-,-,Mikey,high_intent,-,,
Mikey St. Martin,6,9/15/2026,1789524415,Slider,Y,-2.32,25.63,73.56,2486.36,1751.1,70.43,7:28,1,-4,-8.6,-,-,-,-,0.07,1,5.66,0.58,45.23,PitchParams@70bf9653-5c16-4d48-bd97-4b698ceabc9f,MTD-21126391717,,,,,,,,,,,,,,,-,-,Mikey,high_intent,-,,
Mikey St. Martin,7,9/15/2026,1789524390,Fastball,Y,7.56,27.76,87.69,2217.56,2149.8,96.94,12:48,1,22,5.4,-,-,-,-,0.48,-2.72,5.82,0.62,14.2,PitchParams@ab426b72-5394-430e-8f46-f6fe19b13af9,MTD-21126391717,,,,,,,,,,,,,,,-,-,Mikey,high_intent,-,,
Mikey St. Martin,8,9/15/2026,1789524372,ChangeUp,N,17.76,8.91,79.71,1649.81,1545.8,93.7,12:40,1,10.9,15.6,-,-,-,-,0.64,-2.8,5.81,0.76,20.45,PitchParams@61040c1d-13a4-4d12-aed4-60c8c14e7317,MTD-21126391717,,,,,,,,,,,,,,,-,-,Mikey,high_intent,-,,
Mikey St. Martin,9,9/15/2026,1789524357,Fastball,N,12.99,31.3,87.97,2217.36,2157.7,97.31,12:50,1,21.5,10.7,-,-,-,-,0.51,-2.43,5.83,0.65,13.32,PitchParams@ea01247d-b3bd-4bdf-bfb3-ce37b43dbaa2,MTD-21126391717,,,,,,,,,,,,,,,-,-,Mikey,high_intent,-,,
Mikey St. Martin,10,9/15/2026,1789524322,Slider,Y,-2.32,20.8,74.3,2552.68,1862.2,72.95,7:32,1,-1.7,-10.5,-,-,-,-,-0.08,-0.01,5.79,0.61,43.16,PitchParams@37c2160d-3431-4836-913d-e706ab420048,MTD-21126391717,,,,,,,,,,,,,,,-,-,Mikey,high_intent,-,,
Mikey St. Martin,11,9/15/2026,1789524303,Fastball,Y,-7.6,31.08,86.12,2140.56,2078.3,97.09,12:52,1,20,4.5,-,-,-,-,1.8,-2.08,5.69,0.61,13.85,PitchParams@6ff45e17-aa79-4efb-b026-8204ec957e28,MTD-21126391717,,,,,,,,,,,,,,,-,-,Mikey,high_intent,-,,
Mikey St. Martin,12,9/15/2026,1789524285,ChangeUp,N,-15.97,26.93,78.78,1522.1,1419.3,93.25,12:46,1,11.6,10.6,-,-,-,-,3.11,-1.09,5.72,0.6,21.17,PitchParams@8b15dd93-1e61-4bd1-b262-7e04efadbf97,MTD-21126391717,,,,,,,,,,,,,,,-,-,Mikey,high_intent,-,,
Mikey St. Martin,13,9/15/2026,1789524269,Fastball,Y,-2.9,25.35,87.63,2072.83,2023.8,97.63,12:44,1,22.2,8,-,-,-,-,1.83,-3.01,5.84,0.75,12.49,PitchParams@8a0563f2-db66-449b-a641-9c01ad4d0b24,MTD-21126391717,,,,,,,,,,,,,,,-,-,Mikey,high_intent,-,,
Noah Guanci,1,9/15/2026,1789525690,Fastball,Y,-8.35,24.64,82.96,2084.98,1931.9,92.66,10:16,1,10,-8.7,-,-,-,-,-3.32,-0.74,5.09,-2.97,-22.09,PitchParams@708db9c9-3d4e-4982-8036-359f5adb2532,MTD-21126391717,,,,,,,,,,,,,,,-,-,Guanci,high_intent,-,,
Noah Guanci,2,9/15/2026,1789525670,Slider,N,-14.12,35.68,68.77,1399.09,816.2,58.34,2:52,1,5.4,13.7,-,-,-,-,-0.64,2.47,4.83,-2.89,-54.31,PitchParams@6f0be211-c7eb-4fdf-9c8b-c1b2e1819c32,MTD-21126391717,,,,,,,,,,,,,,,-,-,Guanci,high_intent,-,,
Noah Guanci,3,9/15/2026,1789525650,Slider,Y,-6.31,36.83,69.72,1764.8,927.2,52.54,3:24,1,-0.9,10.3,-,-,-,-,-1.73,2.86,4.94,-2.94,-58.3,PitchParams@52a61d83-c479-47eb-bfdd-3d9a9c21d7da,MTD-21126391717,,,,,,,,,,,,,,,-,-,Guanci,high_intent,-,,
Noah Guanci,4,9/15/2026,1789525609,Fastball,Y,6.62,24.06,81.33,2163.8,2001.8,92.51,1:36,1,11.3,-3.2,-,-,-,-,-4.16,-0.91,5.12,-2.94,-22.31,PitchParams@21d6f001-9c84-4aa2-ada3-780f0b247c18,MTD-21126391717,,,,,,,,,,,,,,,-,-,Guanci,high_intent,-,,
Noah Guanci,5,9/15/2026,1789525572,Slider,Y,6.35,20.59,68.86,1910.49,1166.2,61.04,3:18,1,3.7,12.5,-,-,-,-,-2.75,0.92,4.98,-2.97,-52.38,PitchParams@eafdcf7e-17a8-441f-ab8d-16ac2ca178e1,MTD-21126391717,,,,,,,,,,,,,,,-,-,Guanci,high_intent,-,,
Noah Guanci,6,9/15/2026,1789525551,Fastball,N,-6.25,14.37,85.24,2184.71,2071,94.8,10:16,1,13.8,-10.9,-,-,-,-,-3.8,-2.18,5.16,-3.04,-18.57,PitchParams@f196f89c-22a4-4349-9169-7e1bcdd0098c,MTD-21126391717,,,,,,,,,,,,,,,-,-,Guanci,high_intent,-,,
Noah Guanci,7,9/15/2026,1789525528,Slider,N,-12.06,28.68,69.99,1855.89,1256.4,67.7,3:22,1,1.1,11.8,-,-,-,-,-0.82,1.95,4.91,-2.73,-47.39,PitchParams@62026a8e-6692-4cde-98b3-fd90f4b5b244,MTD-21126391717,,,,,,,,,,,,,,,-,-,Guanci,high_intent,-,,
Noah Guanci,8,9/15/2026,1789525502,Slider,N,9.46,15.17,70.9,2032.44,1195.9,58.84,3:30,1,4.1,11.9,-,-,-,-,-3.01,0.21,5.01,-2.91,-53.96,PitchParams@75b35329-ff4b-4071-8401-75024c3db97f,MTD-21126391717,,,,,,,,,,,,,,,-,-,Guanci,high_intent,-,,
Noah Guanci,9,9/15/2026,1789525479,Fastball,Y,-7.87,32.07,80.2,2055.73,1916.2,93.21,1:34,1,11.1,-5.2,-,-,-,-,-3.24,0.12,4.97,-3.15,-21.23,PitchParams@8686da89-8b6d-4434-b940-9f33f7fbecad,MTD-21126391717,,,,,,,,,,,,,,,-,-,Guanci,high_intent,-,,
Noah Guanci,10,9/15/2026,1789525441,TwoSeamFastball,N,-21.23,25.61,81.77,-,-,-,-,0,8.1,-10.4,-,-,-,-,-2.38,-0.57,5.04,-3.06,0,PitchParams@adf5e5a7-3a2a-4674-84c1-a9db4245ae52,MTD-21126391717,,,,,,,,,,,,,,,-,-,Guanci,high_intent,-,,
Noah Guanci,11,9/15/2026,1789525410,Slider,Y,5.33,19.2,69.84,1682.06,975.1,57.97,3:20,1,-0.1,13.8,-,-,-,-,-2.24,1.15,4.96,-2.71,-54.57,PitchParams@a5f1a388-c5ef-4d18-b215-312599896d0c,MTD-21126391717,,,,,,,,,,,,,,,-,-,Guanci,high_intent,-,,
Noah Guanci,12,9/15/2026,1789525386,Slider,Y,1.22,25.09,71.15,1763.12,1046.8,59.37,3:20,1,1.5,10.5,-,-,-,-,-2.19,1.46,4.96,-2.73,-53.58,PitchParams@b7a2d5f7-a095-45b4-86ee-b5151b8155a6,MTD-21126391717,,,,,,,,,,,,,,,-,-,Guanci,high_intent,-,,
Noah Guanci,13,9/15/2026,1789525368,Slider,N,-21.57,40.9,69.8,1660.67,1245.3,74.99,3:08,1,4.3,11.7,-,-,-,-,-0.1,2.81,4.94,-2.87,-41.42,PitchParams@3222396b-b432-4134-a681-4ca03b7d006f,MTD-21126391717,,,,,,,,,,,,,,,-,-,Guanci,high_intent,-,,
Noah Guanci,14,9/15/2026,1789525349,Fastball,N,-29.81,46.46,80.73,2022.12,1841.9,91.09,10:54,1,12.5,-11.4,-,-,-,-,-1.6,1.33,4.91,-2.96,-24.37,PitchParams@f68c2467-f7b1-4333-9f4b-f82f3e75c004,MTD-21126391717,,,,,,,,,,,,,,,-,-,Guanci,high_intent,-,,
Noah Guanci,15,9/15/2026,1789525323,Slider,N,14.74,20.82,71.06,1981.38,1192.8,60.2,3:24,1,3.7,12.7,-,-,-,-,-3.48,0.92,4.86,-2.95,-52.99,PitchParams@f02b22bd-9390-479a-909e-30b3867e5609,MTD-21126391717,,,,,,,,,,,,,,,-,-,Guanci,high_intent,-,,
Noah Guanci,16,9/15/2026,1789525305,Fastball,N,-36.94,62.2,81.25,1913.44,1790.2,93.56,10:22,1,11.8,-7.3,-,-,-,-,-0.58,2.76,4.97,-3,-20.68,PitchParams@692a4506-e6b0-4aef-b844-95abaaa03797,MTD-21126391717,,,,,,,,,,,,,,,-,-,Guanci,high_intent,-,,
Noah Guanci,17,9/15/2026,1789525291,ChangeUp,Y,-6.49,28.16,81.86,2035.43,1888.1,92.76,10:20,1,7.2,-10.4,-,-,-,-,-3.69,0.06,4.91,-2.99,-21.94,PitchParams@4bfc0155-0f9f-4b1d-94c7-bff5ef7ea039,MTD-21126391717,,,,,,,,,,,,,,,-,-,Guanci,high_intent,-,,
Noah Guanci,18,9/15/2026,1789525276,Fastball,Y,2.19,37.3,81.03,2043.16,1868.9,91.47,1:38,1,12.7,-5.8,-,-,-,-,-4.05,0.42,4.92,-2.96,-23.84,PitchParams@8f29dd18-0a00-4bf9-bedc-d0b07a1652a9,MTD-21126391717,,,,,,,,,,,,,,,-,-,Guanci,high_intent,-,,
Noah Guanci,19,9/15/2026,1789525242,Fastball,Y,-5.52,22.28,80.69,2098.33,2003.5,95.48,10:14,1,15.5,-11.5,-,-,-,-,-4.02,-1.26,5.01,-3.12,-17.29,PitchParams@8f13beed-ac6e-4e25-9dc9-f1195f7ae81b,MTD-21126391717,,,,,,,,,,,,,,,-,-,Guanci,high_intent,-,,
Noah Guanci,20,9/15/2026,1789525228,Slider,N,-23.93,56.27,67.58,1194.82,646.8,54.13,2:18,1,1.9,12.3,-,-,-,-,0,4.91,4.8,-3.02,-57.23,PitchParams@2204eb27-4811-4562-bd53-61488f41155e,MTD-21126391717,,,,,,,,,,,,,,,-,-,Guanci,high_intent,-,,
Jack Johnson,1,9/15/2026,1789526223,Fastball,Y,-2.97,29.88,78.77,2022.99,1900.1,93.92,12:56,1,11.3,-4.3,-,-,-,-,-3.23,-0.99,5.91,-2.81,-20.08,PitchParams@a9fc6bde-42e5-40b1-b859-20af7b7bef98,MTD-21126391717,,,,,,,,,,,,,,,-,-,Jack JOHNSON,high_intent,-,,
Jack Johnson,2,9/15/2026,1789526203,Fastball,N,12.74,11.41,78.79,2096.28,1944.4,92.75,1:20,1,13.2,-3.8,-,-,-,-,-4.47,-2.89,5.95,-2.67,-21.95,PitchParams@968ae465-5127-4da3-8480-e111e3cd3092,MTD-21126391717,,,,,,,,,,,,,,,-,-,Jack JOHNSON,high_intent,-,,
Jack Johnson,3,9/15/2026,1789526186,Fastball,N,10.86,27.71,77.81,2077.33,1871,90.07,12:56,1,11.9,-0.4,-,-,-,-,-3.92,-1.14,5.91,-2.61,-25.75,PitchParams@d807f774-ef7c-42f6-a56a-691c91052a7f,MTD-21126391717,,,,,,,,,,,,,,,-,-,Jack JOHNSON,high_intent,-,,
Jack Johnson,4,9/15/2026,1789526162,CurveBall,N,28.64,17.92,67.92,2603.81,2195,84.3,4:20,1,-7,19.6,-,-,-,-,-3.74,1.13,5.84,-2.68,-32.54,PitchParams@45d6f6a9-0715-46b1-9aac-55bff62e80ce,MTD-21126391717,,,,,,,,,,,,,,,-,-,Jack JOHNSON,high_intent,-,,
Jack Johnson,5,9/15/2026,1789526141,Fastball,N,27.87,-5.15,75.35,2013.95,1748.5,86.82,1:30,1,5.5,2.1,-,-,-,-,-5.39,-3.38,5.85,-2.71,-29.75,PitchParams@d3983c78-b69d-4d24-a19a-4ac2ee42b6c1,MTD-21126391717,,,,,,,,,,,,,,,-,-,Jack JOHNSON,high_intent,-,,
Jack Johnson,6,9/15/2026,1789526104,Fastball,Y,5.11,20.74,78.12,2085.4,1933.7,92.72,1:26,1,11.6,-5.5,-,-,-,-,-4.12,-1.96,5.97,-2.88,-21.99,PitchParams@118ea2d2-0abc-4914-a422-a12a19677d65,MTD-21126391717,,,,,,,,,,,,,,,-,-,Jack JOHNSON,high_intent,-,,
Jack Johnson,7,9/15/2026,1789526087,ChangeUp,N,-7.96,4.87,69.66,1531.74,1520.3,99.25,10:00,1,12.4,-11.6,-,-,-,-,-3.4,-2.11,5.77,-2.82,-7.02,PitchParams@a0dd47e2-1574-471e-be41-a1a13a988a1e,MTD-21126391717,,,,,,,,,,,,,,,-,-,Jack JOHNSON,high_intent,-,,
Jack Johnson,8,9/15/2026,1789526054,Fastball,Y,5.6,23.51,77.42,2054.09,1905.3,92.76,1:24,1,11,-3.9,-,-,-,-,-3.89,-1.43,5.95,-2.75,-21.94,PitchParams@d94aefac-5b55-4307-9513-dc82c1ed7e10,MTD-21126391717,,,,,,,,,,,,,,,-,-,Jack JOHNSON,high_intent,-,,
Jack Johnson,10,9/15/2026,1789526019,Fastball,N,24.12,16.63,78.64,1891.46,1756,92.84,10:26,1,13,-6.8,-,-,-,-,-5.87,-2.29,5.95,-2.78,-21.82,PitchParams@dc87617f-56d8-4783-9d6f-bf50765300f4,MTD-21126391717,,,,,,,,,,,,,,,-,-,Jack JOHNSON,high_intent,-,,
Jack Johnson,11,9/15/2026,1789526004,Slider,Y,9.95,38.04,73.34,2066.52,509.9,24.67,3:16,1,1.7,4.9,-,-,-,-,-3.44,1.5,5.79,-2.72,-75.72,PitchParams@6b3a340b-8eef-4bb7-aac3-4bb91ed187b5,MTD-21126391717,,,,,,,,,,,,,,,-,-,Jack JOHNSON,high_intent,-,,
Isaac Jensen,1,9/15/2026,1789526843,Fastball,Y,7.39,37.19,85.12,2035.52,1847.4,90.76,1:04,1,10.9,5.6,-,-,-,-,0.33,-1.17,6.15,0.45,24.82,PitchParams@9c41d8f4-7411-4033-a0e4-68032fac0812,MTD-21126391717,,,,,,,,,,,,,,,-,-,Jensen,high_intent,-,,
Isaac Jensen,2,9/15/2026,1789526824,Slider,N,22.49,14.41,78.67,2333.56,727.2,31.16,6:38,1,-5.1,4.3,-,-,-,-,-1.21,-1.13,6.13,0.42,71.84,PitchParams@0a814b63-e67a-40af-90cd-02363628151c,MTD-21126391717,,,,,,,,,,,,,,,-,-,Jensen,high_intent,-,,
Isaac Jensen,3,9/15/2026,1789526803,Slider,N,13.47,21.84,77.36,2200.46,863.8,39.25,7:16,1,-5.1,1.3,-,-,-,-,-0.7,-0.18,6.15,0.37,66.89,PitchParams@95f308a4-6e29-4793-a8f7-ab1af805fc96,MTD-21126391717,,,,,,,,,,,,,,,-,-,Jensen,high_intent,-,,
Isaac Jensen,4,9/15/2026,1789526782,Fastball,N,18.26,33.52,85.26,2123.27,1974.7,93,1:28,1,12.9,8.3,-,-,-,-,-0.16,-1.57,6.1,0.68,21.56,PitchParams@67ae11a0-ef43-4c4e-82ca-96ddca1d114c,MTD-21126391717,,,,,,,,,,,,,,,-,-,Jensen,high_intent,-,,
Isaac Jensen,5,9/15/2026,1789526753,Slider,N,-1.02,4.87,78.12,2168.76,696.9,32.14,6:50,1,-3.5,3.1,-,-,-,-,0.85,-2.17,6.2,0.42,71.26,PitchParams@3a9cf18d-d2b4-4a3f-a899-cbb2f82fa511,MTD-21126391717,,,,,,,,,,,,,,,-,-,Jensen,high_intent,-,,
Isaac Jensen,6,9/15/2026,1789526732,Fastball,N,-11.45,14.28,86.05,2092.01,1950.9,93.25,1:22,1,15.1,9.1,-,-,-,-,2.06,-3.76,6.23,0.15,21.17,PitchParams@a6c25da1-6501-4a2e-8f13-1c70e1229cbe,MTD-21126391717,,,,,,,,,,,,,,,-,-,Jensen,high_intent,-,,
Isaac Jensen,7,9/15/2026,1789526702,Slider,N,-7.28,5.22,78.37,2350.34,1063,45.23,6:42,1,-5.5,2.5,-,-,-,-,1.31,-1.85,6.07,0.37,63.11,PitchParams@28149805-b74b-4ae0-8362-1b7b6404c828,MTD-21126391717,,,,,,,,,,,,,,,-,-,Jensen,high_intent,-,,
Isaac Jensen,8,9/15/2026,1789526680,Slider,Y,7.67,24.92,76.32,2282.38,711.4,31.17,6:38,1,-0.6,3.1,-,-,-,-,0.09,-0.22,6.06,0.46,71.84,PitchParams@971b537a-0de4-43e4-a7db-04e4302675b6,MTD-21126391717,,,,,,,,,,,,,,,-,-,Jensen,high_intent,-,,
Isaac Jensen,9,9/15/2026,1789526659,Slider,N,5.64,13.62,76.76,2198.43,627,28.52,6:38,1,-1.5,4,-,-,-,-,0.34,-1.37,6.17,0.44,73.43,PitchParams@cdda9f19-8cde-49aa-8d16-e1dcd26f479c,MTD-21126391717,,,,,,,,,,,,,,,-,-,Jensen,high_intent,-,,
Isaac Jensen,10,9/15/2026,1789526625,Fastball,Y,2.8,23.84,84.97,2033.48,1884.1,92.65,1:00,1,15.4,9,-,-,-,-,0.95,-2.64,6.07,0.34,22.1,PitchParams@6151d27e-4617-4fd6-beb3-212543d9d869,MTD-21126391717,,,,,,,,,,,,,,,-,-,Jensen,high_intent,-,,
Isaac Jensen,11,9/15/2026,1789526606,Slider,Y,-0.04,25.01,76.38,2284.15,1184.5,51.86,7:08,1,-4.4,0.4,-,-,-,-,0.67,0.04,6.13,0.57,58.76,PitchParams@41bed95c-8bd7-4270-b4d8-e34f8c701d07,MTD-21126391717,,,,,,,,,,,,,,,-,-,Jensen,high_intent,-,,
Isaac Jensen,12,9/15/2026,1789526569,Slider,N,-19.1,20.75,77.2,2348.7,848.2,36.11,6:30,1,-1.1,2.5,-,-,-,-,2.3,-0.66,6.05,0.28,68.83,PitchParams@4cada354-f9e1-4cc0-8f43-9eb2dfbf86d9,MTD-21126391717,,,,,,,,,,,,,,,-,-,Jensen,high_intent,-,,
Isaac Jensen,13,9/15/2026,1789526552,Fastball,N,-5.83,16.04,85.81,1985.94,1836.6,92.48,1:28,1,13,7.1,-,-,-,-,1.42,-3.32,6.18,0.21,22.36,PitchParams@a1c26288-6e8a-4770-97e9-c71c700e54e7,MTD-21126391717,,,,,,,,,,,,,,,-,-,Jensen,high_intent,-,,
Isaac Jensen,14,9/15/2026,1789526487,Slider,Y,-5.8,20.07,78.25,2229.55,681.8,30.58,6:42,1,-2,-0.3,-,-,-,-,0.94,-0.79,6.08,0.39,72.19,PitchParams@8629c81e-9038-4e3c-8836-27d9d7ce3533,MTD-21126391717,,,,,,,,,,,,,,,-,-,Jensen,high_intent,-,,
Isaac Jensen,15,9/15/2026,1789526464,Slider,Y,-6.23,19.61,79.24,2170.74,1020.8,47.03,6:54,1,-2.5,0.7,-,-,-,-,0.89,-0.97,6.2,0.22,61.95,PitchParams@20fe182d-e366-4aa9-91fd-98d305c787f3,MTD-21126391717,,,,,,,,,,,,,,,-,-,Jensen,high_intent,-,,
Isaac Jensen,16,9/15/2026,1789526439,Slider,N,-9.18,16.44,77.6,2146.91,827.1,38.53,7:22,1,-1.6,3.9,-,-,-,-,1.54,-1.05,6.12,0.31,67.34,PitchParams@a6ffb27b-9755-49c2-90b5-592e511c94b2,MTD-21126391717,,,,,,,,,,,,,,,-,-,Jensen,high_intent,-,,
Isaac Jensen,17,9/15/2026,1789526424,Fastball,N,-11.08,37.33,85.62,2068.14,1831.2,88.54,1:08,1,12.2,10.5,-,-,-,-,2.72,-1.24,6.16,0.66,27.69,PitchParams@f667fc9f-733f-422e-be46-1a4d53a5d70b,MTD-21126391717,,,,,,,,,,,,,,,-,-,Jensen,high_intent,-,,
Zach Pia,1,9/15/2026,1789527554,Fastball,N,31.2,38.18,85.81,1946.34,1925,98.9,1:32,0.5,17.2,12,-,-,-,-,-0.51,-1.49,6.14,1.13,8.5,PitchParams@8ae16cdb-e0d5-43f1-9a7f-a74c0a0e5f83,MTD-21126391717,,,,,,,,,,,,,,,-,-,Pia,high_intent,-,,
Zach Pia,2,9/15/2026,1789527534,Fastball,N,10.61,47.58,86.21,819.11,750.4,91.61,2:10,0.5,18.3,9.9,-,-,-,-,1.12,-0.81,6.11,1.08,-23.63,PitchParams@a3176bdf-4ea8-4d0c-8a42-d7eeacea2a5f,MTD-21126391717,,,,,,,,,,,,,,,-,-,Pia,high_intent,-,,
Zach Pia,3,9/15/2026,1789527514,Fastball,N,16.18,44.83,86.43,2009.34,1806.4,89.9,1:02,0.5,15.4,12.1,-,-,-,-,0.84,-0.67,6.09,1.12,25.97,PitchParams@6340d3be-9395-4011-bede-945b5083eb7c,MTD-21126391717,,,,,,,,,,,,,,,-,-,Pia,high_intent,-,,
Zach Pia,4,9/15/2026,1789527496,Fastball,N,17.59,53.45,86.8,-,-,-,-,0,16.4,14.4,-,-,-,-,0.86,-0.07,6.09,1.05,0,PitchParams@e949c53b-b982-4898-8bf3-c6e22b8c2686,MTD-21126391717,,,,,,,,,,,,,,,-,-,Pia,high_intent,-,,
Zach Pia,5,9/15/2026,1789527458,Fastball,N,24.56,40.87,85.02,1985,1963.6,98.92,1:26,1,21.6,10.3,-,-,-,-,-0.2,-1.59,6.07,1.01,8.41,PitchParams@4eb48a24-fb93-41c1-afff-5ae39180c5e4,MTD-21126391717,,,,,,,,,,,,,,,-,-,Pia,high_intent,-,,
Zach Pia,6,9/15/2026,1789527436,Slider,Y,1.62,32.7,72.23,1581.88,1172.4,74.11,7:24,1,-5.1,-13.9,-,-,-,-,-0.2,1.55,6.02,1.11,42.17,PitchParams@bc3652f0-f3a3-44f8-8f4f-48110e330e49,MTD-21126391717,,,,,,,,,,,,,,,-,-,Pia,high_intent,-,,
Zach Pia,7,9/15/2026,1789527415,Fastball,N,24.67,36.46,87.26,2002.75,1939.6,96.85,1:40,1,19,13.6,-,-,-,-,0.15,-1.85,6.16,1.05,14.42,PitchParams@630b34c3-4da6-4b4c-b18a-04ceeea48a28,MTD-21126391717,,,,,,,,,,,,,,,-,-,Pia,high_intent,-,,
Zach Pia,8,9/15/2026,1789527395,Slider,Y,1.23,29.8,72.06,1806.39,1280.5,70.89,7:34,1,-4.1,-12.8,-,-,-,-,-0.09,1.26,6.07,1.09,44.86,PitchParams@70caf325-7b90-4d4a-970a-5e454467cf47,MTD-21126391717,,,,,,,,,,,,,,,-,-,Pia,high_intent,-,,
Zach Pia,9,9/15/2026,1789527368,Slider,Y,8.61,19.31,72.02,1683.64,1210.9,71.92,7:26,0.5,-6.3,-10.8,-,-,-,-,-0.61,0.34,6.09,1.06,44.01,PitchParams@068a5553-e57f-4f12-9de5-c3b3f3bb8edd,MTD-21126391717,,,,,,,,,,,,,,,-,-,Pia,high_intent,-,,
Zach Pia,10,9/15/2026,1789527329,Slider,N,-11.82,14.7,72.24,1757.52,1026.9,58.43,7:20,1,-1.6,-8.7,-,-,-,-,1.35,-0.43,6.01,0.97,54.25,PitchParams@9d1a52d5-5ce9-455d-9074-9488a4818de2,MTD-21126391717,,,,,,,,,,,,,,,-,-,Pia,high_intent,-,,
Zach Pia,11,9/15/2026,1789527294,Fastball,N,5.88,43.7,86.12,1902.51,1828.8,96.13,1:46,1,16,13.2,-,-,-,-,1.8,-1,6.16,1.03,16,PitchParams@695003e4-6b8d-4506-b5b6-040a7dd20ad7,MTD-21126391717,,,,,,,,,,,,,,,-,-,Pia,high_intent,-,,
Zach Pia,12,9/15/2026,1789527268,Fastball,Y,1.35,35.03,86.94,2118.2,2023.9,95.55,1:36,1,17.7,12.3,-,-,-,-,2.18,-1.97,6.17,1.07,17.16,PitchParams@e88a225b-cebb-4d18-bbe8-c74ec564a528,MTD-21126391717,,,,,,,,,,,,,,,-,-,Pia,high_intent,-,,
Zach Pia,13,9/15/2026,1789527229,Fastball,N,9.77,51.74,86.11,2049.18,1982.9,96.76,1:22,1,16.3,13.1,-,-,-,-,1.38,-0.27,6.16,0.98,14.62,PitchParams@42d4c76c-b2ea-4927-8d7d-3e5e54090315,MTD-21126391717,,,,,,,,,,,,,,,-,-,Pia,high_intent,-,,
Zach Pia,14,9/15/2026,1789527208,Fastball,N,13.31,33.93,85.86,2040.59,2019.8,98.98,1:28,1,18,13.9,-,-,-,-,1.08,-1.99,6.13,0.93,8.19,PitchParams@67d9e8fd-ba21-41cc-89e8-f05eeb1705f9,MTD-21126391717,,,,,,,,,,,,,,,-,-,Pia,high_intent,-,,
Zach Pia,15,9/15/2026,1789527189,Fastball,N,18.5,20.72,85.44,2020.36,1994.8,98.73,1:24,1,16.7,13.6,-,-,-,-,0.71,-3.06,6.08,1.06,9.13,PitchParams@03f20a46-e787-4104-93a9-067cafc7e88c,MTD-21126391717,,,,,,,,,,,,,,,-,-,Pia,high_intent,-,,
Zach Pia,16,9/15/2026,1789527172,Slider,N,11.87,41.55,72.06,1795.19,1019.8,56.81,7:56,1,-0.7,-4.2,-,-,-,-,-0.31,1.99,6.07,1.05,55.39,PitchParams@111c2ab7-ebde-4de7-bf77-66bb8f00af70,MTD-21126391717,,,,,,,,,,,,,,,-,-,Pia,high_intent,-,,
Zach Pia,17,9/15/2026,1789527131,Fastball,N,10.52,32.1,86.74,2170.65,2148,98.96,1:24,1,18.8,14.2,-,-,-,-,1.53,-2.39,6.16,1.08,8.28,PitchParams@3867f47c-cc7a-4367-8a7b-a23ee21ff044,MTD-21126391717,,,,,,,,,,,,,,,-,-,Pia,high_intent,-,,
Zach Pia,18,9/15/2026,1789527094,Fastball,N,10.12,39.32,86.42,2072.49,2017.2,97.33,12:58,1,16,13.1,-,-,-,-,1.35,-1.41,6.17,0.98,13.26,PitchParams@b4a7eaaa-ab1a-49e9-8b5d-cd54d5b0d33e,MTD-21126391717,,,,,,,,,,,,,,,-,-,Pia,high_intent,-,,
Zach Pia,19,9/15/2026,1789527077,Fastball,N,4.94,15.08,86.9,2024.31,1963,96.97,1:14,1,15.9,11.5,-,-,-,-,1.62,-3.71,6.15,0.92,14.13,PitchParams@386caed6-e070-4acf-b92e-8e5737ce5da7,MTD-21126391717,,,,,,,,,,,,,,,-,-,Pia,high_intent,-,,
Zach Pia,20,9/15/2026,1789527061,Slider,N,-17.97,13.86,73.11,1785.52,1331.7,74.58,6:44,1,-3.1,-9.5,-,-,-,-,1.87,-0.5,6.05,0.99,41.77,PitchParams@38200f35-a788-4fd3-91cb-3aa261d92dac,MTD-21126391717,,,,,,,,,,,,,,,-,-,Pia,high_intent,-,,
Colin Stowell,1,9/18/2026,1789774890,Fastball,N,5.68,46.66,83.66,2111.88,2093.6,99.14,1:26,1,17.8,12.7,-,-,-,-,2.09,-0.4,6.03,1.35,7.54,PitchParams@48c07a93-884d-4180-a6b6-a988f9860dee,MTD-21126391717,,,,,,,,,,,,,,,-,-,Stowell,high_intent,-,,
Colin Stowell,2,9/18/2026,1789774869,ChangeUp,Y,9.53,29.97,71.09,1831.15,1806.1,98.63,2:22,1,9.7,17.3,-,-,-,-,3.08,0.71,5.31,2.12,-9.49,PitchParams@add988bf-0a14-405c-b311-12a1ae265376,MTD-21126391717,,,,,,,,,,,,,,,-,-,Stowell,high_intent,-,,
Colin Stowell,3,9/18/2026,1789774848,Fastball,Y,0.39,38.84,83.78,2268.24,2213.9,97.6,1:00,1,21.5,11.8,-,-,-,-,2.64,-1.39,5.93,1.46,12.57,PitchParams@e018b859-7b16-4dec-bcdf-b408d246e6c9,MTD-21126391717,,,,,,,,,,,,,,,-,-,Stowell,high_intent,-,,
Colin Stowell,4,9/18/2026,1789774829,Slider,Y,-2.91,32.25,72.18,1980.74,515.2,26.01,8:48,1,1.2,-1.8,-,-,-,-,2.21,1.58,5.46,1.94,74.92,PitchParams@33e013f6-f8ce-4008-9322-5bb115ff53a3,MTD-21126391717,,,,,,,,,,,,,,,-,-,Stowell,high_intent,-,,
Colin Stowell,5,9/18/2026,1789774813,Slider,Y,0.32,39.51,72.02,1989.54,555.6,27.92,8:42,1,3,-2.2,-,-,-,-,1.89,1.92,5.59,1.93,73.78,PitchParams@1ba44bb5-5be6-4b21-af82-0dace73873eb,MTD-21126391717,,,,,,,,,,,,,,,-,-,Stowell,high_intent,-,,
Colin Stowell,6,9/18/2026,1789774092,Fastball,N,18.2,38.79,82.48,2111.3,2093.9,99.18,1:28,1,17.2,15,-,-,-,-,1.54,-0.92,5.82,1.66,7.36,PitchParams@e75e3d79-fb60-401a-98cb-01e90225041d,MTD-21126391717,,,,,,,,,,,,,,,-,-,Stowell I1,high_intent,-,,
Colin Stowell,7,9/18/2026,1789774074,Fastball,Y,-1.26,20.27,82.49,2052.15,2038.6,99.34,1:28,1,19.3,12.8,-,-,-,-,3.33,-2.88,5.78,1.81,6.6,PitchParams@97bf06d6-8c41-4ead-af1d-36692caaef95,MTD-21126391717,,,,,,,,,,,,,,,-,-,Stowell I1,high_intent,-,,
Colin Stowell,8,9/18/2026,1789774055,TwoSeamFastball,N,19.58,44.53,80.72,2078.5,2064.7,99.34,2:02,1,13.2,15.9,-,-,-,-,2.01,0.86,5.3,2.16,-6.6,PitchParams@501cebe7-fbb4-4cee-960e-24118b07c5bf,MTD-21126391717,,,,,,,,,,,,,,,-,-,Stowell I1,high_intent,-,,
Colin Stowell,9,9/18/2026,1789774034,ChangeUp,N,-26.3,4.91,72.76,1792.41,1788.5,99.78,2:34,1,12.4,18.4,-,-,-,-,6.73,-1.58,5.18,2.54,3.79,PitchParams@ed302d90-b0c6-40fd-982a-14d18b9e88d9,MTD-21126391717,,,,,,,,,,,,,,,-,-,Stowell I1,high_intent,-,,
Colin Stowell,10,9/18/2026,1789774004,Slider,Y,5.37,31.18,72.05,2057.32,549.7,26.72,8:48,1,0.2,-1.5,-,-,-,-,1.81,1.8,5.34,2.24,74.5,PitchParams@edfbb607-89a6-45b8-8a9f-3a01e26f5d80,MTD-21126391717,,,,,,,,,,,,,,,-,-,Stowell I1,high_intent,-,,
Colin Stowell,11,9/18/2026,1789773990,Slider,N,-10.07,38.21,73.29,2001.31,586.2,29.29,8:06,1,2.8,-1,-,-,-,-,3.28,2.02,5.37,2.25,72.97,PitchParams@398ead73-53c8-4e75-82d5-86385a30e3f7,MTD-21126391717,,,,,,,,,,,,,,,-,-,Stowell I1,high_intent,-,,
Colin Stowell,12,9/18/2026,1789773964,ChangeUp,Y,-3.1,35.36,73.12,1739.62,1717.3,98.72,2:22,1,11.4,17.5,-,-,-,-,4.38,0.98,5.26,2.26,-9.19,PitchParams@c4b2114c-99f2-4f43-82c0-421780fa79be,MTD-21126391717,,,,,,,,,,,,,,,-,-,Stowell I1,high_intent,-,,
Colin Stowell,14,9/18/2026,1789773913,Fastball,N,36.18,57.44,82.85,2409.39,2407.6,99.92,1:36,0.5,14.9,19,-,-,-,-,0.61,1.1,5.77,1.99,-2.23,PitchParams@aea67405-0763-4bca-99af-d2bdcef4fa86,MTD-21126391717,,,,,,,,,,,,,,,-,-,Stowell I1,high_intent,-,,
Colin Stowell,15,9/18/2026,1789773893,ChangeUp,Y,2.32,29.74,72.01,1800.47,1775.2,98.6,2:32,1,10.1,14.6,-,-,-,-,3.63,0.61,5.22,2.24,-9.61,PitchParams@833f2637-aff4-4ec0-a8ee-9160206fa386,MTD-21126391717,,,,,,,,,,,,,,,-,-,Stowell I1,high_intent,-,,
Colin Stowell,16,9/18/2026,1789773878,TwoSeamFastball,N,18.33,39.41,79.71,2100.37,2087.2,99.37,1:56,1,13.2,15.5,-,-,-,-,2.11,0.17,5.45,2.14,-6.41,PitchParams@f4d7bb70-b972-4802-8aed-6913dde28772,MTD-21126391717,,,,,,,,,,,,,,,-,-,Stowell I1,high_intent,-,,
Colin Stowell,17,9/18/2026,1789773848,Slider,Y,6.36,37.68,70.98,2007.51,452.4,22.54,8:32,1,2.3,0.6,-,-,-,-,1.99,2.15,5.34,2.28,76.98,PitchParams@dcfc3cdb-a4a3-4b1c-8847-9fe43b24da51,MTD-21126391717,,,,,,,,,,,,,,,-,-,Stowell I1,high_intent,-,,
Colin Stowell,18,9/18/2026,1789773835,ChangeUp,N,7.82,64.65,71.57,1862.13,1809.6,97.18,2:28,1,10.3,16.4,-,-,-,-,3.08,4.02,5.15,2.06,-13.64,PitchParams@3ff05d0a-2e29-42c7-88f2-a3696565c497,MTD-21126391717,,,,,,,,,,,,,,,-,-,Stowell I1,high_intent,-,,
Colin Stowell,19,9/18/2026,1789773771,ChangeUp,N,-33.51,-4.28,74.53,1742.02,1725.3,99.04,2:26,1,10.6,17.7,-,-,-,-,7.06,-2.57,5.28,2.31,-7.94,PitchParams@1155ee00-e7ca-4036-b087-627478a66876,MTD-21126391717,,,,,,,,,,,,,,,-,-,Stowell I1,high_intent,-,,
Colin Stowell,20,9/18/2026,1789773753,ChangeUp,Y,9.79,30.14,72.88,1819.85,1819.5,99.98,2:34,1,5.9,18.7,-,-,-,-,3.27,1.16,5.15,2.25,-1.06,PitchParams@5c5efc35-f97c-46b3-86e8-4d61caf28bde,MTD-21126391717,,,,,,,,,,,,,,,-,-,Stowell I1,high_intent,-,,
Colin Stowell,21,9/18/2026,1789773736,Fastball,Y,7.43,21.52,84.29,2233.4,2230,99.85,1:38,1,14.5,17.8,-,-,-,-,2.89,-2.35,5.79,1.76,3.18,PitchParams@3f8c3c21-3437-449e-bc96-380925097ff0,MTD-21126391717,,,,,,,,,,,,,,,-,-,Stowell I1,high_intent,-,,
Colin Stowell,22,9/18/2026,1789773712,TwoSeamFastball,N,20.53,43.89,78.72,2030.45,2016,99.29,2:00,1,13.9,16,-,-,-,-,1.7,0.59,5.49,1.92,-6.83,PitchParams@8caa9697-b90c-48bb-b231-47df1c6a666e,MTD-21126391717,,,,,,,,,,,,,,,-,-,Stowell I1,high_intent,-,,
Colin Stowell,23,9/18/2026,1789773671,Slider,Y,-0.85,25.1,75.1,2178.44,584.1,26.81,8:38,1,1.7,-4,-,-,-,-,1.97,0.43,5.48,2.05,74.45,PitchParams@929d83aa-7a07-4db9-997a-77bfdd4acde5,MTD-21126391717,,,,,,,,,,,,,,,-,-,Stowell I1,high_intent,-,,
Colin Stowell,24,9/18/2026,1789773656,ChangeUp,N,-18.39,13.68,73.25,1737.45,1734.9,99.86,2:28,1,10.6,15.3,-,-,-,-,5.58,-1.04,5.16,2.22,3.08,PitchParams@b78245f1-b911-47fe-81b8-07a2f2b7b287,MTD-21126391717,,,,,,,,,,,,,,,-,-,Stowell I1,high_intent,-,,
Colin Stowell,25,9/18/2026,1789773640,ChangeUp,N,5.1,15.93,72.72,1755.65,1727.2,98.38,2:32,1,3.9,18.9,-,-,-,-,3.73,0.03,5.08,2.21,-10.33,PitchParams@1652aa67-262a-42ab-8208-d62c1044afdb,MTD-21126391717,,,,,,,,,,,,,,,-,-,Stowell I1,high_intent,-,,
Colin Stowell,26,9/18/2026,1789773626,TwoSeamFastball,Y,-0.47,29.44,80.7,2131.29,2128.1,99.85,2:10,1,11.7,18.5,-,-,-,-,3.97,-0.69,5.47,2.01,-3.16,PitchParams@341b364a-1351-4e8a-9350-05eb32804477,MTD-21126391717,,,,,,,,,,,,,,,-,-,Stowell I1,high_intent,-,,
Eli Bryant,1,9/18/2026,1789775845,Slider,Y,-8.24,24.59,74.62,2111.15,1006.2,47.66,7:24,1,0.2,0.5,-,-,-,-,3.29,0.88,5.07,2.22,61.54,PitchParams@6a1e82cc-b216-426e-b423-a2eec771b6ca,MTD-21126391717,,,,,,,,,,,,,,,-,-,Bryant I2,high_intent,-,,
Eli Bryant,2,9/18/2026,1789775823,Fastball,Y,2.75,28.8,85.65,2002.39,1992.1,99.49,12:48,1,19.8,7.7,-,-,-,-,1.96,-2.63,6.11,1.37,5.81,PitchParams@17472392-bac3-4a8e-b907-44376998f1b2,MTD-21126391717,,,,,,,,,,,,,,,-,-,Bryant I2,high_intent,-,,
Eli Bryant,3,9/18/2026,1789775804,Slider,Y,-2.22,31.48,73.45,2337.34,945,40.43,6:58,1,-4.9,-1.2,-,-,-,-,2.86,2.36,4.98,2.48,66.15,PitchParams@fb0779c1-90c9-4370-b7b0-f1c9568b13a0,MTD-21126391717,,,,,,,,,,,,,,,-,-,Bryant I2,high_intent,-,,
Eli Bryant,4,9/18/2026,1789775784,Fastball,Y,-3.08,29.36,84.83,1914.4,1901.9,99.35,1:06,1,16.3,10.6,-,-,-,-,3.07,-1.73,5.72,1.63,6.54,PitchParams@e2737c0e-6b85-4a97-bcf4-edbf96221e45,MTD-21126391717,,,,,,,,,,,,,,,-,-,Bryant I2,high_intent,-,,
Eli Bryant,5,9/18/2026,1789775737,ChangeUp,N,10.8,33.67,80.03,1795.35,1790,99.7,1:30,1,14.9,12.7,-,-,-,-,2.57,-0.37,5.48,2.23,4.44,PitchParams@7603a47e-df3d-46a6-92a7-64ea1ab057f8,MTD-21126391717,,,,,,,,,,,,,,,-,-,Bryant I2,high_intent,-,,
Eli Bryant,6,9/18/2026,1789775719,ChangeUp,N,15.53,42.44,80.62,1717.29,1717,99.98,1:32,1,14.4,15.4,-,-,-,-,2.41,-0.09,5.74,2.18,1.01,PitchParams@a863b284-82df-4d38-be31-c4dc2751360d,MTD-21126391717,,,,,,,,,,,,,,,-,-,Bryant I2,high_intent,-,,
Eli Bryant,7,9/18/2026,1789775690,Fastball,N,5.09,45.3,83.92,2020.53,2005.7,99.27,1:10,1,17.9,10.2,-,-,-,-,2.6,-0.37,5.65,1.91,6.94,PitchParams@dcf5f187-346e-431a-9740-c441cadd8eda,MTD-21126391717,,,,,,,,,,,,,,,-,-,Bryant I2,high_intent,-,,
Eli Bryant,8,9/18/2026,1789775674,Slider,N,-20.29,20.72,76.52,2373.33,842.1,35.48,6:30,1,-0.2,0.3,-,-,-,-,4.57,0.96,5.01,2.63,69.22,PitchParams@412237ce-36f8-4006-8242-a5eaf9adb752,MTD-21126391717,,,,,,,,,,,,,,,-,-,Bryant I2,high_intent,-,,
Eli Bryant,9,9/18/2026,1789775652,Fastball,N,11.13,32.84,82.67,1847.86,1836.5,99.39,1:28,1,16,14.5,-,-,-,-,2.81,-0.76,5.43,2.33,6.35,PitchParams@83785424-475a-4677-a73e-25aaba2a6d51,MTD-21126391717,,,,,,,,,,,,,,,-,-,Bryant I2,high_intent,-,,
Eli Bryant,10,9/18/2026,1789775636,Fastball,N,-16.58,16.32,85.83,1903.86,1887.7,99.15,1:24,1,19.2,13.4,-,-,-,-,4.79,-3.04,5.69,1.95,7.47,PitchParams@f93c9c6e-088c-401b-8dea-d39cd157f14a,MTD-21126391717,,,,,,,,,,,,,,,-,-,Bryant I2,high_intent,-,,
Eli Bryant,11,9/18/2026,1789775622,Fastball,N,3.12,49.23,86.86,1877.27,1870,99.62,1:08,1,15.4,11.9,-,-,-,-,2.63,-0.05,5.78,1.65,5.03,PitchParams@06091278-fcfb-48cf-87ec-b7f6a6ee5266,MTD-21126391717,,,,,,,,,,,,,,,-,-,Bryant I2,high_intent,-,,
Eli Bryant,12,9/18/2026,1789775595,Fastball,N,-11.91,29.85,85.79,1921.84,1907.2,99.24,1:00,1,19.6,9.2,-,-,-,-,3.7,-2.19,5.99,1.67,7.07,PitchParams@264cca52-1800-4d81-9216-c4c62613f9cf,MTD-21126391717,,,,,,,,,,,,,,,-,-,Bryant I2,high_intent,-,,
Eli Bryant,13,9/18/2026,1789775575,Fastball,N,17.87,35.83,84.14,2067.33,2059.5,99.62,1:24,1,17.9,12.6,-,-,-,-,1.47,-1.14,5.51,1.75,4.97,PitchParams@620aae43-756a-4efe-9709-d089d3892141,MTD-21126391717,,,,,,,,,,,,,,,-,-,Bryant I2,high_intent,-,,
Eli Bryant,14,9/18/2026,1789775560,Fastball,N,-7.02,62.7,84.74,1921.44,1914.6,99.64,1:06,1,19.5,10.7,-,-,-,-,3.65,1.11,5.75,1.91,4.85,PitchParams@c0798000-966f-4aee-a295-73cc8cd060b7,MTD-21126391717,,,,,,,,,,,,,,,-,-,Bryant I2,high_intent,-,,
Eli Bryant,15,9/18/2026,1789775546,Fastball,Y,1.63,20.93,84.02,2002.17,1980,98.89,1:22,1,16.9,13,-,-,-,-,3.31,-2.33,5.73,2.13,8.54,PitchParams@e6223702-78b0-4521-b490-8a8e3401b9c3,MTD-21126391717,,,,,,,,,,,,,,,-,-,Bryant I2,high_intent,-,,
Eli Bryant,16,9/18/2026,1789775506,ChangeUp,N,10.06,44.27,80.33,1893.69,1882,99.38,1:28,1,13.4,14.8,-,-,-,-,2.77,0.68,5.41,2.15,6.37,PitchParams@cabd84ef-86ff-433a-beb4-a547da9f6f7b,MTD-21126391717,,,,,,,,,,,,,,,-,-,Bryant I2,high_intent,-,,
Eli Bryant,17,9/18/2026,1789775493,Fastball,N,1.2,52.75,84.12,1846.09,1839.4,99.64,1:10,1,17,12.9,-,-,-,-,3.03,0.48,5.65,1.77,4.88,PitchParams@f9630067-3ac3-4188-b6d0-13efb488efe0,MTD-21126391717,,,,,,,,,,,,,,,-,-,Bryant I2,high_intent,-,,
Eli Bryant,18,9/18/2026,1789775480,Slider,N,-20.6,20.46,73.63,-,-,-,-,0,-2.4,-1.7,-,-,-,-,4.38,1.03,5,2.36,0,PitchParams@e3b645fb-c2d6-4e6e-aa85-0798c8bc80f3,MTD-21126391717,,,,,,,,,,,,,,,-,-,Bryant I2,high_intent,-,,
Eli Bryant,19,9/18/2026,1789774660,Fastball,Y,-2.86,22.06,86.16,2078.82,2068.8,99.52,1:04,1,17.8,13.4,-,-,-,-,3.15,-2.57,5.84,1.57,5.63,PitchParams@ee9fa733-8da0-4c22-8fbf-3e675a09482a,MTD-21126391717,,,,,,,,,,,,,,,-,-,Bryant I1,high_intent,-,,
Eli Bryant,20,9/18/2026,1789774632,Slider,N,11.37,25.36,71.94,2242.23,1153.9,51.46,7:12,1,-2.8,-1.7,-,-,-,-,1.51,1.85,4.95,2.45,59.03,PitchParams@cacedaa0-f1e6-4abc-a48e-a33bd174349b,MTD-21126391717,,,,,,,,,,,,,,,-,-,Bryant I1,high_intent,-,,
Eli Bryant,21,9/18/2026,1789774611,ChangeUp,N,12.51,25.84,81.84,1796.34,1794.4,99.89,1:34,1,9.8,17.8,-,-,-,-,2.91,-1.01,5.44,2.18,2.7,PitchParams@66fd2276-04b5-4d27-82ef-9c9a2e6d3332,MTD-21126391717,,,,,,,,,,,,,,,-,-,Bryant I1,high_intent,-,,
Eli Bryant,22,9/18/2026,1789774592,Fastball,N,17.63,54.83,83.43,2119.3,2104.7,99.31,1:32,1,14.4,13.8,-,-,-,-,1.76,1.03,5.53,1.89,6.73,PitchParams@2be95ca9-9e16-4b16-9f2c-364096d858eb,MTD-21126391717,,,,,,,,,,,,,,,-,-,Bryant I1,high_intent,-,,
Eli Bryant,23,9/18/2026,1789774574,Slider,N,6.85,45.68,73.93,1831.43,694.9,37.94,7:10,1,0.4,-1.9,-,-,-,-,2.05,3.2,5.03,2.6,67.7,PitchParams@a9c9b538-ea68-4fbe-b68a-0928e8d1788a,MTD-21126391717,,,,,,,,,,,,,,,-,-,Bryant I1,high_intent,-,,
Eli Bryant,24,9/18/2026,1789774500,Fastball,N,3.85,17.04,84.59,2089.86,2089.6,99.99,1:12,1,16.7,9.3,-,-,-,-,2.26,-3.05,5.85,1.58,0.89,PitchParams@9973d292-fcc6-499f-bfcc-cc0d64c0d703,MTD-21126391717,,,,,,,,,,,,,,,-,-,Bryant I1,high_intent,-,,
Eli Bryant,25,9/18/2026,1789774459,Fastball,N,17.65,41.11,84.9,2127.99,2127.7,99.98,1:34,1,13.3,13,-,-,-,-,1.88,-0.03,5.46,2.12,1.01,PitchParams@5b1b5fbf-78da-4ffb-a7db-86e72f3ac542,MTD-21126391717,,,,,,,,,,,,,,,-,-,Bryant I1,high_intent,-,,
Eli Bryant,26,9/18/2026,1789774445,Fastball,N,16.21,23.15,86.36,2097.26,2087.8,99.55,1:02,1,18.1,10.5,-,-,-,-,1.43,-2.81,5.83,1.76,5.45,PitchParams@c1706c54-1932-4e89-ab72-1bc851f59c29,MTD-21126391717,,,,,,,,,,,,,,,-,-,Bryant I1,high_intent,-,,
Eli Bryant,27,9/18/2026,1789774417,Fastball,N,12.41,35.84,85.24,1933.67,1921.9,99.39,1:08,1,16.9,12.1,-,-,-,-,2.25,-1.24,5.59,2.03,6.33,PitchParams@9e7a6274-9bb4-4511-b4aa-a2ba0582fd19,MTD-21126391717,,,,,,,,,,,,,,,-,-,Bryant I1,high_intent,-,,
Eli Bryant,28,9/18/2026,1789774402,Fastball,N,10.47,22.08,86.74,1955.26,1937.8,99.11,1:20,1,18.1,14.1,-,-,-,-,2.69,-2.46,5.68,2.19,7.65,PitchParams@13d7c2bc-18ef-449b-bf74-ce019fd778dd,MTD-21126391717,,,,,,,,,,,,,,,-,-,Bryant I1,high_intent,-,,
Eli Bryant,29,9/18/2026,1789774389,ChangeUp,N,37.78,33.85,81.62,1407.14,1363.1,96.87,2:32,1,6.6,14.7,-,-,-,-,0.21,0.51,5.07,2.11,-14.38,PitchParams@5e8477a1-e836-4abe-8538-b3a3e0dd2913,MTD-21126391717,,,,,,,,,,,,,,,-,-,Bryant I1,high_intent,-,,
Eli Bryant,30,9/18/2026,1789774365,Fastball,N,-8.27,45.06,87.04,2012.58,1963.7,97.57,12:56,1,15.9,10.7,-,-,-,-,3.51,-0.53,5.69,1.56,12.66,PitchParams@1813b2d9-7111-4388-817a-53032a2e2fda,MTD-21126391717,,,,,,,,,,,,,,,-,-,Bryant I1,high_intent,-,,
Eli Bryant,31,9/18/2026,1789774351,Fastball,Y,0.34,33.97,87.68,2062.66,2014.8,97.68,12:58,1,19.1,13,-,-,-,-,3.17,-1.63,5.76,1.89,12.36,PitchParams@ce9684e4-24ab-4034-8442-5330856a6617,MTD-21126391717,,,,,,,,,,,,,,,-,-,Bryant I1,high_intent,-,,
Eli Bryant,32,9/18/2026,1789774337,Fastball,Y,-0.06,37.44,85.72,2025.34,1978.8,97.7,1:06,1,17.9,10.6,-,-,-,-,3.25,-0.92,5.6,2.12,12.31,PitchParams@3b76cf32-1a68-4b60-8e3d-b66dc03f284c,MTD-21126391717,,,,,,,,,,,,,,,-,-,Bryant I1,high_intent,-,,
Eli Bryant,33,9/18/2026,1789774310,Slider,Y,2.37,41.15,77.15,2419.85,931.7,38.5,7:12,1,-3.1,-0.1,-,-,-,-,2.27,2.51,5.08,2.24,67.36,PitchParams@89e32dc4-5d1c-4a76-81d2-836c778caf09,MTD-21126391717,,,,,,,,,,,,,,,-,-,Bryant I1,high_intent,-,,
Eli Bryant,34,9/18/2026,1789774297,Fastball,N,-17.78,23.26,87.36,1879.68,1860.7,98.99,1:06,1,19.5,10.3,-,-,-,-,4.3,-2.81,5.95,1.65,8.14,PitchParams@e10cf74a-7de1-4d5b-ab55-ba924c1c25d2,MTD-21126391717,,,,,,,,,,,,,,,-,-,Bryant I1,high_intent,-,,
Eli Bryant,35,9/18/2026,1789774283,Slider,Y,-4.01,25.89,76.56,2389.85,988,41.34,7:00,1,-2.2,1.6,-,-,-,-,3.2,1.03,5.11,2.39,65.58,PitchParams@4416c87c-5879-4297-b125-0770ed14d70e,MTD-21126391717,,,,,,,,,,,,,,,-,-,Bryant I1,high_intent,-,,
Eli Bryant,36,9/18/2026,1789774271,Fastball,N,-10.62,20.07,86.8,2090.13,2078.6,99.45,1:10,1,20,12.5,-,-,-,-,3.75,-3.07,5.93,1.55,6.03,PitchParams@9406c680-e87a-4680-843e-3218b3dd70ae,MTD-21126391717,,,,,,,,,,,,,,,-,-,Bryant I1,high_intent,-,,
Jackson Charney,1,9/18/2026,1789776584,TwoSeamFastball,N,16.41,40.6,89.96,1940.02,1938.4,99.92,10:10,1,9.6,-14.7,-,-,-,-,-5.08,0.08,5.36,-2.13,-2.33,PitchParams@494077cc-49d4-479c-a1ac-c9fd88971073,MTD-21126391717,,,,,,,,,,,,,,,-,-,Charney I3,high_intent,-,,
Jackson Charney,2,9/18/2026,1789776565,Fastball,N,10.58,23.64,87.09,1813.44,1792.1,98.82,10:08,1,12.1,-12.4,-,-,-,-,-4.32,-1.41,5.31,-2.09,-8.8,PitchParams@d83bc957-3649-451c-8dfd-657e27bbe80c,MTD-21126391717,,,,,,,,,,,,,,,-,-,Charney I3,high_intent,-,,
Jackson Charney,3,9/18/2026,1789776547,Fastball,N,24.92,42.04,89.26,1839.77,1810.1,98.39,10:32,1,12.5,-12.3,-,-,-,-,-5.75,0.07,5.34,-2.25,-10.3,PitchParams@4e53779c-d532-4f07-a4e8-779e2c28426b,MTD-21126391717,,,,,,,,,,,,,,,-,-,Charney I3,high_intent,-,,
Jackson Charney,4,9/18/2026,1789776530,TwoSeamFastball,N,16.52,36.6,88.7,1987.82,1958.9,98.55,9:52,1,10.1,-14.9,-,-,-,-,-5.16,-0.3,5.41,-2.18,-9.78,PitchParams@fc3e1a0c-d8c7-47fd-a4ef-a3102ca3b43c,MTD-21126391717,,,,,,,,,,,,,,,-,-,Charney I3,high_intent,-,,
Jackson Charney,5,9/18/2026,1789776512,Fastball,N,10.01,26.83,88.84,2006.15,2005.1,99.95,10:00,1,14.8,-15,-,-,-,-,-4.74,-1.57,5.37,-2.32,-1.84,PitchParams@b3f59d87-deff-4aa7-b5d1-2947df086310,MTD-21126391717,,,,,,,,,,,,,,,-,-,Charney I3,high_intent,-,,
Jackson Charney,6,9/18/2026,1789776486,Fastball,Y,-5.71,39.19,88.86,2019.94,2018.8,99.94,10:06,1,15.2,-14.2,-,-,-,-,-3.03,-0.62,5.47,-2.1,-1.9,PitchParams@730f4bb9-3fb8-42c2-a50f-254e1cff0853,MTD-21126391717,,,,,,,,,,,,,,,-,-,Charney I3,high_intent,-,,
Jackson Charney,7,9/18/2026,1789776466,Fastball,Y,-5.94,35.6,87.22,1886.19,1884.8,99.93,8:00,1,5.7,-17.4,-,-,-,-,-3.26,-0.06,5.34,-1.96,-2.17,PitchParams@f07833b3-0832-41a6-9455-efc3737aa472,MTD-21126391717,,,,,,,,,,,,,,,-,-,Charney I3,high_intent,-,,
Jackson Charney,8,9/18/2026,1789776445,Fastball,Y,-9.54,35.39,87.04,2009.84,2009.7,99.99,9:56,1,15.9,-13.2,-,-,-,-,-2.74,-0.87,5.47,-2.23,-0.66,PitchParams@ab0ed467-12df-4aac-a515-d0eacc253252,MTD-21126391717,,,,,,,,,,,,,,,-,-,Charney I3,high_intent,-,,
Jackson Charney,9,9/18/2026,1789776425,Fastball,N,-10.36,37.16,87.78,1969.53,1968.2,99.93,10:02,1,13.5,-13,-,-,-,-,-2.57,-0.43,5.36,-2.16,-2.08,PitchParams@58567869-bd4d-4534-89bd-0048021a93e4,MTD-21126391717,,,,,,,,,,,,,,,-,-,Charney I3,high_intent,-,,
Jackson Charney,10,9/18/2026,1789776394,ChangeUp,Y,-8.33,23.03,77.16,2106.7,1903.4,90.35,9:24,1,7.9,-16.4,-,-,-,-,-3.1,-0.49,5.32,-2.11,25.38,PitchParams@3faeb1c4-4a2e-40d3-90be-480ad56c0e5f,MTD-21126391717,,,,,,,,,,,,,,,-,-,Charney I3,high_intent,-,,
Jackson Charney,11,9/18/2026,1789776363,TwoSeamFastball,Y,-2.02,32.11,86.32,1937.91,1919.6,99.06,10:10,1,8.1,-13.2,-,-,-,-,-3.19,-0.17,5.28,-2.03,-7.87,PitchParams@98c5c6fc-af3a-455c-90ae-ae8a47f36345,MTD-21126391717,,,,,,,,,,,,,,,-,-,Charney I3,high_intent,-,,
Jackson Charney,12,9/18/2026,1789776345,Fastball,N,19.67,22.56,87.73,1936.63,1933.5,99.84,10:02,1,16.1,-10.4,-,-,-,-,-5.03,-2.1,5.26,-2,-3.28,PitchParams@79729472-4d47-4398-827c-98a6d3e5b432,MTD-21126391717,,,,,,,,,,,,,,,-,-,Charney I3,high_intent,-,,
Jackson Charney,13,9/18/2026,1789776325,TwoSeamFastball,Y,-1.17,36.46,86.85,2017.93,2016.5,99.93,10:04,1,8.7,-13.8,-,-,-,-,-3.35,-0.26,5.42,-1.93,-2.18,PitchParams@d6e83af5-12bb-415f-ba2f-dad8be299525,MTD-21126391717,,,,,,,,,,,,,,,-,-,Charney I3,high_intent,-,,
Jackson Charney,14,9/18/2026,1789776267,Fastball,N,9.01,11.06,85.39,1975.02,1968.6,99.67,9:38,1,15.4,-14.3,-,-,-,-,-4.27,-2.73,5.34,-2.02,-4.63,PitchParams@7e2bdaa4-b2e1-40ce-b164-e1581bdfef50,MTD-21126391717,,,,,,,,,,,,,,,-,-,Charney I3,high_intent,-,,
Jackson Charney,15,9/18/2026,1789776250,ChangeUp,N,-18.83,24.37,82.6,1864.56,1834.7,98.4,9:42,1,13.1,-15.5,-,-,-,-,-2.02,-1.42,5.37,-2.08,10.27,PitchParams@407d4872-b612-49f7-b122-733cf5ba23ab,MTD-21126391717,,,,,,,,,,,,,,,-,-,Charney I3,high_intent,-,,
Jackson Charney,16,9/18/2026,1789776235,Slider,N,-17.32,12.31,72.08,1998.88,1676.5,83.87,4:02,1,-3.5,18.2,-,-,-,-,0.74,0.41,5.26,-2.29,-32.99,PitchParams@ced214b7-5976-4615-9fdb-082a3ea85f82,MTD-21126391717,,,,,,,,,,,,,,,-,-,Charney I3,high_intent,-,,
Jackson Charney,17,9/18/2026,1789776220,Fastball,Y,0.54,20.74,85.78,2017.56,2002.1,99.23,9:40,1,14.2,-11.9,-,-,-,-,-3.4,-1.78,5.39,-2.12,7.1,PitchParams@2f2fa3f9-e4ca-4ccf-83d5-44da0f90460e,MTD-21126391717,,,,,,,,,,,,,,,-,-,Charney I3,high_intent,-,,
Peyton Larrabee,1,9/18/2026,1789777199,Slider,N,-12.32,23.32,76.26,2345.52,1185.2,50.53,7:30,1,-5,-3.1,-,-,-,-,3.21,-0.01,6.15,2.15,59.65,PitchParams@932a1ec0-a3d4-4d75-80ca-f47be84c70f6,MTD-21126391717,,,,,,,,,,,,,,,-,-,Larrabee,high_intent,-,,
Peyton Larrabee,2,9/18/2026,1789777179,Fastball,Y,0.04,38.55,84.51,2310.15,2144.3,92.82,1:28,1,14.6,10.1,-,-,-,-,3.4,-1.34,6.28,2.25,21.84,PitchParams@27a2e92b-7064-4a6b-ba55-86194074c7ed,MTD-21126391717,,,,,,,,,,,,,,,-,-,Larrabee,high_intent,-,,
Peyton Larrabee,3,9/18/2026,1789777160,Fastball,N,2.4,51.53,84.96,2264.4,2093.9,92.47,1:30,1,14.5,8.8,-,-,-,-,2.92,-0.26,6.4,2.13,22.37,PitchParams@8649a9b3-139d-4fbe-82a4-5ba7ab777dbe,MTD-21126391717,,,,,,,,,,,,,,,-,-,Larrabee,high_intent,-,,
Peyton Larrabee,4,9/18/2026,1789777120,Fastball,N,-10.38,39.7,83.76,2139.73,1998.2,93.39,1:30,1,14.9,7.7,-,-,-,-,3.66,-1.36,6.42,1.81,20.96,PitchParams@5ce56fea-55d1-46b0-9fb0-887bed81c90e,MTD-21126391717,,,,,,,,,,,,,,,-,-,Larrabee,high_intent,-,,
Peyton Larrabee,5,9/18/2026,1789777085,Slider,N,-17.88,19.86,77.86,2422.5,1019.1,42.07,7:28,1,-0.2,-3.6,-,-,-,-,3.61,-0.99,6.16,2.08,65.12,PitchParams@847257f0-8bec-4981-9152-2f06191b2a9d,MTD-21126391717,,,,,,,,,,,,,,,-,-,Larrabee,high_intent,-,,
Peyton Larrabee,6,9/18/2026,1789777065,Fastball,N,-14.57,20.29,85.34,2406.67,2240.7,93.1,1:28,1,18.9,10.3,-,-,-,-,4.45,-3.61,6.44,1.98,21.41,PitchParams@281033b7-20ce-4554-b08f-02d0fcd64b07,MTD-21126391717,,,,,,,,,,,,,,,-,-,Larrabee,high_intent,-,,
Peyton Larrabee,7,9/18/2026,1789777041,Fastball,Y,0.62,38.85,85.63,2370.24,2141.7,90.36,1:08,1,14.5,7,-,-,-,-,2.79,-1.43,6.4,2.02,25.37,PitchParams@cf40fa83-a004-4433-93e8-cfddb7ba571f,MTD-21126391717,,,,,,,,,,,,,,,-,-,Larrabee,high_intent,-,,
Peyton Larrabee,8,9/18/2026,1789777012,Slider,Y,-9.07,27.65,76.73,2419.39,1179.1,48.74,7:36,1,-3.5,-7,-,-,-,-,2.47,0.05,6.23,2.06,60.83,PitchParams@0ecf40f3-f6fb-4aec-af0f-9c7029498bef,MTD-21126391717,,,,,,,,,,,,,,,-,-,Larrabee,high_intent,-,,
Peyton Larrabee,9,9/18/2026,1789776993,Fastball,Y,8.94,41.58,84.4,2299.32,2091.5,90.96,1:06,1,15.4,6.7,-,-,-,-,2.12,-1.17,6.32,2.1,24.55,PitchParams@b0904cfa-e37f-47f9-8013-d71daddc31ed,MTD-21126391717,,,,,,,,,,,,,,,-,-,Larrabee,high_intent,-,,
Peyton Larrabee,10,9/18/2026,1789776976,Slider,N,-12.35,21.97,76.35,2367.16,1116.2,47.15,7:32,1,-2.6,-2.7,-,-,-,-,3.23,-0.37,6.14,2.12,61.87,PitchParams@71090cab-7063-4ff6-a8aa-fa39ab327c7d,MTD-21126391717,,,,,,,,,,,,,,,-,-,Larrabee,high_intent,-,,
Peyton Larrabee,11,9/18/2026,1789776956,Slider,Y,6.67,34.74,75.6,2422.94,1253.6,51.74,7:38,1,-4.7,-4.2,-,-,-,-,1.51,1,6.17,2.29,58.84,PitchParams@0d9d4a12-fe22-4a51-b057-d9e4cf7d44b2,MTD-21126391717,,,,,,,,,,,,,,,-,-,Larrabee,high_intent,-,,
Peyton Larrabee,12,9/18/2026,1789776937,Slider,Y,-9.94,20.15,76.95,2350.25,1111.5,47.29,7:32,1,-4.6,-1.1,-,-,-,-,3.23,-0.43,6.19,2.21,61.78,PitchParams@f7df1141-2399-430b-8e61-35eef6da184c,MTD-21126391717,,,,,,,,,,,,,,,-,-,Larrabee,high_intent,-,,
Peyton Larrabee,13,9/18/2026,1789776878,Fastball,Y,6.69,37.92,85.41,2361.73,1881.7,79.67,2:20,1,17.8,11.6,-,-,-,-,2.76,-1.83,6.43,2.1,37.18,PitchParams@168df2d4-d2fd-405a-b031-5dc339a0021f,MTD-21126391717,,,,,,,,,,,,,,,-,-,Larrabee,high_intent,-,,
Peyton Larrabee,14,9/18/2026,1789776801,Fastball,Y,-1.39,30.18,84.6,2188.03,2035,93.01,1:32,1,13.2,8.9,-,-,-,-,3.27,-1.98,6.25,2.1,21.56,PitchParams@840be3d4-4772-4cd8-b379-b14ae0109f06,MTD-21126391717,,,,,,,,,,,,,,,-,-,Larrabee,high_intent,-,,
Max Berberian,1,9/18/2026,1789777838,Fastball,Y,-5.98,27.26,82.97,2208.03,2046.3,92.67,12:06,1,17.4,1.7,-,-,-,-,1.34,-2.3,6.13,0.59,22.07,PitchParams@f348aa23-7b7b-4b51-99a1-85b013bedd79,MTD-21126391717,,,,,,,,,,,,,,,-,-,Berberian,high_intent,-,,
Max Berberian,2,9/18/2026,1789777794,Fastball,Y,-5.85,19.28,84.08,2060.8,1933.1,93.8,12:26,1,18.6,3.3,-,-,-,-,1.26,-3.18,6.13,0.39,20.27,PitchParams@b3cb3c74-7d05-4bcc-82bb-e36cdec6d8bc,MTD-21126391717,,,,,,,,,,,,,,,-,-,Berberian,high_intent,-,,
Max Berberian,3,9/18/2026,1789777768,Fastball,N,-6.38,42.43,82.81,2023.27,1871.5,92.5,12:12,1,16.2,2.5,-,-,-,-,1.35,-0.8,6.17,0.49,22.34,PitchParams@5def59d7-f008-4bba-b69c-db300e5fb519,MTD-21126391717,,,,,,,,,,,,,,,-,-,Berberian,high_intent,-,,
Max Berberian,4,9/18/2026,1789777746,CurveBall,N,8.4,7.26,71.88,2295.72,1704.8,74.26,7:28,1,-9.1,-4,-,-,-,-,-0.33,-0.54,6.03,0.73,42.05,PitchParams@8e5c6d61-6bcb-431f-8f08-0a5ad75b4043,MTD-21126391717,,,,,,,,,,,,,,,-,-,Berberian,high_intent,-,,
Max Berberian,5,9/18/2026,1789777724,Fastball,Y,9.98,41.17,82.31,1918.93,1787.4,93.14,12:00,1,10.8,2.1,-,-,-,-,0.06,-0.14,6.02,0.71,21.34,PitchParams@9ce71109-544e-45cc-9037-f8adab363061,MTD-21126391717,,,,,,,,,,,,,,,-,-,Berberian,high_intent,-,,
Max Berberian,6,9/18/2026,1789777707,Fastball,N,-15.78,35.68,82.41,1914.73,1747.6,91.27,12:08,1,13.8,1.4,-,-,-,-,2.18,-1.14,6.1,0.54,24.12,PitchParams@c890915b-071a-4c7e-bde8-85c6efe46016,MTD-21126391717,,,,,,,,,,,,,,,-,-,Berberian,high_intent,-,,
Max Berberian,7,9/18/2026,1789777688,CurveBall,N,-14.04,33.62,73.15,2421.79,1792.8,74.03,7:22,1,-8.9,-7.7,-,-,-,-,1.39,1.89,6.16,0.74,42.25,PitchParams@87a15256-dc96-45ad-8f2d-66fa381a7e98,MTD-21126391717,,,,,,,,,,,,,,,-,-,Berberian,high_intent,-,,
Max Berberian,8,9/18/2026,1789777645,CurveBall,Y,1.48,24.35,75.69,2392.78,1709.9,71.46,7:28,1,-10.4,-5.4,-,-,-,-,-0.25,0.9,6.1,0.33,44.39,PitchParams@8b31571d-38fe-4f0e-9a41-f52e50f1336d,MTD-21126391717,,,,,,,,,,,,,,,-,-,Berberian,high_intent,-,,
Max Berberian,9,9/18/2026,1789777616,CurveBall,Y,0.71,27.35,73.13,2026.67,1400.2,69.09,7:30,1,-8.9,-1.6,-,-,-,-,0.36,1.23,6.12,0.53,46.3,PitchParams@8565d7d0-ca48-4dba-bb88-dd9b63517fe7,MTD-21126391717,,,,,,,,,,,,,,,-,-,Berberian,high_intent,-,,
Max Berberian,10,9/18/2026,1789777587,ChangeUp,N,-1.01,77.07,79.91,1997.53,1991.8,99.71,10:46,0.5,17.1,-0.3,-,-,-,-,0.95,2.64,6.15,0.8,4.35,PitchParams@6de66e1f-b425-4d8e-8bf0-eafd70173379,MTD-21126391717,,,,,,,,,,,,,,,-,-,Berberian,high_intent,-,,
Max Berberian,11,9/18/2026,1789777573,CurveBall,Y,-2.06,33.75,72.34,2103.46,1506.5,71.62,7:28,1,-9.9,-6,-,-,-,-,0.69,2.13,5.99,0.96,44.26,PitchParams@3b7689d8-9216-4c6b-b499-80ef3a54bbae,MTD-21126391717,,,,,,,,,,,,,,,-,-,Berberian,high_intent,-,,
Max Berberian,12,9/18/2026,1789777540,CurveBall,N,3.71,42.09,75.09,1634.15,1146.5,70.16,7:22,1,-1.9,-1,-,-,-,-,0.19,1.85,5.96,0.57,45.45,PitchParams@9dbed911-8c6d-4cd1-8dcf-f4903bc10268,MTD-21126391717,,,,,,,,,,,,,,,-,-,Berberian,high_intent,-,,
Max Berberian,13,9/18/2026,1789777521,Fastball,Y,-3.3,31.13,83.94,1871.87,1771.2,94.62,12:16,1,13.7,3.2,-,-,-,-,1.19,-1.6,6.03,0.54,18.88,PitchParams@ebe39f79-e1b8-4f88-b48d-8af1411215d6,MTD-21126391717,,,,,,,,,,,,,,,-,-,Berberian,high_intent,-,,
Max Berberian,14,9/18/2026,1789777501,CurveBall,Y,-5.08,28.47,73.37,2363.83,1719.3,72.74,7:32,1,-,-,-,-,-,-,0.28,1.7,5.79,0.85,43.34,PitchParams@edfbecd8-1021-4caf-8d40-85e3e48eb7c7,MTD-21126391717,,,,,,,,,,,,,,,-,-,Berberian,high_intent,-,,
Max Berberian,15,9/18/2026,1789777481,CurveBall,Y,7.01,33.85,74.88,2531.36,1559.6,61.61,7:40,1,-6.7,-7.7,-,-,-,-,-0.67,1.55,5.95,0.61,51.97,PitchParams@892c647c-febc-487c-bb5c-3e0e1f6058c3,MTD-21126391717,,,,,,,,,,,,,,,-,-,Berberian,high_intent,-,,
Max Berberian,16,9/18/2026,1789777469,Fastball,N,5.87,52.79,84.98,2133.33,2023.7,94.86,12:16,1,17.5,1.9,-,-,-,-,0.59,0.06,5.99,0.87,18.45,PitchParams@b72112f6-7503-4596-ba03-a5a10b9975d0,MTD-21126391717,,,,,,,,,,,,,,,-,-,Berberian,high_intent,-,,
Max Berberian,17,9/18/2026,1789777436,Fastball,Y,-2.15,31.77,83.5,2096.3,1977.8,94.35,12:14,1,17.3,3.2,-,-,-,-,1.19,-1.85,6.01,0.63,19.36,PitchParams@15b85581-a2e0-4058-b42c-b875c847374c,MTD-21126391717,,,,,,,,,,,,,,,-,-,Berberian,high_intent,-,,
Max Berberian,18,9/18/2026,1789777417,CurveBall,N,-15.57,15.87,74.69,2493.26,1528.4,61.3,7:34,1,-9.5,-5.8,-,-,-,-,1.36,0.08,6.01,0.43,52.19,PitchParams@9a1038b7-fd00-4e74-84e6-e36e1311c96f,MTD-21126391717,,,,,,,,,,,,,,,-,-,Berberian,high_intent,-,,
Max Berberian,19,9/18/2026,1789777399,Fastball,N,-15.09,41.46,84.6,2099.45,1981,94.36,12:38,1,18,4.7,-,-,-,-,2.53,-0.88,5.93,0.68,19.34,PitchParams@ee7da9cc-27e5-4772-a115-0b9d02169b5e,MTD-21126391717,,,,,,,,,,,,,,,-,-,Berberian,high_intent,-,,
Max Berberian,20,9/18/2026,1789777379,CurveBall,N,11.03,39.11,74.28,2366.2,1642.5,69.42,7:36,1,-10,-7,-,-,-,-,-0.87,2.5,5.88,0.71,46.04,PitchParams@876f5d18-29a9-4a67-9caa-c34850ad427b,MTD-21126391717,,,,,,,,,,,,,,,-,-,Berberian,high_intent,-,,
Max Berberian,21,9/18/2026,1789777362,CurveBall,N,12.76,32.05,74.04,2370.88,1608.3,67.83,7:36,1,-6.9,-7.6,-,-,-,-,-1.05,1.52,5.98,0.72,47.29,PitchParams@cf94b280-d9e1-4b8b-8d0f-bb31e50e66f0,MTD-21126391717,,,,,,,,,,,,,,,-,-,Berberian,high_intent,-,,
Max Berberian,22,9/18/2026,1789777347,CurveBall,N,19.66,38.55,74.05,2248.28,1516.6,67.45,7:28,1,-8.8,-4.5,-,-,-,-,-1.19,2.26,6.05,0.9,47.58,PitchParams@9f654095-fdf7-436c-ae35-518b138b84ab,MTD-21126391717,,,,,,,,,,,,,,,-,-,Berberian,high_intent,-,,
Noah Guanci,1,9/18/2026,1789778437,Slider,Y,-2.41,30.54,69.62,1709.35,1172.6,68.6,3:10,1,-1.3,10.9,-,-,-,-,-1.26,2.45,4.97,-2.24,-46.69,PitchParams@3c928f9c-3cb7-4607-ad5c-8e95b1ec5391,MTD-21126391717,,,,,,,,,,,,,,,-,-,Guanci,high_intent,-,,
Noah Guanci,2,9/18/2026,1789778416,ChangeUp,N,-10.42,0.65,75.67,1880.51,1524.2,81.05,9:36,1,5.7,-14.5,-,-,-,-,-3.21,-1.86,4.95,-2.53,-35.85,PitchParams@a3c61186-ba91-4b1f-b819-7e34635d764d,MTD-21126391717,,,,,,,,,,,,,,,-,-,Guanci,high_intent,-,,
Noah Guanci,3,9/18/2026,1789778393,Fastball,Y,-7.31,23.01,81.86,2244.82,2075.2,92.44,10:26,1,14.6,-9.4,-,-,-,-,-2.97,-1.23,4.96,-2.48,-22.42,PitchParams@ab946bdf-352d-4e41-9b34-a8a9771c00ec,MTD-21126391717,,,,,,,,,,,,,,,-,-,Guanci,high_intent,-,,
Noah Guanci,4,9/18/2026,1789778370,Slider,Y,9.05,22.33,69.81,1965.89,1261.1,64.15,3:42,1,1.7,12.3,-,-,-,-,-2.43,1.42,4.87,-2.45,-50.1,PitchParams@61ad1f37-896e-4ee2-9961-59e3ecb35be5,MTD-21126391717,,,,,,,,,,,,,,,-,-,Guanci,high_intent,-,,
Noah Guanci,5,9/18/2026,1789778350,Fastball,Y,-8.66,36.43,80.35,2190.6,2052.5,93.69,10:24,1,12,-9.3,-,-,-,-,-3.07,0.5,4.87,-2.69,-20.46,PitchParams@6f483db2-1bae-43c9-9b2d-b2add36428dc,MTD-21126391717,,,,,,,,,,,,,,,-,-,Guanci,high_intent,-,,
Noah Guanci,6,9/18/2026,1789778333,Slider,Y,5.66,38.46,69.89,1908.85,1110.4,58.17,3:18,1,2.2,10.3,-,-,-,-,-2.35,3.01,4.86,-2.53,-54.43,PitchParams@1e061186-a112-45ff-8491-fc55095c98b9,MTD-21126391717,,,,,,,,,,,,,,,-,-,Guanci,high_intent,-,,
Noah Guanci,7,9/18/2026,1789778253,Slider,Y,2.31,21.21,69.48,1983.8,1212.9,61.14,3:24,1,4.7,9.7,-,-,-,-,-2.16,1.17,4.9,-2.6,-52.31,PitchParams@6283c4a0-80bd-4fdb-9bfd-5f8d2bd7447c,MTD-21126391717,,,,,,,,,,,,,,,-,-,Guanci,high_intent,-,,
Noah Guanci,8,9/18/2026,1789778236,Fastball,N,11,42.62,78.29,2239.87,2073.8,92.59,10:16,1,11.1,-6.1,-,-,-,-,-4.64,1.28,4.97,-2.74,-22.2,PitchParams@d5823689-d882-402c-9257-98f284d6b3b9,MTD-21126391717,,,,,,,,,,,,,,,-,-,Guanci,high_intent,-,,
Noah Guanci,9,9/18/2026,1789778200,Slider,N,14.2,28.41,70.78,1972.85,1059.7,53.71,3:18,1,3.7,10,-,-,-,-,-2.91,1.69,4.97,-2.29,-57.51,PitchParams@7f23c656-d4e4-4402-815a-0e65cb78f7e1,MTD-21126391717,,,,,,,,,,,,,,,-,-,Guanci,high_intent,-,,
Noah Guanci,10,9/18/2026,1789778182,Fastball,Y,7.26,28.58,80.25,2131.63,2033,95.37,10:10,1,12.1,-11.5,-,-,-,-,-4.5,-0.14,4.84,-2.47,-17.5,PitchParams@5104e5e0-acba-4421-905a-222ea96e531d,MTD-21126391717,,,,,,,,,,,,,,,-,-,Guanci,high_intent,-,,
Noah Guanci,11,9/18/2026,1789778165,Slider,N,-14.85,18.63,71.27,1879.54,1221.6,65,3:52,1,2.6,7.7,-,-,-,-,-0.6,0.75,4.88,-2.42,-49.46,PitchParams@252db7bb-54e9-40fd-bf6f-2ed0dcea53d6,MTD-21126391717,,,,,,,,,,,,,,,-,-,Guanci,high_intent,-,,
Noah Guanci,12,9/18/2026,1789778151,Slider,N,17.29,21.14,69.28,1836.03,1079,58.77,3:22,1,2,12.1,-,-,-,-,-3.11,1.18,4.92,-2.34,-54.01,PitchParams@592433cc-8ab0-4126-9967-94c640b16c95,MTD-21126391717,,,,,,,,,,,,,,,-,-,Guanci,high_intent,-,,
Noah Guanci,13,9/18/2026,1789778131,Fastball,Y,-1.54,40.14,80.22,2257.83,2158.7,95.61,10:20,1,11.4,-9.7,-,-,-,-,-3.57,0.89,4.97,-2.54,-17.04,PitchParams@0a6a6070-b83b-4a1f-a31b-e703892eecd9,MTD-21126391717,,,,,,,,,,,,,,,-,-,Guanci,high_intent,-,,
Noah Guanci,14,9/18/2026,1789778117,Slider,N,-19.31,31.25,69.28,1841.69,1178,63.96,3:46,1,-0.1,10.1,-,-,-,-,0,2.38,4.93,-2.45,-50.24,PitchParams@fb9e3999-a697-4e41-af1b-8b1080eb355d,MTD-21126391717,,,,,,,,,,,,,,,-,-,Guanci,high_intent,-,,
Noah Guanci,15,9/18/2026,1789778080,TwoSeamFastball,Y,-2.06,36.72,80.12,2102.13,1971.4,93.78,10:08,1,7.6,-14.8,-,-,-,-,-4.03,1.05,4.92,-2.57,-20.31,PitchParams@609ac5d2-5ec7-4faf-bfc5-1bf32f0686cd,MTD-21126391717,,,,,,,,,,,,,,,-,-,Guanci,high_intent,-,,
Noah Guanci,16,9/18/2026,1789778064,Slider,N,26.86,26.24,70.22,1905.36,1246.6,65.43,3:58,0.5,3,8.8,-,-,-,-,-4.51,1.45,4.97,-2.53,-49.13,PitchParams@bdc7c220-56ed-4bf4-bdc9-859c92144e0e,MTD-21126391717,,,,,,,,,,,,,,,-,-,Guanci,high_intent,-,,
Noah Guanci,17,9/18/2026,1789778047,Fastball,Y,9.19,40.58,80.15,2198.71,2051.2,93.29,1:36,1,13.8,-4.2,-,-,-,-,-4.18,0.62,5.05,-2.66,-21.1,PitchParams@41a7a48b-93d3-4c8d-9eeb-f1f225086a7e,MTD-21126391717,,,,,,,,,,,,,,,-,-,Guanci,high_intent,-,,
Zach Pia,1,9/18/2026,1789779603,Fastball,Y,-2.42,36.83,87.34,2085.79,2022.4,96.96,1:02,1,-,-,-,-,-,-,2.94,-1.9,6.04,1.55,14.16,PitchParams@f9abb86c-8e57-4030-8796-8ba270e22c62,MTD-21126391717,,,,,,,,,,,,,,,-,-,Pia,high_intent,-,,
Zach Pia,2,9/18/2026,1789779570,Slider,N,-10.98,29.01,72.22,1716.38,1095.8,63.85,6:58,1,-3.3,-9.1,-,-,-,-,1.5,0.99,6.07,1.21,50.32,PitchParams@2c1b4f96-e093-462e-8e88-551c5ccc164f,MTD-21126391717,,,,,,,,,,,,,,,-,-,Pia,high_intent,-,,
Zach Pia,3,9/18/2026,1789779549,Fastball,Y,4.37,32.31,86.13,2029.15,1974.2,97.29,12:58,1,18.9,10.7,-,-,-,-,2.02,-2.2,6.14,1.31,13.37,PitchParams@8a475d14-a40a-42db-86de-26c188f1a5c1,MTD-21126391717,,,,,,,,,,,,,,,-,-,Pia,high_intent,-,,
Zach Pia,4,9/18/2026,1789779532,Slider,N,4.31,61.52,73.26,1518.08,907,59.75,8:00,1,-5.1,-11.6,-,-,-,-,-0.14,4.08,6.03,1.19,53.31,PitchParams@33eac2e9-fe99-43d0-b022-9e2af356ae95,MTD-21126391717,,,,,,,,,,,,,,,-,-,Pia,high_intent,-,,
Zach Pia,5,9/18/2026,1789779504,Slider,Y,-5.69,27.25,72.61,1619.3,978.5,60.43,6:50,1,-8,-8.5,-,-,-,-,1.12,1.2,6.07,1.25,52.82,PitchParams@a83f161a-543b-4a5b-b462-9bf3d3e0af38,MTD-21126391717,,,,,,,,,,,,,,,-,-,Pia,high_intent,-,,
Zach Pia,6,9/18/2026,1789779482,Fastball,N,-5.92,2.27,86.4,2020.66,1948.3,96.42,1:18,1,18.4,14.2,-,-,-,-,3.23,-4.99,6.18,1.28,15.38,PitchParams@8134608b-f787-4366-8174-eeeafaa28134,MTD-21126391717,,,,,,,,,,,,,,,-,-,Pia,high_intent,-,,
Zach Pia,7,9/18/2026,1789779466,Fastball,Y,2.22,24.9,88.01,2100.8,2039.2,97.07,12:56,1,16.8,11.4,-,-,-,-,2.27,-2.85,6.18,1.31,13.91,PitchParams@b5ef89b0-70e5-41f1-8ea1-b5f523954c67,MTD-21126391717,,,,,,,,,,,,,,,-,-,Pia,high_intent,-,,
Zach Pia,8,9/18/2026,1789779448,Fastball,Y,-7.64,33.16,87.16,2132.07,1984.6,93.08,1:24,1,17.9,11,-,-,-,-,3.17,-2.04,6.11,1.34,21.43,PitchParams@8fdbe956-4bfd-48cb-9f6f-0ca4ffcc2e8e,MTD-21126391717,,,,,,,,,,,,,,,-,-,Pia,high_intent,-,,
Zach Pia,9,9/18/2026,1789779433,Slider,N,-15.58,14.63,73.08,1682.17,1272.2,75.63,6:36,1,-5.4,-9.6,-,-,-,-,1.83,-0.25,6.08,1.17,40.86,PitchParams@40e6b790-21ad-4842-a955-d0a9444a1686,MTD-21126391717,,,,,,,,,,,,,,,-,-,Pia,high_intent,-,,
Zach Pia,10,9/18/2026,1789779394,Fastball,N,16.62,40.05,87.43,1895.86,1835.6,96.82,1:18,1,15.9,11.4,-,-,-,-,0.99,-1.32,6.15,1.35,14.49,PitchParams@86ffdaf0-a242-4e28-bc62-576a38815502,MTD-21126391717,,,,,,,,,,,,,,,-,-,Pia,high_intent,-,,
Zach Pia,11,9/18/2026,1789779375,Slider,N,-16.26,30.53,74.07,1677.35,1040.6,62.04,7:02,1,-4,-10.5,-,-,-,-,1.9,0.92,6.1,1.24,51.65,PitchParams@5cccb74b-f90b-43e1-b789-5938ea5d28f0,MTD-21126391717,,,,,,,,,,,,,,,-,-,Pia,high_intent,-,,
Zach Pia,12,9/18/2026,1789779348,Fastball,N,13.63,43.33,86.5,1864.71,1818.7,97.53,1:04,1,16.5,12.8,-,-,-,-,1.21,-1.06,6.16,1.17,12.76,PitchParams@e60987e3-78f0-409d-8ac1-e70986b4d158,MTD-21126391717,,,,,,,,,,,,,,,-,-,Pia,high_intent,-,,
Zach Pia,13,9/18/2026,1789779331,Slider,N,-7.12,42.69,73.98,1750.27,1240.6,70.88,7:32,1,-0.1,-8.8,-,-,-,-,1.18,1.71,6.09,1.21,44.86,PitchParams@ed133f83-dce2-42ca-8889-a036a555e3e7,MTD-21126391717,,,,,,,,,,,,,,,-,-,Pia,high_intent,-,,
Zach Pia,14,9/18/2026,1789779313,Slider,N,-1.21,44.12,73.13,1574.09,977.9,62.13,7:04,1,0.5,-7.5,-,-,-,-,0.65,1.96,6.03,1.12,51.59,PitchParams@55fdb7f7-8c77-4120-a781-2aecd133adfa,MTD-21126391717,,,,,,,,,,,,,,,-,-,Pia,high_intent,-,,
Nate Machado,1,9/18/2026,1789780006,Fastball,Y,5.13,23.44,80.57,2180.39,1960.5,89.91,12:34,1,12.7,3.6,-,-,-,-,-1.73,-1.69,5.87,-1.46,-25.95,PitchParams@4f8bd4a3-e8ce-4950-8ed7-94e1ae5d2588,MTD-21126391717,,,,,,,,,,,,,,,-,-,Machado I2,high_intent,-,,
Nate Machado,2,9/18/2026,1789779981,Fastball,N,-4.73,5.6,81.36,2271.77,2046.9,90.1,12:34,1,17.2,0.5,-,-,-,-,-1.28,-3.95,6.08,-1.63,-25.71,PitchParams@1b3a4fc2-da77-4c03-a057-cd9a528fcca7,MTD-21126391717,,,,,,,,,,,,,,,-,-,Machado I2,high_intent,-,,
Nate Machado,3,9/18/2026,1789779960,Fastball,N,3.73,17.14,80.22,2285.74,2057.7,90.02,12:06,1,11.8,4.4,-,-,-,-,-1.38,-2.32,6.05,-1.32,-25.81,PitchParams@b8c56329-7754-4646-abac-453cbcb8e6cf,MTD-21126391717,,,,,,,,,,,,,,,-,-,Machado I2,high_intent,-,,
Nate Machado,4,9/18/2026,1789779944,Fastball,N,-3.94,13.65,80.55,2328.73,2097.2,90.06,12:08,1,11.5,3.9,-,-,-,-,-1.08,-2.45,5.88,-1.64,-25.76,PitchParams@683b17a5-cd28-490e-bf5f-c5f6ea5b3830,MTD-21126391717,,,,,,,,,,,,,,,-,-,Machado I2,high_intent,-,,
Nate Machado,5,9/18/2026,1789779928,ChangeUp,N,-1.76,17.16,75.75,1661.41,1557.7,93.76,12:58,1,15.9,-4.7,-,-,-,-,-1.92,-2.03,5.74,-1.49,-20.35,PitchParams@963aa72e-c10f-4e61-a471-844050ae1a2a,MTD-21126391717,,,,,,,,,,,,,,,-,-,Machado I2,high_intent,-,,
Nate Machado,6,9/18/2026,1789779886,Fastball,Y,5.97,26.54,82.87,2383.07,2161.3,90.7,12:02,1,12,3.1,-,-,-,-,-1.53,-1.96,6.26,-1.17,-24.91,PitchParams@e1be710a-09ca-4970-bb4c-6f17433ef885,MTD-21126391717,,,,,,,,,,,,,,,-,-,Machado I2,high_intent,-,,
Nate Machado,7,9/18/2026,1789779851,Fastball,Y,-2.66,24.27,81.75,2358.67,2115.1,89.67,12:02,1,13.4,5.4,-,-,-,-,-0.79,-2.11,6.14,-1.39,-26.27,PitchParams@fa4c1407-c835-42f1-9839-d8bb0ca98b64,MTD-21126391717,,,,,,,,,,,,,,,-,-,Machado I2,high_intent,-,,
Nate Machado,8,9/18/2026,1789779827,Fastball,Y,-6.62,29.38,81.45,2150.27,1942.3,90.33,12:06,1,12.4,4.6,-,-,-,-,-0.55,-1.47,6.13,-1.43,-25.41,PitchParams@6c9dcece-b2c5-419d-9142-e83d7bf7fc1b,MTD-21126391717,,,,,,,,,,,,,,,-,-,Machado I2,high_intent,-,,
Nate Machado,9,9/18/2026,1789779812,ChangeUp,N,-11.24,9.74,76.6,1687.75,1594.3,94.46,12:50,1,10.2,0.3,-,-,-,-,-0.56,-2.16,5.86,-1.48,-19.16,PitchParams@8d3f91df-5a52-4566-b74b-8cdf7632b8ca,MTD-21126391717,,,,,,,,,,,,,,,-,-,Machado I2,high_intent,-,,
Nate Machado,10,9/18/2026,1789779795,Fastball,Y,4.6,24.45,80.88,2243.38,2016.3,89.88,12:30,1,11.4,4.2,-,-,-,-,-1.67,-1.79,6.1,-1.49,-26,PitchParams@93d5d06b-4dd9-4029-8c68-370a1247eea7,MTD-21126391717,,,,,,,,,,,,,,,-,-,Machado I2,high_intent,-,,
Nate Machado,11,9/18/2026,1789779766,Fastball,Y,1.61,27.11,79.75,2223.85,1998.1,89.85,12:36,1,12.6,-2.7,-,-,-,-,-2.29,-1.46,6.02,-1.74,-26.04,PitchParams@0a5c967a-a47f-494f-8cef-aa3eb5a90dbc,MTD-21126391717,,,,,,,,,,,,,,,-,-,Machado I2,high_intent,-,,
Nate Machado,12,9/18/2026,1789779088,ChangeUp,N,-13.61,12.38,76.82,1643.87,1593.3,96.92,1:14,1,12.1,-5.5,-,-,-,-,-0.65,-2.22,5.86,-1.28,-14.25,PitchParams@8e22e8e4-ad09-4d60-bbef-2e331fdc08db,MTD-21126391717,,,,,,,,,,,,,,,-,-,Machado I1,high_intent,-,,
Nate Machado,13,9/18/2026,1789779065,Fastball,Y,-8.04,36.92,81.68,2318.8,2090.9,90.17,12:04,1,11.6,4.8,-,-,-,-,-0.14,-0.82,6.19,-1.19,-25.62,PitchParams@ab321d7a-50fb-45c5-b4b8-69ccd6b5999a,MTD-21126391717,,,,,,,,,,,,,,,-,-,Machado I1,high_intent,-,,
Nate Machado,14,9/18/2026,1789779049,ChangeUp,N,-8.14,14.53,76.42,1726.67,1619.9,93.82,12:52,1,16.2,-3.8,-,-,-,-,-1.27,-2.33,5.69,-1.5,-20.26,PitchParams@01768399-e41c-4154-9a2c-de114e157e5f,MTD-21126391717,,,,,,,,,,,,,,,-,-,Machado I1,high_intent,-,,
Nate Machado,15,9/18/2026,1789779031,Fastball,Y,-9.61,31.76,81.47,2201.94,1985.1,90.15,12:02,1,12,0.9,-,-,-,-,-0.77,-1.11,6.03,-1.59,-25.64,PitchParams@b9be11d5-4545-43b7-be49-ef255df69b65,MTD-21126391717,,,,,,,,,,,,,,,-,-,Machado I1,high_intent,-,,
Nate Machado,16,9/18/2026,1789778960,Fastball,Y,-1.29,18.66,81.24,2285.75,2059.9,90.12,12:04,1,14.3,1.4,-,-,-,-,-1.32,-2.52,6.01,-1.42,-25.69,PitchParams@68d9236a-f517-4800-a2b0-9db09b96c2f4,MTD-21126391717,,,,,,,,,,,,,,,-,-,Machado I1,high_intent,-,,
Nate Machado,17,9/18/2026,1789778937,Fastball,Y,-3.01,28.5,81.04,2203.2,1978.3,89.79,12:02,1,13.1,2.2,-,-,-,-,-1.04,-1.5,6.01,-1.38,-26.11,PitchParams@672eb505-9bcc-4cf4-a55f-11bcdaafa15c,MTD-21126391717,,,,,,,,,,,,,,,-,-,Machado I1,high_intent,-,,
Nate Machado,18,9/18/2026,1789778909,ChangeUp,N,-13.47,1.81,73.93,1598.75,1339.4,83.78,10:42,1,14.1,-7.8,-,-,-,-,-1.13,-2.98,5.68,-1.49,-33.1,PitchParams@8cc5dbdb-cb2e-45e9-91ef-f5aadc67d2d6,MTD-21126391717,,,,,,,,,,,,,,,-,-,Machado I1,high_intent,-,,
Nate Machado,19,9/18/2026,1789778869,Slider,Y,-5.45,23.21,72.45,2310.96,822.5,35.59,2:56,1,3.6,8,-,-,-,-,-0.59,0.26,5.67,-1.67,-69.15,PitchParams@9c77ceb0-2a4f-424e-82b6-65eefd20c15d,MTD-21126391717,,,,,,,,,,,,,,,-,-,Machado I1,high_intent,-,,
Nate Machado,20,9/18/2026,1789778852,Slider,Y,8.7,27.42,74.07,-,-,-,-,0,-,-,-,-,-,-,0.56,5.99,5.1,-1.17,0,PitchParams@69fb0454-162a-43b1-afd2-b41fa20b82a2,MTD-21126391717,,,,,,,,,,,,,,,-,-,Machado I1,high_intent,-,,
Nate Machado,21,9/18/2026,1789778795,Fastball,Y,-2.03,29.39,78.03,1809.55,1711,94.56,6:54,1,-,-,-,-,-,-,-1.72,2.87,5.62,-1.3,-18.99,PitchParams@5579c0dd-9df7-4fd6-9966-9a79f864c69f,MTD-21126391717,,,,,,,,,,,,,,,-,-,Machado I1,high_intent,-,,
Nate Machado,22,9/18/2026,1789778762,Slider,N,13.35,31.54,73.18,2339.05,831.2,35.54,2:04,1,4.4,20,-,-,-,-,-1,0.65,5.9,-1.47,-69.18,PitchParams@175de01b-887e-49ed-b85d-c1eb1764ad34,MTD-21126391717,,,,,,,,,,,,,,,-,-,Machado I1,high_intent,-,,
Nate Machado,23,9/18/2026,1789778739,Fastball,Y,-1.74,27.7,80.85,2290.4,2065.3,90.17,12:06,1,11.7,4.6,-,-,-,-,-0.68,-1.54,6.15,-1.16,-25.62,PitchParams@d5362d89-5478-4547-b858-38856302f4b5,MTD-21126391717,,,,,,,,,,,,,,,-,-,Machado I1,high_intent,-,,
Nate Machado,24,9/18/2026,1789778718,ChangeUp,N,-6.04,-1.07,75.78,1781.51,1684.3,94.54,11:10,1,14.6,-7,-,-,-,-,-1.68,-3.54,5.89,-1.47,-19.02,PitchParams@872574d5-9e23-47ee-a970-aad0b7b5db1c,MTD-21126391717,,,,,,,,,,,,,,,-,-,Machado I1,high_intent,-,,
Nate Machado,25,9/18/2026,1789778693,Slider,N,0.58,44.81,73,2455.47,983.1,40.04,2:48,1,2.6,17.7,-,-,-,-,0.02,2.12,5.85,-1.41,-66.4,PitchParams@994005f0-ea14-4bbb-a17b-8e31e54871fa,MTD-21126391717,,,,,,,,,,,,,,,-,-,Machado I1,high_intent,-,,
Nate Machado,26,9/18/2026,1789778671,Fastball,Y,5.25,19.92,82,2328.61,2083,89.45,12:32,1,11.9,3.9,-,-,-,-,-1.54,-2.31,6.1,-1.3,-26.55,PitchParams@a5a2a4d3-c4d0-4b1d-8f7c-b2fd32fe88e9,MTD-21126391717,,,,,,,,,,,,,,,-,-,Machado I1,high_intent,-,,
Nate Machado,27,9/18/2026,1789778650,Slider,N,18.36,19.8,73.45,2442.86,752.2,30.79,2:50,1,6.9,14.3,-,-,-,-,-2.2,-0.7,5.71,-1.64,-72.07,PitchParams@93572542-2825-4ed9-8b68-00590f625e48,MTD-21126391717,,,,,,,,,,,,,,,-,-,Machado I1,high_intent,-,,
Nate Machado,28,9/18/2026,1789778635,Slider,Y,-0.16,37.43,73.53,2387.96,707.7,29.64,2:26,1,3.1,10.9,-,-,-,-,-0.95,1.44,5.74,-1.79,-72.76,PitchParams@15f5af83-792e-47e9-9894-bfad705b17e4,MTD-21126391717,,,,,,,,,,,,,,,-,-,Machado I1,high_intent,-,,
Nate Machado,29,9/18/2026,1789778592,Fastball,Y,2.61,39.05,80.8,2186.72,1959.8,89.62,12:06,1,12.6,3.6,-,-,-,-,-1.62,-0.46,6.03,-1.57,-26.34,PitchParams@e163f7f0-af16-4567-8571-93f69b480347,MTD-21126391717,,,,,,,,,,,,,,,-,-,Machado I1,high_intent,-,,
Zach Papik,1,9/18/2026,1789780384,Fastball,Y,6.56,37.54,84.72,2015.84,1938.7,96.17,1:16,1,12.3,16.9,-,-,-,-,2.71,-1.7,6.68,1.6,15.9,PitchParams@acd3415b-8c69-4283-b5e0-1541e190549b,MTD-21126391717,,,,,,,,,,,,,,,-,-,Papik,high_intent,-,,
Zach Papik,2,9/18/2026,1789780352,Slider,Y,0.25,26.79,75.62,2390.91,1159.1,48.48,7:32,1,-3.9,-5.1,-,-,-,-,1.44,-0.26,6.64,1.77,61,PitchParams@6e3d941c-b167-48ee-81f1-1c0ab97614fb,MTD-21126391717,,,,,,,,,,,,,,,-,-,Papik,high_intent,-,,
Zach Papik,3,9/18/2026,1789780335,Slider,N,0.84,44.31,76.54,2065.23,1299.1,62.91,6:52,0.5,-4.9,-10.7,-,-,-,-,0.75,1.47,6.66,1.66,51.02,PitchParams@e6e5c5ca-716d-46d9-98e2-9faf384d7f8a,MTD-21126391717,,,,,,,,,,,,,,,-,-,Papik,high_intent,-,,
Zach Papik,4,9/18/2026,1789780295,Fastball,Y,-7.64,33.44,83.04,1825.75,1645.4,90.12,12:50,1,9.7,2.9,-,-,-,-,2.51,-1.8,6.77,1.4,25.68,PitchParams@86ab4b8e-7254-4418-8405-48389358dd9b,MTD-21126391717,,,,,,,,,,,,,,,-,-,Papik,high_intent,-,,
Zach Papik,5,9/18/2026,1789780278,Fastball,N,8.26,52.46,84.79,1917,1844.3,96.21,1:22,1,12.5,16.3,-,-,-,-,2.5,-0.48,6.77,1.59,15.83,PitchParams@79230a32-fec8-4c52-a144-bab669d661f3,MTD-21126391717,,,,,,,,,,,,,,,-,-,Papik,high_intent,-,,
Zach Papik,6,9/18/2026,1789780263,Fastball,Y,-9.08,31.95,83.6,1992.83,1809.7,90.81,12:52,0.5,14.2,5.9,-,-,-,-,3.22,-2.47,6.82,1.68,24.76,PitchParams@3fdaeb09-28ef-4537-8803-8f446c698670,MTD-21126391717,,,,,,,,,,,,,,,-,-,Papik,high_intent,-,,
Jack Johnson,1,9/18/2026,1789780938,Fastball,Y,-1.43,23.44,78.84,2097.13,1946.5,92.82,1:24,1,10.8,-5.9,-,-,-,-,-3.18,-1.48,5.88,-2.51,-21.85,PitchParams@aedc1d99-6cc0-44c3-b341-ad9f279b7c3a,MTD-21126391717,,,,,,,,,,,,,,,-,-,Johnson I1,high_intent,-,,
Jack Johnson,2,9/18/2026,1789780908,CurveBall,N,8.18,8.89,65.93,2289.02,1949.7,85.17,4:14,1,-9.6,17.8,-,-,-,-,-1.79,0.83,5.68,-2.41,-31.6,PitchParams@0e9cc4fe-9d66-408f-8d2a-d64f6c637a33,MTD-21126391717,,,,,,,,,,,,,,,-,-,Johnson I1,high_intent,-,,
Jack Johnson,3,9/18/2026,1789780861,Fastball,Y,-5.87,24.8,78.74,2092.91,1952.1,93.27,1:20,1,13.4,-3.6,-,-,-,-,-2.47,-1.67,5.98,-2.42,-21.14,PitchParams@b5d0000f-8b70-41c5-b11f-d4b630936b30,MTD-21126391717,,,,,,,,,,,,,,,-,-,Johnson I1,high_intent,-,,
Jack Johnson,4,9/18/2026,1789780824,CurveBall,N,15.43,21.31,66.14,2193.74,1923.3,87.67,4:22,1,-11.5,18.2,-,-,-,-,-2.1,2.26,5.74,-2.13,-28.75,PitchParams@c97601d8-615a-4636-853e-b72153e35686,MTD-21126391717,,,,,,,,,,,,,,,-,-,Johnson I1,high_intent,-,,
Jack Johnson,5,9/18/2026,1789780802,CurveBall,Y,-5.32,37.55,66.5,2349.56,1910.9,81.33,4:18,1,-8.7,19.1,-,-,-,-,-0.29,3.54,5.78,-2.3,-35.58,PitchParams@c819e63a-0171-4da3-8f3c-d5ff35e299c5,MTD-21126391717,,,,,,,,,,,,,,,-,-,Johnson I1,high_intent,-,,
Jack Johnson,6,9/18/2026,1789780781,Fastball,Y,0.98,28.73,79.62,2070.72,1931.5,93.27,10:26,1,15.4,-7.2,-,-,-,-,-3.33,-1.48,5.88,-2.33,-21.13,PitchParams@88f6e99e-aab2-4042-b37d-7e10189d7ed8,MTD-21126391717,,,,,,,,,,,,,,,-,-,Johnson I1,high_intent,-,,
Jack Johnson,7,9/18/2026,1789780743,Fastball,Y,-7.44,21.06,79.74,2110.79,1976.1,93.62,10:34,1,10.4,-9.3,-,-,-,-,-2.98,-1.75,5.86,-2.54,-20.58,PitchParams@5cd06d16-5b6b-401d-867d-9808ac015aef,MTD-21126391717,,,,,,,,,,,,,,,-,-,Johnson I1,high_intent,-,,
Jack Johnson,8,9/18/2026,1789780715,Fastball,N,-12.43,31.68,80.57,2199.13,2081.9,94.67,11:00,0.5,15.2,-6.8,-,-,-,-,-2.12,-1.34,5.97,-2.4,-18.79,PitchParams@c3098ce3-49dc-428b-9b5a-781da35d6b59,MTD-21126391717,,,,,,,,,,,,,,,-,-,Johnson I1,high_intent,-,,
Jack Johnson,9,9/18/2026,1789780694,Fastball,N,23.65,15.85,78.82,2073.86,1926.3,92.88,10:34,1,11.9,-8,-,-,-,-,-5.53,-2.35,5.96,-2.4,-21.75,PitchParams@e45200c5-004a-4f3c-83eb-15ccbf7175b4,MTD-21126391717,,,,,,,,,,,,,,,-,-,Johnson I1,high_intent,-,,
Jack Johnson,10,9/18/2026,1789780675,CurveBall,N,34.6,8.39,66.55,2459.24,2160.6,87.86,4:22,1,-12.2,19.3,-,-,-,-,-3.94,1.05,5.73,-2.33,-28.53,PitchParams@52620e2d-0551-4e61-b104-f4bffa7b1788,MTD-21126391717,,,,,,,,,,,,,,,-,-,Johnson I1,high_intent,-,,
Jack Johnson,11,9/18/2026,1789780656,Fastball,N,10.41,32.15,79.85,2012.96,1858,92.3,10:22,1,13.5,-6.1,-,-,-,-,-4.17,-1.02,5.91,-2.41,-22.63,PitchParams@f06bfb77-114d-4586-82b6-5447b90003e6,MTD-21126391717,,,,,,,,,,,,,,,-,-,Johnson I1,high_intent,-,,
Jack Johnson,12,9/18/2026,1789780638,Fastball,N,25.24,10.96,78.84,2093,1994.2,95.28,10:20,1,15.3,-7.7,-,-,-,-,-5.62,-2.93,6.02,-2.48,-17.68,PitchParams@36102b3a-6427-4929-b42e-d553b2620acb,MTD-21126391717,,,,,,,,,,,,,,,-,-,Johnson I1,high_intent,-,,
Nolan Gordon,1,9/18/2026,1789781290,ChangeUp,Y,8.2,26.57,65.94,1479.28,1430.8,96.72,3:04,1,-1.3,17.1,-,-,-,-,3.48,4.54,3.21,2.48,14.71,PitchParams@6d5c8ae4-94a4-4db0-a7f5-eb460bf11f17,MTD-21126391717,,,,,,,,,,,,,,,-,-,Gordo,high_intent,-,,
Nolan Gordon,2,9/18/2026,1789781255,ChangeUp,N,5.91,15.48,67.32,1363.14,1116.4,81.9,2:56,1,-1.7,18,-,-,-,-,3.81,3.17,3.52,2.52,35.02,PitchParams@00c1f7d2-f869-43fb-a6ce-6981b55e4014,MTD-21126391717,,,,,,,,,,,,,,,-,-,Gordo,high_intent,-,,
Nolan Gordon,3,9/18/2026,1789781236,Fastball,Y,3.52,33.6,75.14,1542.68,1313.8,85.16,3:06,1,2.9,16.1,-,-,-,-,3.96,3.53,3.21,2.53,31.61,PitchParams@4f62902e-782e-461a-b350-08e9e8c8739c,MTD-21126391717,,,,,,,,,,,,,,,-,-,Gordo,high_intent,-,,
Nolan Gordon,4,9/18/2026,1789781217,ChangeUp,N,13.72,22.48,66.28,1399.4,1190.5,85.07,3:06,1,1.9,18,-,-,-,-,3.17,3.91,3.24,2.58,31.71,PitchParams@0a73f38a-64c0-4b27-8730-1b802095f6a7,MTD-21126391717,,,,,,,,,,,,,,,-,-,Gordo,high_intent,-,,
Nolan Gordon,5,9/18/2026,1789781196,Fastball,Y,-2.51,37.82,73.49,1484.01,1158.3,78.05,3:32,1,2.7,11.5,-,-,-,-,4.23,4.33,3.19,2.76,38.69,PitchParams@7b33fd88-31c7-49ed-bb7a-8ef99349d1c3,MTD-21126391717,,,,,,,,,,,,,,,-,-,Gordo,high_intent,-,,
Nolan Gordon,6,9/18/2026,1789781175,Fastball,N,-11.58,22.27,73.54,1679.88,1256.7,74.81,3:18,1,3.3,13.4,-,-,-,-,4.94,2.81,3.27,2.5,41.57,PitchParams@7972fbf7-f235-4a24-ba0e-9208379f3203,MTD-21126391717,,,,,,,,,,,,,,,-,-,Gordo,high_intent,-,,
Nolan Gordon,7,9/18/2026,1789781146,Fastball,N,-0.47,45.14,74.58,1675.24,1438.2,85.85,2:52,1,6.7,18,-,-,-,-,4.45,4.52,3.2,2.59,30.85,PitchParams@9759a9c2-2daf-4a18-808a-784c7432070b,MTD-21126391717,,,,,,,,,,,,,,,-,-,Gordo,high_intent,-,,
Nolan Gordon,8,9/18/2026,1789781117,Fastball,N,18.33,31.24,74.95,1735.64,1313.7,75.69,3:08,1,0.8,14.6,-,-,-,-,2.58,3.65,3.25,2.71,40.81,PitchParams@12c4e81c-a118-4285-b1de-2ab0f9d890f7,MTD-21126391717,,,,,,,,,,,,,,,-,-,Gordo,high_intent,-,,
Aidan Thomas,1,9/18/2026,1789782037,Fastball,N,7.66,17.23,80.35,1767.52,1747.1,98.84,10:54,1,17.7,-9.1,-,-,-,-,-3.69,-2.96,6.13,-1.98,-8.72,PitchParams@bda2708e-0c67-46e9-b578-d5bc6a6d0e64,MTD-21126391717,,,,,,,,,,,,,,,-,-,Thomas,high_intent,-,,
Aidan Thomas,2,9/18/2026,1789782013,Slider,Y,6.04,20.19,71.45,2258.72,861,38.12,2:00,1,1.7,10.3,-,-,-,-,-2.11,0.04,5.75,-2.26,-67.59,PitchParams@376c4aa3-7c5b-4d17-a759-88458b168f34,MTD-21126391717,,,,,,,,,,,,,,,-,-,Thomas,high_intent,-,,
Aidan Thomas,3,9/18/2026,1789781984,Fastball,Y,2.8,29.96,79.37,1672.68,1648.4,98.55,10:56,1,15.3,-11.4,-,-,-,-,-3.57,-1.37,5.95,-2.06,-9.77,PitchParams@64966e6c-03a3-44f2-a774-d47f732f42a9,MTD-21126391717,,,,,,,,,,,,,,,-,-,Thomas,high_intent,-,,
Aidan Thomas,4,9/18/2026,1789781965,Slider,N,11.65,22.64,71.38,2235.11,711.2,31.82,2:56,1,2.1,10.2,-,-,-,-,-2.73,0.47,5.67,-2.37,-71.45,PitchParams@130a1a3f-b81d-43bb-9f87-3cf4d2f3365c,MTD-21126391717,,,,,,,,,,,,,,,-,-,Thomas,high_intent,-,,
Aidan Thomas,5,9/18/2026,1789781937,Fastball,N,-4.78,44.29,79.44,1562.59,1509.9,96.63,12:58,1,18.9,-5.1,-,-,-,-,-2.32,-0.28,5.93,-2.09,-14.92,PitchParams@df415f72-afad-4961-9787-bdf7c9b3b7af,MTD-21126391717,,,,,,,,,,,,,,,-,-,Thomas,high_intent,-,,
Aidan Thomas,6,9/18/2026,1789781915,TwoSeamFastball,N,-7.75,12.15,75.7,1984.51,1965.1,99.02,9:52,1,12.4,-16.5,-,-,-,-,-3.65,-1.64,5.21,-2.56,-8.02,PitchParams@617ef2a7-c0c5-4b66-ae18-f6e73c5de93a,MTD-21126391717,,,,,,,,,,,,,,,-,-,Thomas,high_intent,-,,
Aidan Thomas,7,9/18/2026,1789781868,Fastball,Y,-6.78,24.93,79.5,1480.75,1458.1,98.47,10:38,1,13.1,-10.9,-,-,-,-,-2.71,-1.58,5.9,-2.12,-10.04,PitchParams@7030280d-1f2e-4641-ad8f-bcc75f11316d,MTD-21126391717,,,,,,,,,,,,,,,-,-,Thomas,high_intent,-,,
Aidan Thomas,8,9/18/2026,1789781824,Slider,Y,4.26,19.82,69.92,2209.52,901.7,40.81,2:54,1,3.2,13,-,-,-,-,-1.31,0.15,5.81,-1.92,-65.91,PitchParams@573523d1-91c0-4f3a-8054-acaebe4a3087,MTD-21126391717,,,,,,,,,,,,,,,-,-,Thomas,high_intent,-,,
Aidan Thomas,9,9/18/2026,1789781796,Fastball,Y,-7.32,24.41,80.27,1647.65,1593.5,96.71,10:42,1,16.3,-11.5,-,-,-,-,-2.94,-1.74,5.73,-2.33,-14.73,PitchParams@00187bf2-2c3b-47ba-af9c-b53a6e6a6a59,MTD-21126391717,,,,,,,,,,,,,,,-,-,Thomas,high_intent,-,,
Aidan Thomas,10,9/18/2026,1789781765,Fastball,Y,-6.03,34.04,80.48,1578.87,1531.5,97,10:42,1,16.3,-9.3,-,-,-,-,-2.59,-0.83,5.75,-2.1,-14.06,PitchParams@d25ccb70-1bb8-432e-ba6c-30df4bd316c0,MTD-21126391717,,,,,,,,,,,,,,,-,-,Thomas,high_intent,-,,
Aidan Thomas,11,9/18/2026,1789781748,TwoSeamFastball,N,-19.58,46.31,77.47,2022.79,1992.6,98.51,9:54,1,10.2,-15.9,-,-,-,-,-2.34,1.5,5.35,-2.43,-9.91,PitchParams@668a4a3f-fdcf-417c-8021-2beaa997db7f,MTD-21126391717,,,,,,,,,,,,,,,-,-,Thomas,high_intent,-,,
Aidan Thomas,12,9/18/2026,1789781726,Fastball,Y,2.26,37.1,79.6,1743.96,1713.6,98.26,10:34,1,18.7,-6.2,-,-,-,-,-3.23,-0.79,5.79,-2.23,-10.7,PitchParams@33667aa2-dc54-4a71-a970-2ef4a7b13460,MTD-21126391717,,,,,,,,,,,,,,,-,-,Thomas,high_intent,-,,
Aidan Thomas,13,9/18/2026,1789781692,TwoSeamFastball,N,15.16,18.82,76.63,1996.52,1965.4,98.44,10:04,1,12.8,-14.8,-,-,-,-,-5.35,-1.26,5.43,-2.35,-10.13,PitchParams@62386b65-91f7-4a0d-86a6-c8e20cfb7047,MTD-21126391717,,,,,,,,,,,,,,,-,-,Thomas,high_intent,-,,
Aidan Thomas,14,9/18/2026,1789781664,TwoSeamFastball,Y,-2.94,30.03,77.04,2151.34,2112.3,98.19,10:10,1,12.6,-16.9,-,-,-,-,-3.81,-0.21,5.35,-2.28,-10.92,PitchParams@a277c1ef-ab83-411e-ac79-857d6dc82b29,MTD-21126391717,,,,,,,,,,,,,,,-,-,Thomas,high_intent,-,,
Aidan Thomas,15,9/18/2026,1789781645,Fastball,Y,8.42,28.95,79.87,1661.06,1618.5,97.44,10:58,1,17.3,-7,-,-,-,-,-3.61,-1.58,5.91,-2,-13,PitchParams@d9d30925-d632-48f3-b5ba-496b8a975143,MTD-21126391717,,,,,,,,,,,,,,,-,-,Thomas,high_intent,-,,
Aidan Thomas,16,9/18/2026,1789781621,Fastball,N,-11.23,58.32,80.15,1661.92,1614.9,97.17,11:02,1,18.4,-6.2,-,-,-,-,-1.69,0.96,5.95,-1.94,-13.66,PitchParams@90731549-502e-412d-8b67-18f4e4f22b6c,MTD-21126391717,,,,,,,,,,,,,,,-,-,Thomas,high_intent,-,,
Aidan Thomas,17,9/18/2026,1789781597,Fastball,Y,-3.43,33.01,80.6,1893.19,1848.9,97.66,10:58,1,14.8,-10.2,-,-,-,-,-2.75,-1.14,5.94,-1.93,-12.42,PitchParams@2619d450-0878-475c-a933-0785b1d4faec,MTD-21126391717,,,,,,,,,,,,,,,-,-,Thomas,high_intent,-,,
Aidan Thomas,18,9/18/2026,1789781568,Fastball,N,14.23,0.84,81.3,1817.42,1761.3,96.91,11:06,1,17.9,-11.4,-,-,-,-,-4.59,-4.16,5.84,-2.13,-14.27,PitchParams@da1e163e-3909-440e-a14c-d18100558c79,MTD-21126391717,,,,,,,,,,,,,,,-,-,Thomas,high_intent,-,,
Aidan Thomas,19,9/18/2026,1789781552,Fastball,Y,3.31,22.33,80.59,1833.98,1775.6,96.82,10:44,1,16.1,-10.3,-,-,-,-,-3.5,-1.9,5.69,-2.08,-14.49,PitchParams@544f01cf-e32c-4686-bdba-a732ea48989d,MTD-21126391717,,,,,,,,,,,,,,,-,-,Thomas,high_intent,-,,
Aidan Thomas,20,9/18/2026,1789781534,Fastball,N,6.63,9.57,80.53,1851.37,1822.9,98.46,10:32,1,16.6,-9.1,-,-,-,-,-3.85,-3.17,5.68,-2.19,-10.06,PitchParams@a1fa07cc-5eae-44a4-abdd-8a090c695aa9,MTD-21126391717,,,,,,,,,,,,,,,-,-,Thomas,high_intent,-,,
Aidan Thomas,21,9/18/2026,1789781520,Slider,N,21.14,1.5,70.02,2301.46,844.9,36.71,3:00,1,1.9,10,-,-,-,-,-3.29,-1.3,5.72,-2.12,-68.46,PitchParams@4dce3762-56e7-4e67-8478-0514833a0bcb,MTD-21126391717,,,,,,,,,,,,,,,-,-,Thomas,high_intent,-,,
Aidan Thomas,22,9/18/2026,1789781480,Fastball,Y,-4.44,28,81.09,1662.98,1640.5,98.65,10:58,1,15.4,-12.4,-,-,-,-,-2.94,-1.46,5.73,-2.01,-9.43,PitchParams@8c03c304-eda2-4578-9e58-243cdd889528,MTD-21126391717,,,,,,,,,,,,,,,-,-,Thomas,high_intent,-,,
Aidan Thomas,23,9/18/2026,1789781467,Fastball,N,-1.53,50.38,79.68,1648.52,1603.2,97.25,10:54,1,16.1,-8.3,-,-,-,-,-2.91,0.52,5.85,-2.08,-13.47,PitchParams@1340ec92-945b-4484-a45b-d6d64dfb543e,MTD-21126391717,,,,,,,,,,,,,,,-,-,Thomas,high_intent,-,,
Zach Taylor,1,9/18/2026,1789782909,Fastball,N,-10.24,28.9,76.58,2022.2,2005.3,99.16,9:00,1,10.6,-15.7,-,-,-,-,-3.68,0.96,4.48,-2.88,7.41,PitchParams@63294634-9207-4dff-bef0-4339fa612ec4,MTD-21126391717,,,,,,,,,,,,,,,-,-,Zt,high_intent,-,,
Zach Taylor,2,9/18/2026,1789782882,Slider,Y,-2.73,29.33,71.42,2222.18,1030.3,46.37,2:50,1,0.3,11.8,-,-,-,-,-1.75,2.51,4.48,-2.8,-62.38,PitchParams@438e7e33-9d29-45b0-b675-b7b913ccd71b,MTD-21126391717,,,,,,,,,,,,,,,-,-,Zt,high_intent,-,,
Zach Taylor,3,9/18/2026,1789782840,Fastball,Y,-5.32,29.07,79.9,1949.98,1943.7,99.68,10:00,1,13,-15.3,-,-,-,-,-3.41,-0.69,5.31,-2.22,4.58,PitchParams@1c43a9a1-a617-4d27-8a30-634b0bbd4a6b,MTD-21126391717,,,,,,,,,,,,,,,-,-,Zt,high_intent,-,,
Zach Taylor,4,9/18/2026,1789782808,Fastball,N,-23.5,51.2,82.51,2013.12,2003.2,99.51,9:56,1,12.7,-15.5,-,-,-,-,-1.76,1.17,5.45,-2.26,5.69,PitchParams@275c53c8-5a1e-43a4-9c53-f3c33ca8bbeb,MTD-21126391717,,,,,,,,,,,,,,,-,-,Zt,high_intent,-,,
Zach Taylor,5,9/18/2026,1789782782,Fastball,Y,-3.79,27.19,78.28,1876.92,1865.1,99.37,10:00,1,15.2,-16.3,-,-,-,-,-3.41,-0.83,5.41,-2.12,6.44,PitchParams@e163e044-e526-4492-8f9c-ab86535d8a29,MTD-21126391717,,,,,,,,,,,,,,,-,-,Zt,high_intent,-,,
Zach Taylor,6,9/18/2026,1789782759,Fastball,N,-11.47,48.58,79.8,2004.74,1996.3,99.58,10:02,1,12.1,-13.6,-,-,-,-,-2.65,1.25,5.31,-2.2,5.27,PitchParams@fd4e08a2-da3d-46f0-b0bf-976f047cc2db,MTD-21126391717,,,,,,,,,,,,,,,-,-,Zt,high_intent,-,,
Zach Taylor,7,9/18/2026,1789782734,Slider,N,2.33,-1.9,69.35,2244.85,783.1,34.89,3:08,1,4.6,7.9,-,-,-,-,-2.75,-0.46,4.38,-2.96,-69.58,PitchParams@454cfeaa-50b2-48d4-9a51-3df9fcf00d1a,MTD-21126391717,,,,,,,,,,,,,,,-,-,Zt,high_intent,-,,
Zach Taylor,8,9/18/2026,1789782716,ChangeUp,N,-27.27,23.74,74.68,1903.64,1884.1,98.97,9:02,1,6.4,-14.3,-,-,-,-,-2.08,1.05,4.44,-2.96,8.21,PitchParams@631e6d30-5add-4d2b-a492-7185b9c50af7,MTD-21126391717,,,,,,,,,,,,,,,-,-,Zt,high_intent,-,,
Zach Taylor,9,9/18/2026,1789782650,TwoSeamFastball,N,-5.46,42.3,79.46,1905.04,1896.6,99.56,9:54,1,6.6,-13.4,-,-,-,-,-3.42,1.33,5.17,-2.39,5.4,PitchParams@af703e21-86b1-4a54-ad80-3c13cf259b43,MTD-21126391717,,,,,,,,,,,,,,,-,-,Zt,high_intent,-,,
Zach Taylor,10,9/18/2026,1789782625,Slider,Y,-4.66,28.06,70.53,2215.92,1162.1,52.44,3:04,1,3.1,7.2,-,-,-,-,-1.99,2.37,4.42,-2.8,-58.37,PitchParams@bfdbc836-3ce3-4339-9e23-0d4637df5728,MTD-21126391717,,,,,,,,,,,,,,,-,-,Zt,high_intent,-,,
Zach Taylor,11,9/18/2026,1789782543,Fastball,Y,0.49,24.39,78.9,1957.38,1951.8,99.72,9:54,1,14.6,-12.9,-,-,-,-,-3.74,-1.22,5.35,-2.23,4.31,PitchParams@f70cc30a-95e2-44c6-a33c-7c2d3605e6c7,MTD-21126391717,,,,,,,,,,,,,,,-,-,Zt,high_intent,-,,
Zach Taylor,12,9/18/2026,1789782521,ChangeUp,N,-2.52,13.38,71.51,2357.92,1275.1,54.08,2:58,1,3.7,14,-,-,-,-,-1.58,0.7,4.48,-2.82,-57.26,PitchParams@916e7c73-4ed2-455d-8cc4-643611837890,MTD-21126391717,,,,,,,,,,,,,,,-,-,Zt,high_intent,-,,
Zach Taylor,13,9/18/2026,1789782480,TwoSeamFastball,Y,-9.49,33.12,78.63,1969.89,1926,97.77,9:42,1,8.4,-14.8,-,-,-,-,-2.84,0.27,5.33,-2.12,12.11,PitchParams@ba60a6ff-6764-4880-a377-84675c29e0d6,MTD-21126391717,,,,,,,,,,,,,,,-,-,Zt,high_intent,-,,
Zach Taylor,14,9/18/2026,1789782463,TwoSeamFastball,Y,4.9,23.31,78.9,1856.21,1854.1,99.89,9:28,1,6.8,-15.2,-,-,-,-,-4.73,-0.11,5.02,-2.59,-2.75,PitchParams@15e7f282-b707-4584-b564-7a8d8692cfe7,MTD-21126391717,,,,,,,,,,,,,,,-,-,Zt,high_intent,-,,
Zach Taylor,15,9/18/2026,1789782428,TwoSeamFastball,N,-17.66,20.47,79.51,1991.97,1950.5,97.92,9:40,1,6.4,-16,-,-,-,-,-2.45,-0.57,5.06,-2.33,11.71,PitchParams@b0ecc506-cb3b-4332-81dc-d016c6b460a7,MTD-21126391717,,,,,,,,,,,,,,,-,-,Zt,high_intent,-,,
Zach Taylor,16,9/18/2026,1789782410,Slider,N,-20.43,40.2,69.59,2129.21,1140.2,53.55,2:18,1,4.4,7.3,-,-,-,-,-0.48,3.6,4.3,-2.74,-57.62,PitchParams@93152ac1-99fe-460c-bfb6-d39e17150d48,MTD-21126391717,,,,,,,,,,,,,,,-,-,Zt,high_intent,-,,
Zach Taylor,17,9/18/2026,1789782392,Fastball,N,-15.77,37.56,80.66,2075.37,2034.6,98.03,9:32,1,10.8,-16.8,-,-,-,-,-2.68,0.6,5.09,-2.32,11.38,PitchParams@cfa3a17a-4a9d-456f-8eab-d7b623b3aea4,MTD-21126391717,,,,,,,,,,,,,,,-,-,Zt,high_intent,-,,
Zach Taylor,18,9/18/2026,1789782376,ChangeUp,N,3.62,16.77,76.07,2054.83,2054.5,99.99,9:06,1,8.7,-17.3,-,-,-,-,-5.19,0.43,4.28,-3.07,0.97,PitchParams@1f75f105-4a85-4a30-b657-9a66f4d0a93e,MTD-21126391717,,,,,,,,,,,,,,,-,-,Zt,high_intent,-,,
Zach Taylor,19,9/18/2026,1789782345,Slider,Y,-7.11,36.6,67.47,2107.57,1161.8,55.13,2:54,1,5.1,8.2,-,-,-,-,-1.77,3.63,4.25,-2.88,-56.55,PitchParams@f64e988f-f291-416f-9931-a5552ef8e6ed,MTD-21126391717,,,,,,,,,,,,,,,-,-,Zt,high_intent,-,,
Zach Taylor,20,9/18/2026,1789782319,Fastball,Y,7.53,22.89,79.71,2033.63,1990.5,97.88,9:34,1,10.2,-15.6,-,-,-,-,-4.66,-0.95,5.23,-2.25,11.82,PitchParams@eacdc7d4-a4b1-4419-bad0-c65e4ab51345,MTD-21126391717,,,,,,,,,,,,,,,-,-,Zt,high_intent,-,,
Zach Taylor,21,9/18/2026,1789782298,Slider,N,32.11,55.4,71.45,2077.58,2011.7,96.83,9:22,1,-,-,-,-,-,-,-6.71,-0.89,4.38,-2.37,14.47,PitchParams@2e25114e-2541-4861-ab78-1fe35a4b4992,MTD-21126391717,,,,,,,,,,,,,,,-,-,Zt,high_intent,-,,
Zach Taylor,22,9/18/2026,1789782281,Fastball,Y,7.28,19.42,81.37,2026.58,1978.5,97.63,9:38,1,11.6,-16,-,-,-,-,-4.81,-1.24,5.14,-2.42,12.51,PitchParams@10f25b7a-188d-4b6d-afd6-0340bbb8c80c,MTD-21126391717,,,,,,,,,,,,,,,-,-,Zt,high_intent,-,,
Zach Taylor,23,9/18/2026,1789782263,ChangeUp,N,1.21,10.96,77.13,2271.5,2269.4,99.91,9:04,1,2.7,-21.4,-,-,-,-,-5.27,0.11,4.5,-3.01,-2.44,PitchParams@09749622-7f46-4793-8e3a-9e8021371703,MTD-21126391717,,,,,,,,,,,,,,,-,-,Zt,high_intent,-,,
Zach Taylor,24,9/18/2026,1789782246,Fastball,Y,-4.17,22.75,81.1,2057.45,2028.1,98.57,9:36,1,-,-,-,-,-,-,-4.1,-0.56,5.09,-2.23,9.69,PitchParams@04dbb767-a692-4b82-9d0a-339e9889a751,MTD-21126391717,,,,,,,,,,,,,,,-,-,Zt,high_intent,-,,
Zach Taylor,25,9/18/2026,1789782232,ChangeUp,Y,5.76,40.12,77.71,1860.37,1859.6,99.96,9:02,1,6.6,-18.9,-,-,-,-,-5.37,2.63,4.27,-2.87,-1.67,PitchParams@163888a7-b539-449b-aa7b-a40a262a6533,MTD-21126391717,,,,,,,,,,,,,,,-,-,Zt,high_intent,-,,
Matt Pappalardo,1,9/19/2026,1789825907,Fastball,N,-8.99,16.93,84.51,2379.78,2275.4,95.61,12:14,1,22.4,0,-,-,-,-,2.4,-4.47,6.65,1.43,17.03,PitchParams@63074604-4519-4105-a61d-bd966447649b,MTD-21126391717,,,,,,,,,,,,,,,-,-,Papp I3,high_intent,-,,
Matt Pappalardo,2,9/19/2026,1789825871,Slider,N,0.98,47.34,76.83,2404.73,621.3,25.84,8:32,1,-1.3,-1.5,-,-,-,-,1.24,1.48,6.6,1.35,75.03,PitchParams@37d6da8b-3313-4a92-92e3-75a438e69692,MTD-21126391717,,,,,,,,,,,,,,,-,-,Papp I3,high_intent,-,,
Matt Pappalardo,3,9/19/2026,1789825854,Slider,Y,-1.99,41.41,79.7,2365.51,2067.1,87.39,5:00,1,4,-1,-,-,-,-,2.22,0.21,6.4,1.94,29.09,PitchParams@6ef58743-da8b-412b-bce4-25d2a0431e4b,MTD-21126391717,,,,,,,,,,,,,,,-,-,Papp I3,high_intent,-,,
Matt Pappalardo,4,9/19/2026,1789825841,Fastball,N,-11.57,38.68,87.42,2410.9,2351.9,97.55,12:18,1,20.7,6.1,-,-,-,-,3.28,-2.44,6.63,1.52,12.7,PitchParams@0a2fb759-88d1-4662-ba13-3836f4bbd2de,MTD-21126391717,,,,,,,,,,,,,,,-,-,Papp I3,high_intent,-,,
Matt Pappalardo,5,9/19/2026,1789825806,Fastball,N,-10.25,28.21,86.74,2220.89,2109.4,94.98,12:44,1,22,3.1,-,-,-,-,2.95,-3.46,6.62,1.57,18.23,PitchParams@97cf0601-b605-42df-ab8a-52759ddb4d90,MTD-21126391717,,,,,,,,,,,,,,,-,-,Papp I3,high_intent,-,,
Matt Pappalardo,6,9/19/2026,1789825788,Slider,N,-10.89,23.13,81.71,2359.22,471.2,19.97,11:00,0.5,-,-,-,-,-,-,3.39,-1.65,6.26,2.37,-78.48,PitchParams@816a647d-b6c3-4fcb-a205-41d1903ca9d8,MTD-21126391717,,,,,,,,,,,,,,,-,-,Papp I3,high_intent,-,,
Matt Pappalardo,7,9/19/2026,1789825764,Slider,N,-16.92,27.67,77.56,2503.09,698.5,27.91,9:06,1,-1,-4,-,-,-,-,2.67,-0.58,6.58,1.34,73.8,PitchParams@f64cec06-74b5-4a89-8745-aedecc640429,MTD-21126391717,,,,,,,,,,,,,,,-,-,Papp I3,high_intent,-,,
Matt Pappalardo,8,9/19/2026,1789825748,Fastball,N,7.21,48.69,87.17,2271.17,2185.6,96.23,12:16,1,19.7,3.4,-,-,-,-,1.14,-1.53,6.68,1.35,15.78,PitchParams@61e8abc1-7166-4d19-80de-1b2e8e186f81,MTD-21126391717,,,,,,,,,,,,,,,-,-,Papp I3,high_intent,-,,
Matt Pappalardo,9,9/19/2026,1789825731,Slider,Y,-9.31,37.31,77.67,2267.97,628.7,27.72,9:00,1,2.6,-4.9,-,-,-,-,2.57,0.03,6.51,1.97,73.91,PitchParams@f1fab032-b90c-4f48-b019-8958c996ca6c,MTD-21126391717,,,,,,,,,,,,,,,-,-,Papp I3,high_intent,-,,
Matt Pappalardo,10,9/19/2026,1789825698,Slider,Y,-4.04,29.95,77.66,2203.31,1922.4,87.25,4:30,1,5.1,1,-,-,-,-,2.24,-1.09,6.68,1.62,29.25,PitchParams@392fcec9-828e-4aba-981b-91a3fd155314,MTD-21126391717,,,,,,,,,,,,,,,-,-,Papp I3,high_intent,-,,
Matt Pappalardo,11,9/19/2026,1789825679,Fastball,Y,-3.39,22.5,86.69,2309.27,2177.6,94.3,12:32,1,21.9,5.5,-,-,-,-,2.53,-4.06,6.76,1.56,19.44,PitchParams@d77e1693-adf4-404d-a13d-a0436891782d,MTD-21126391717,,,,,,,,,,,,,,,-,-,Papp I3,high_intent,-,,
Matt Pappalardo,12,9/19/2026,1789824076,Fastball,Y,-1.37,39.02,87.89,2364.91,1886.2,79.76,11:22,0.5,21.4,5.6,-,-,-,-,2.42,-2.38,6.51,1.62,37.1,PitchParams@30094e30-0c62-4685-b27c-681ca4ff08c8,MTD-21126391717,,,,,,,,,,,,,,,-,-,Papp I1,high_intent,-,,
Matt Pappalardo,13,9/19/2026,1789824060,Fastball,Y,4.42,41.14,86.89,2534.51,2419.6,95.47,12:18,1,15.4,5.6,-,-,-,-,1.88,-1.68,6.53,1.6,17.32,PitchParams@213eacc2-10ba-4120-8064-8f3aebf6fa39,MTD-21126391717,,,,,,,,,,,,,,,-,-,Papp I1,high_intent,-,,
Matt Pappalardo,14,9/19/2026,1789824046,Fastball,N,-16.96,22.88,88.31,2354.11,2233.2,94.87,12:16,1,23.3,5.2,-,-,-,-,3.78,-3.89,6.63,1.67,18.44,PitchParams@42417f18-28f6-4c4d-a920-be9c6d70768d,MTD-21126391717,,,,,,,,,,,,,,,-,-,Papp I1,high_intent,-,,
Matt Pappalardo,15,9/19/2026,1789824021,Slider,N,-13.29,37.36,79.6,2547.79,771.4,30.28,8:50,1,-3.8,-4.4,-,-,-,-,2.58,0.57,6.48,1.62,72.37,PitchParams@08f292c4-e4d1-4047-a4e4-d8a0be5d2858,MTD-21126391717,,,,,,,,,,,,,,,-,-,Papp I1,high_intent,-,,
Matt Pappalardo,16,9/19/2026,1789824006,Fastball,Y,5.03,19.89,87.73,2563.99,2443.9,95.32,12:44,1,22.7,3.9,-,-,-,-,1.5,-4.29,6.62,1.46,17.6,PitchParams@7ac3e476-a487-4383-a520-0b82baf3045d,MTD-21126391717,,,,,,,,,,,,,,,-,-,Papp I1,high_intent,-,,
Matt Pappalardo,17,9/19/2026,1789823981,Slider,N,-10.86,16.79,81.81,2491.95,2176.6,87.34,5:04,1,4.5,0.3,-,-,-,-,3.35,-2.12,6.25,2.11,29.14,PitchParams@a4b58c7d-0f86-4d0b-85bc-63918241834f,MTD-21126391717,,,,,,,,,,,,,,,-,-,Papp I1,high_intent,-,,
Matt Pappalardo,19,9/19/2026,1789823931,Slider,Y,-4.89,22.19,80.84,2288.94,2007,87.68,5:50,1,3.7,-0.9,-,-,-,-,2.86,-1.41,6.19,2.26,28.74,PitchParams@df08171b-739e-4ffa-b4ac-5f3c03705a9c,MTD-21126391717,,,,,,,,,,,,,,,-,-,Papp I1,high_intent,-,,
Matt Pappalardo,20,9/19/2026,1789823914,Fastball,N,7.78,13.53,87.42,2336.23,2268.9,97.12,12:44,1,18.2,9.3,-,-,-,-,1.79,-4.45,6.63,1.52,13.79,PitchParams@7733729d-2f2a-4a53-b92d-114a9171e35a,MTD-21126391717,,,,,,,,,,,,,,,-,-,Papp I1,high_intent,-,,
Matt Pappalardo,21,9/19/2026,1789823894,Slider,Y,-3.41,37.91,79.84,2405.55,2130.5,88.57,4:12,1,4.7,-5.8,-,-,-,-,2.07,-0.13,6.32,2.08,27.67,PitchParams@de16999f-8268-4c2a-af62-8c654dcc7f71,MTD-21126391717,,,,,,,,,,,,,,,-,-,Papp I1,high_intent,-,,
Matt Pappalardo,22,9/19/2026,1789823879,Slider,Y,-8.57,35.27,80.37,2338.44,2052,87.75,12:38,1,9.6,-2.3,-,-,-,-,2.96,-0.87,6.3,2.16,28.65,PitchParams@6f1badde-a224-4f13-8e0c-0b576cf232ea,MTD-21126391717,,,,,,,,,,,,,,,-,-,Papp I1,high_intent,-,,
Matt Pappalardo,23,9/19/2026,1789823861,Fastball,N,1.44,7.53,86.67,2450.05,2396,97.79,12:18,0.5,21.8,6.5,-,-,-,-,2.05,-5.41,6.66,1.44,12.06,PitchParams@5684029d-4391-475c-bb83-04e13817207a,MTD-21126391717,,,,,,,,,,,,,,,-,-,Papp I1,high_intent,-,,
Matt Pappalardo,24,9/19/2026,1789823848,Fastball,N,-16.78,21.51,87.7,2275.3,2198.4,96.62,12:42,1,21.9,6.6,-,-,-,-,3.94,-4.08,6.56,1.63,14.94,PitchParams@d2eabbd4-0552-47f2-a107-fa3b08f6bbdb,MTD-21126391717,,,,,,,,,,,,,,,-,-,Papp I1,high_intent,-,,
Maxwell Jarvie,1,9/19/2026,1789826363,Fastball,N,-3.49,44.98,86.21,2120.35,2015.6,95.06,12:40,1,22.3,7.5,-,-,-,-,3.11,-1.44,6.39,1.97,18.09,PitchParams@43b0be69-450d-4227-bd6f-4a0c672a72bc,MTD-21126391717,,,,,,,,,,,,,,,-,-,Jarvie I3,high_intent,-,,
Maxwell Jarvie,2,9/19/2026,1789826341,Fastball,N,-12,22.79,88.06,2103.9,2024.6,96.23,12:54,1,17.2,15.1,-,-,-,-,4.65,-3.22,6.44,2.06,15.78,PitchParams@dcc9cf5d-3811-4869-a161-c0843c0927b5,MTD-21126391717,,,,,,,,,,,,,,,-,-,Jarvie I3,high_intent,-,,
Maxwell Jarvie,3,9/19/2026,1789826322,Slider,N,-15.42,16.45,78.8,-,-,-,-,0,1.4,-1.1,-,-,-,-,3.57,-1.6,6.18,2.01,0,PitchParams@22d6d1ba-d729-45ff-8bb2-68e77fa54067,MTD-21126391717,,,,,,,,,,,,,,,-,-,Jarvie I3,high_intent,-,,
Maxwell Jarvie,4,9/19/2026,1789826303,Slider,N,-22.04,18.37,77.28,-,-,-,-,0,2.2,-1.5,-,-,-,-,4.28,-1.34,6.21,2.15,0,PitchParams@59b4309c-fc4f-4d8b-8c6e-2f43e76498a9,MTD-21126391717,,,,,,,,,,,,,,,-,-,Jarvie I3,high_intent,-,,
Maxwell Jarvie,5,9/19/2026,1789826287,Fastball,Y,-0.86,30.54,86.71,2083.47,2032.3,97.54,12:48,1,18.6,11.9,-,-,-,-,3.22,-2.68,6.28,1.82,12.72,PitchParams@5f913983-f550-4b81-9967-1fccdc494e77,MTD-21126391717,,,,,,,,,,,,,,,-,-,Jarvie I3,high_intent,-,,
Maxwell Jarvie,6,9/19/2026,1789826272,Fastball,Y,3.16,39.25,88.04,2111.02,2043.6,96.81,12:52,1,19.8,10.7,-,-,-,-,2.8,-2.09,6.38,1.92,14.52,PitchParams@cb3a6a43-15ca-4c0b-899d-d33626ee7d9e,MTD-21126391717,,,,,,,,,,,,,,,-,-,Jarvie I3,high_intent,-,,
Maxwell Jarvie,7,9/19/2026,1789826241,ChangeUp,N,4.02,11.08,75.41,1828.81,1806.1,98.76,1:26,1,17,18.6,-,-,-,-,3.72,-2.83,6.16,2.24,9.03,PitchParams@a3af9b48-1f16-42c4-b8ef-49fd773d8ab3,MTD-21126391717,,,,,,,,,,,,,,,-,-,Jarvie I3,high_intent,-,,
Maxwell Jarvie,8,9/19/2026,1789826209,Fastball,Y,2.59,30.52,86.29,2155.16,2051.6,95.2,12:44,1,18.9,11.9,-,-,-,-,3.03,-2.68,6.3,1.95,17.83,PitchParams@d9b980a0-8ab2-4b56-a206-749729005c9a,MTD-21126391717,,,,,,,,,,,,,,,-,-,Jarvie I3,high_intent,-,,
Maxwell Jarvie,9,9/19/2026,1789826186,ChangeUp,N,-7.28,-5.6,77.87,1578.05,1564.6,99.15,1:04,1,13.6,14.6,-,-,-,-,4.54,-4.47,6.34,2.39,7.49,PitchParams@e6f8179f-518f-4634-8209-64a29ba938b6,MTD-21126391717,,,,,,,,,,,,,,,-,-,Jarvie I3,high_intent,-,,
Maxwell Jarvie,10,9/19/2026,1789826157,Fastball,Y,2.16,25.93,87.78,2102.76,2033.6,96.71,12:52,1,12.8,10.4,-,-,-,-,3.02,-2.51,6.25,2.04,14.73,PitchParams@b964a0c9-783a-46f6-a7e2-4d6f8539f842,MTD-21126391717,,,,,,,,,,,,,,,-,-,Jarvie I3,high_intent,-,,
Maxwell Jarvie,11,9/19/2026,1789826120,Slider,N,-11.62,29.21,75.06,-,-,-,-,0,2,-1.6,-,-,-,-,3.42,-0.12,6.25,2.25,0,PitchParams@49348296-6338-4233-860a-513f4162f452,MTD-21126391717,,,,,,,,,,,,,,,-,-,Jarvie I3,high_intent,-,,
Maxwell Jarvie,12,9/19/2026,1789826099,Fastball,N,-12.92,18.39,87.01,2010.16,1944.7,96.74,12:44,1,17.7,12.5,-,-,-,-,4.24,-3.54,6.43,1.82,14.67,PitchParams@5e4a6358-1245-4164-98d7-052c33c290c8,MTD-21126391717,,,,,,,,,,,,,,,-,-,Jarvie I3,high_intent,-,,
Maxwell Jarvie,13,9/19/2026,1789826068,Fastball,N,-13.1,27.38,85.94,2153.85,2043.9,94.89,12:44,1,18.2,5.3,-,-,-,-,3.62,-2.98,6.41,1.73,18.39,PitchParams@d0a3a551-3166-42ab-a481-3dd138845272,MTD-21126391717,,,,,,,,,,,,,,,-,-,Jarvie I3,high_intent,-,,
Maxwell Jarvie,14,9/19/2026,1789826050,Slider,N,-12.08,18.21,74.46,2094.1,520,24.83,8:42,0.5,1.5,0,-,-,-,-,3.42,-1.08,6.2,2.07,75.62,PitchParams@baedee50-52c2-4414-bd08-253c15091870,MTD-21126391717,,,,,,,,,,,,,,,-,-,Jarvie I3,high_intent,-,,
Maxwell Jarvie,15,9/19/2026,1789825535,Fastball,N,-15.21,36.21,89.56,2084.3,2017.5,96.79,12:50,1,19.5,4.1,-,-,-,-,3.59,-2.49,6.39,1.62,14.55,PitchParams@a8dd58f3-42ca-433d-9abc-0ccb00c2b0af,MTD-21126391717,,,,,,,,,,,,,,,-,-,Jarvie I2,high_intent,-,,
Maxwell Jarvie,16,9/19/2026,1789825501,Fastball,N,-6.78,59.09,86.74,1945.41,1892.4,97.27,12:54,1,21.4,3.4,-,-,-,-,2.84,-0.45,6.48,1.71,13.41,PitchParams@5e0c1362-6f14-4e72-b320-fa0c281bcf06,MTD-21126391717,,,,,,,,,,,,,,,-,-,Jarvie I2,high_intent,-,,
Maxwell Jarvie,17,9/19/2026,1789825469,Slider,Y,1.53,31.11,73.89,2050.69,637.4,31.08,8:38,1,-0.4,0,-,-,-,-,2.11,0.27,6.37,2.02,71.89,PitchParams@5d0d6813-f07b-456d-8e7d-61c246d5536b,MTD-21126391717,,,,,,,,,,,,,,,-,-,Jarvie I2,high_intent,-,,
Maxwell Jarvie,18,9/19/2026,1789825435,Slider,Y,4.23,23.82,74.43,-,-,-,-,0,4.6,0.3,-,-,-,-,2.06,-0.77,6.14,2.18,0,PitchParams@1b5eee0b-180a-48b4-9567-cbac235afaf8,MTD-21126391717,,,,,,,,,,,,,,,-,-,Jarvie I2,high_intent,-,,
Maxwell Jarvie,19,9/19/2026,1789825390,Fastball,Y,-3.81,23.44,86.98,2293.69,2175,94.82,12:44,1,18.5,10.2,-,-,-,-,3.42,-3.3,6.27,1.92,18.52,PitchParams@53c40363-d573-4c3a-ac4f-7be2a5080cd4,MTD-21126391717,,,,,,,,,,,,,,,-,-,Jarvie I2,high_intent,-,,
Maxwell Jarvie,20,9/19/2026,1789825351,Slider,Y,6.53,29.05,74.72,2096.81,877.7,41.86,7:32,1,-2.6,1.6,-,-,-,-,1.93,0.33,6.22,2.14,65.25,PitchParams@70740477-0ca9-4eba-9a63-65b76cb77aa6,MTD-21126391717,,,,,,,,,,,,,,,-,-,Jarvie I2,high_intent,-,,
Maxwell Jarvie,21,9/19/2026,1789825326,ChangeUp,N,-0.95,3.71,78.54,1810.2,1762.6,97.37,1:04,0.5,19.9,17.2,-,-,-,-,4.05,-4.22,6.26,2.25,13.17,PitchParams@a8b80524-845d-4911-b780-3e36f89819a2,MTD-21126391717,,,,,,,,,,,,,,,-,-,Jarvie I2,high_intent,-,,
Maxwell Jarvie,22,9/19/2026,1789825305,Fastball,Y,-3.94,38.74,87.93,2223.95,2146.4,96.51,1:00,1,18.9,8.5,-,-,-,-,3.46,-2,6.18,2.06,15.18,PitchParams@8e12d96a-94c2-4e1a-97e2-f84c5184ad55,MTD-21126391717,,,,,,,,,,,,,,,-,-,Jarvie I2,high_intent,-,,
Maxwell Jarvie,23,9/19/2026,1789825285,Fastball,Y,2.44,31.77,86.52,2196.49,2079.2,94.66,12:48,1,18.9,11.3,-,-,-,-,2.95,-2.56,6.26,1.91,18.81,PitchParams@76461f81-d28c-4f59-ae10-5a9c5cb69a9a,MTD-21126391717,,,,,,,,,,,,,,,-,-,Jarvie I2,high_intent,-,,
Maxwell Jarvie,24,9/19/2026,1789825268,Fastball,N,27.56,40.56,87.64,2202.31,2140.2,97.18,12:50,1,14.5,16,-,-,-,-,1.15,-1.22,6.21,2.02,13.64,PitchParams@8ddea447-1cbf-4e64-ac61-69ac3f8c2586,MTD-21126391717,,,,,,,,,,,,,,,-,-,Jarvie I2,high_intent,-,,
Maxwell Jarvie,25,9/19/2026,1789825230,Slider,N,-5.3,11.12,75.53,-,-,-,-,0,-0.7,-1.8,-,-,-,-,2.56,-1.51,6.18,2.03,0,PitchParams@06e61b2d-6568-4bff-82db-939f0aa3aba1,MTD-21126391717,,,,,,,,,,,,,,,-,-,Jarvie I2,high_intent,-,,
Maxwell Jarvie,26,9/19/2026,1789825213,Slider,N,-11.51,19.44,76.5,2065.71,551.7,26.71,8:30,1,4.4,0.9,-,-,-,-,3.51,-1.41,6.23,2.14,74.51,PitchParams@e6d97df8-3924-4287-a59a-8272501d3931,MTD-21126391717,,,,,,,,,,,,,,,-,-,Jarvie I2,high_intent,-,,
Maxwell Jarvie,27,9/19/2026,1789825187,Slider,Y,4.93,28.46,74.2,-,-,-,-,0,2.8,0.2,-,-,-,-,2.08,0,6.14,2.27,0,PitchParams@c17a079e-81d4-4aa7-9de3-8307ffdf45fb,MTD-21126391717,,,,,,,,,,,,,,,-,-,Jarvie I2,high_intent,-,,
Maxwell Jarvie,28,9/19/2026,1789825162,Fastball,Y,1.48,23.38,83.74,2119.25,2043.1,96.41,12:58,1,15.4,10,-,-,-,-,3.12,-2.84,6.25,2.09,15.41,PitchParams@a3505f86-2c8d-4709-863a-6d99ebedf497,MTD-21126391717,,,,,,,,,,,,,,,-,-,Jarvie I2,high_intent,-,,
Maxwell Jarvie,29,9/19/2026,1789825147,Fastball,N,-5.13,46.38,84.64,2082.62,2022.7,97.12,12:42,1,20.6,9,-,-,-,-,3.38,-1.2,6.35,1.89,13.78,PitchParams@b903ccc5-7ecf-4758-ba31-fd15f9580898,MTD-21126391717,,,,,,,,,,,,,,,-,-,Jarvie I2,high_intent,-,,
Jeremy Krendel,1,9/19/2026,1789829762,Fastball,N,-10.8,31.59,83.51,2040.53,2038.3,99.89,10:50,1,17.7,-12.6,-,-,-,-,-0.35,-1.74,6.07,-0.17,2.71,PitchParams@e174cc8f-54c7-401c-aca7-abcc1dc60316,MTD-21126391717,,,,,,,,,,,,,,,-,-,Krendel I3,high_intent,-,,
Jeremy Krendel,2,9/19/2026,1789829739,ChangeUp,N,16.25,16.24,76.53,2128.5,2105,98.89,10:34,0.5,16.5,-10.1,-,-,-,-,-2.72,-2.29,5.95,-0.32,8.53,PitchParams@dc84ec5b-6469-49ef-8f87-0b538e354dee,MTD-21126391717,,,,,,,,,,,,,,,-,-,Krendel I3,high_intent,-,,
Jeremy Krendel,3,9/19/2026,1789829691,ChangeUp,Y,-0.58,36.86,74.95,2099.93,2016.7,96.04,10:00,1,14.2,-11.8,-,-,-,-,-1.53,0.16,5.74,-0.47,16.19,PitchParams@3408dacd-ea0e-4002-b4c8-a2a782939737,MTD-21126391717,,,,,,,,,,,,,,,-,-,Krendel I3,high_intent,-,,
Jeremy Krendel,4,9/19/2026,1789829659,Fastball,Y,9.16,22.76,84.06,2240.55,2239.7,99.96,10:52,1,24.2,-11,-,-,-,-,-1.77,-3.3,6.23,0.04,1.59,PitchParams@7a7c3584-c117-4b4a-8918-5ae92415ec67,MTD-21126391717,,,,,,,,,,,,,,,-,-,Krendel I3,high_intent,-,,
Jeremy Krendel,6,9/19/2026,1789828599,ChangeUp,Y,-5.05,24.05,76.39,1733.87,1721.4,99.28,7:58,1,5.9,-13.7,-,-,-,-,-1.15,-0.49,5.82,-0.33,6.87,PitchParams@3cf02f44-0b84-46ce-b13c-539ccc4d0273,MTD-21126391717,,,,,,,,,,,,,,,-,-,Krendel I2,high_intent,-,,
Jeremy Krendel,7,9/19/2026,1789828574,ChangeUp,Y,-5.12,37.02,76.21,1960.12,1936.9,98.82,10:00,1,13.4,-11.9,-,-,-,-,-0.88,0.05,5.81,-0.24,8.82,PitchParams@6c72d623-8ad5-47ea-ac9d-e10cf94ac2ce,MTD-21126391717,,,,,,,,,,,,,,,-,-,Krendel I2,high_intent,-,,
Jeremy Krendel,8,9/19/2026,1789828554,ChangeUp,Y,-3.95,27.93,75.03,2101.09,2083.1,99.14,9:58,1,15.7,-9.8,-,-,-,-,-0.89,-0.73,5.78,-0.33,7.5,PitchParams@a34eaa7f-02e1-4d35-a256-f0220667a81c,MTD-21126391717,,,,,,,,,,,,,,,-,-,Krendel I2,high_intent,-,,
Jeremy Krendel,9,9/19/2026,1789828536,ChangeUp,N,-13.16,8.34,74.71,2026.08,1869.5,92.27,9:42,1,14.7,-11.6,-,-,-,-,-0.32,-2.35,5.7,-0.43,22.67,PitchParams@c7c3bd77-473d-4d22-ba27-893c574c44c5,MTD-21126391717,,,,,,,,,,,,,,,-,-,Krendel I2,high_intent,-,,
Jeremy Krendel,10,9/19/2026,1789828519,ChangeUp,Y,1.5,29.57,77,2124.97,2075.4,97.67,10:06,1,15,-10.6,-,-,-,-,-1.32,-0.98,5.88,-0.19,12.4,PitchParams@a693ba9f-be3c-4e23-b5f1-ad48962c49b5,MTD-21126391717,,,,,,,,,,,,,,,-,-,Krendel I2,high_intent,-,,
Jeremy Krendel,11,9/19/2026,1789828501,Fastball,N,-13.33,43.7,84.84,2202.08,2179,98.95,10:36,1,21.7,-8.7,-,-,-,-,0.5,-1.29,6.17,0.07,8.3,PitchParams@240bfe4b-5216-446f-a680-874cd6bcff4a,MTD-21126391717,,,,,,,,,,,,,,,-,-,Krendel I2,high_intent,-,,
Jeremy Krendel,12,9/19/2026,1789828486,ChangeUp,N,-1.3,42.18,76.43,1957.76,1939.3,99.06,10:02,1,14,-11.9,-,-,-,-,-1.16,0.39,5.86,-0.17,7.87,PitchParams@9d33da78-5307-43be-bad7-f263aa664c4f,MTD-21126391717,,,,,,,,,,,,,,,-,-,Krendel I2,high_intent,-,,
Jeremy Krendel,13,9/19/2026,1789828439,Fastball,Y,-1.6,38.23,84.09,2221.77,2207.8,99.37,10:44,1,21.2,-11.4,-,-,-,-,-0.89,-1.57,6.06,-0.01,6.43,PitchParams@48ff03c6-b3d6-4f12-bcb5-bd2bf743dfa8,MTD-21126391717,,,,,,,,,,,,,,,-,-,Krendel I2,high_intent,-,,
Jeremy Krendel,14,9/19/2026,1789828415,Fastball,Y,0.53,37.29,84.17,2214.75,2214,99.97,10:46,1,18.7,-13.2,-,-,-,-,-1.35,-1.64,5.99,-0.05,1.49,PitchParams@535d24f4-b8c0-4e45-878b-21b5fd1cc168,MTD-21126391717,,,,,,,,,,,,,,,-,-,Krendel I2,high_intent,-,,
Jeremy Krendel,15,9/19/2026,1789828381,CurveBall,Y,2.87,20.6,75.24,2413.99,1035.7,42.9,4:38,1,-7.4,5.2,-,-,-,-,-0.07,0.45,5.96,-0.26,-64.59,PitchParams@f57eff7c-0ea8-4b1b-91d2-60d0ca5ebbbd,MTD-21126391717,,,,,,,,,,,,,,,-,-,Krendel I2,high_intent,-,,
Jeremy Krendel,16,9/19/2026,1789828347,Fastball,Y,-5.54,29.53,82.91,2101.69,2078.8,98.91,11:02,1,18.5,-10.9,-,-,-,-,-0.42,-2.3,6.1,0.06,8.47,PitchParams@1f177225-9ed3-4eb7-8024-d002dbc6d0bc,MTD-21126391717,,,,,,,,,,,,,,,-,-,Krendel I2,high_intent,-,,
Jeremy Krendel,17,9/19/2026,1789828324,Fastball,Y,2.57,31.61,84.36,2225.61,2207.4,99.18,10:38,1,22.9,-11,-,-,-,-,-1.19,-2.24,6.14,0.03,7.33,PitchParams@7786e447-bf0c-4868-84a7-ba3ab1cb3b9f,MTD-21126391717,,,,,,,,,,,,,,,-,-,Krendel I2,high_intent,-,,
Jeremy Krendel,18,9/19/2026,1789828231,ChangeUp,N,-20.96,40.26,74.15,2051.18,1789.6,87.25,10:04,1,13.3,-12,-,-,-,-,0.37,0.72,5.76,-0.4,29.25,PitchParams@bf1d57fc-7347-44c9-b3cd-a30c064e1a7e,MTD-21126391717,,,,,,,,,,,,,,,-,-,Krendel I2,high_intent,-,,
Jeremy Krendel,19,9/19/2026,1789828200,CurveBall,N,7.77,0.73,73.25,2369.29,1165.7,49.2,4:30,1,-8.5,2.3,-,-,-,-,-0.76,-0.99,5.88,-0.25,-60.53,PitchParams@e9ddf318-bee0-4c01-acda-4b1a63a9809b,MTD-21126391717,,,,,,,,,,,,,,,-,-,Krendel I2,high_intent,-,,
Jeremy Krendel,20,9/19/2026,1789828174,ChangeUp,Y,-0.9,32.22,74.71,1808.57,1729.5,95.63,9:38,1,11.6,-12.5,-,-,-,-,-1.48,0.06,5.72,-0.39,17.01,PitchParams@e9b0a9f6-3e6c-4b83-8808-c48481cac6c1,MTD-21126391717,,,,,,,,,,,,,,,-,-,Krendel I2,high_intent,-,,
Jeremy Krendel,21,9/19/2026,1789828150,ChangeUp,N,12.51,10.89,75.79,1934.06,1796.7,92.9,9:44,1,13.4,-11,-,-,-,-,-2.6,-2.21,5.78,-0.45,21.73,PitchParams@1367d3d8-6832-416d-8c9f-2a2ae5c7d78a,MTD-21126391717,,,,,,,,,,,,,,,-,-,Krendel I2,high_intent,-,,
Jeremy Krendel,22,9/19/2026,1789828103,ChangeUp,N,-22.9,28.93,76.71,1829.92,1809.6,98.89,9:54,1,13.1,-10.7,-,-,-,-,0.74,-0.54,5.76,-0.34,8.56,PitchParams@b4ec3b94-b5c8-4068-bb33-c046466161fd,MTD-21126391717,,,,,,,,,,,,,,,-,-,Krendel I2,high_intent,-,,
Jeremy Krendel,23,9/19/2026,1789828086,ChangeUp,Y,-2.76,28.3,76.57,1965.71,1942.4,98.82,10:02,1,8.2,-12.4,-,-,-,-,-1.25,-0.09,5.7,-0.35,8.82,PitchParams@dd8692a2-5ae2-4c7f-bf37-e74314408da1,MTD-21126391717,,,,,,,,,,,,,,,-,-,Krendel I2,high_intent,-,,
Jeremy Krendel,24,9/19/2026,1789828071,ChangeUp,Y,1,32.68,75.62,1913.47,1889.6,98.75,10:02,1,7.8,-10,-,-,-,-,-1.24,0.23,5.8,-0.22,9.06,PitchParams@cc13bcdd-d276-40fe-acb2-995d21b19775,MTD-21126391717,,,,,,,,,,,,,,,-,-,Krendel I2,high_intent,-,,
Jeremy Krendel,25,9/19/2026,1789828038,Fastball,Y,-2.8,32.06,84.59,2035.39,2034,99.93,10:50,1,21,-12,-,-,-,-,-0.83,-1.95,6.03,0,2.1,PitchParams@02efd2ec-8ed6-400e-96b1-eaef4fe901d4,MTD-21126391717,,,,,,,,,,,,,,,-,-,Krendel I2,high_intent,-,,
Jake Harmony,1,9/19/2026,1789830095,Fastball,Y,-3.8,37.83,86.8,2016.33,1990.5,98.72,1:52,1,15.3,13.9,-,-,-,-,4.09,-0.49,5.34,2.29,9.18,PitchParams@dbfcd580-7485-4646-935f-e81a6c5fd5d9,MTD-21126391717,,,,,,,,,,,,,,,-,-,Harms I3,high_intent,-,,
Jake Harmony,2,9/19/2026,1789830079,ChangeUp,Y,5.29,20.29,80.3,1588.74,1588,99.95,2:22,1,12,15.4,-,-,-,-,3.58,-0.96,5.15,2.44,1.8,PitchParams@76f1bc29-ca30-40e0-ab86-6112a86bbcec,MTD-21126391717,,,,,,,,,,,,,,,-,-,Harms I3,high_intent,-,,
Jake Harmony,3,9/19/2026,1789830067,Fastball,N,-11.04,11.73,87.13,1990.96,1961.8,98.54,1:34,1,12.7,12.7,-,-,-,-,4.7,-2.63,5.17,2.25,9.81,PitchParams@aedfb502-4f3e-4015-88cc-b83c1343602a,MTD-21126391717,,,,,,,,,,,,,,,-,-,Harms I3,high_intent,-,,
Jake Harmony,4,9/19/2026,1789830053,ChangeUp,Y,9.93,28.39,80.62,1460.45,1450.3,99.3,2:24,1,10,12.5,-,-,-,-,2.82,-0.13,5.13,2.37,6.77,PitchParams@2bb7b665-341a-492e-b9bc-737cffd8c36b,MTD-21126391717,,,,,,,,,,,,,,,-,-,Harms I3,high_intent,-,,
Jake Harmony,5,9/19/2026,1789830039,ChangeUp,Y,-5.95,19.05,78.34,1506.47,1505.1,99.91,2:26,1,8,13.8,-,-,-,-,4.35,-0.66,5.14,2.32,2.48,PitchParams@2b8cf5b0-3cc5-4158-9319-cb16ba28cb48,MTD-21126391717,,,,,,,,,,,,,,,-,-,Harms I3,high_intent,-,,
Jake Harmony,6,9/19/2026,1789830011,Fastball,N,-13.74,24.32,88.07,1808.26,1780.1,98.44,1:52,1,13.3,12.7,-,-,-,-,4.9,-1.4,5.29,2.34,10.13,PitchParams@11b2b703-a713-40bd-98ad-661a4492212d,MTD-21126391717,,,,,,,,,,,,,,,-,-,Harms I3,high_intent,-,,
Jake Harmony,7,9/19/2026,1789829998,Fastball,N,-13.12,22.31,86.16,1777.15,1753.2,98.65,1:46,1,16.2,15.4,-,-,-,-,5.04,-1.87,5.3,2.26,9.42,PitchParams@f5a64b79-edfc-4f14-ba0b-e7624c3b3eff,MTD-21126391717,,,,,,,,,,,,,,,-,-,Harms I3,high_intent,-,,
Jake Harmony,8,9/19/2026,1789829982,Fastball,Y,-4.69,35.52,87.89,2028.25,1983.6,97.8,1:56,0.5,16.4,16.7,-,-,-,-,4.48,-0.77,5.29,2.35,12.05,PitchParams@e05e11c2-8dd7-43e5-80cd-f18abdbce3c0,MTD-21126391717,,,,,,,,,,,,,,,-,-,Harms I3,high_intent,-,,
Jake Harmony,9,9/19/2026,1789829959,ChangeUp,N,19.5,23.83,79.86,1502.52,1499.2,99.78,2:24,1,12.5,16.7,-,-,-,-,2.38,-0.66,5.24,2.45,3.81,PitchParams@9eac074d-34fd-43e2-958a-762189cfb20e,MTD-21126391717,,,,,,,,,,,,,,,-,-,Harms I3,high_intent,-,,
Jake Harmony,10,9/19/2026,1789829944,Fastball,Y,-5.85,20.54,86.49,2101.66,2075.3,98.75,1:52,1,14.4,18.4,-,-,-,-,4.82,-1.83,5.29,2.43,9.08,PitchParams@821a7680-f0b6-439e-812e-f66c68c868d1,MTD-21126391717,,,,,,,,,,,,,,,-,-,Harms I3,high_intent,-,,
Jake Harmony,11,9/19/2026,1789829933,Fastball,N,10.63,27.27,86.16,-,-,-,-,0,18,17,-,-,-,-,3.23,-1.71,5.23,2.36,0,PitchParams@2de359a0-c83b-4b53-8858-c22c2701161a,MTD-21126391717,,,,,,,,,,,,,,,-,-,Harms I3,high_intent,-,,
Isaac Jensen,1,9/19/2026,1789831361,Slider,Y,3.22,28.76,77.68,2069.53,879.6,42.5,7:24,1,-4.6,2,-,-,-,-,1.33,0.21,6.26,1.31,64.85,PitchParams@cdfcb4e0-094d-4281-a09d-66021edc39e5,MTD-21126391717,,,,,,,,,,,,,,,-,-,Jensen I1,high_intent,-,,
Isaac Jensen,2,9/19/2026,1789831340,Slider,Y,-3.26,32.06,77.63,1834.52,681.8,37.17,7:10,1,-2.7,1.2,-,-,-,-,2.08,0.62,6.24,1.55,68.18,PitchParams@365ff66b-3b2b-4601-bd1f-fecd1e7e8bcb,MTD-21126391717,,,,,,,,,,,,,,,-,-,Jensen I1,high_intent,-,,
Isaac Jensen,3,9/19/2026,1789831327,Slider,N,6.12,47.32,77.95,1890.31,630.1,33.33,7:30,1,2.5,0.9,-,-,-,-,1.5,1.27,6.23,1.77,70.53,PitchParams@80b5da5f-3bf9-40c8-89a8-9f2da613faef,MTD-21126391717,,,,,,,,,,,,,,,-,-,Jensen I1,high_intent,-,,
Isaac Jensen,4,9/19/2026,1789831278,TwoSeamFastball,Y,-2.1,34.14,86.24,1908.67,1722.7,90.26,1:14,1,7.9,11.8,-,-,-,-,3.15,-1.35,6.28,1.67,25.5,PitchParams@2c81e78d-5968-43e5-b014-78f3d4cd6ed3,MTD-21126391717,,,,,,,,,,,,,,,-,-,Jensen I1,high_intent,-,,
Isaac Jensen,5,9/19/2026,1789831246,TwoSeamFastball,Y,9.76,34.06,85.54,1800.4,1625,90.26,1:18,1,9.7,13.6,-,-,-,-,2.31,-1.41,6.28,1.77,25.5,PitchParams@975efeb4-4e14-42cd-8bea-73d853150f00,MTD-21126391717,,,,,,,,,,,,,,,-,-,Jensen I1,high_intent,-,,
Isaac Jensen,6,9/19/2026,1789831212,TwoSeamFastball,Y,9.14,22.09,85.22,1905.9,1727.9,90.66,1:08,1,7,17.2,-,-,-,-,2.87,-2.06,6.14,1.93,24.96,PitchParams@c36e1c22-f16a-4cf6-a24f-1df1837a23aa,MTD-21126391717,,,,,,,,,,,,,,,-,-,Jensen I1,high_intent,-,,
Isaac Jensen,7,9/19/2026,1789831176,Fastball,Y,6.55,32.51,86.13,1977.83,1839.9,93.03,1:22,1,13.9,9.4,-,-,-,-,2.06,-1.96,6.24,1.62,21.52,PitchParams@3acdadeb-073f-49a9-8b68-99523e42a874,MTD-21126391717,,,,,,,,,,,,,,,-,-,Jensen I1,high_intent,-,,
Isaac Jensen,8,9/19/2026,1789831160,TwoSeamFastball,Y,2.92,25.64,86.06,1908.91,1762.3,92.32,1:06,1,7.3,19.7,-,-,-,-,3.22,-1.96,6.27,1.52,22.6,PitchParams@d61fac6c-f8bc-45a7-a285-46837a5e73ce,MTD-21126391717,,,,,,,,,,,,,,,-,-,Jensen I1,high_intent,-,,
Isaac Jensen,9,9/19/2026,1789831147,TwoSeamFastball,N,11.81,28.69,86.13,1860.53,1716.8,92.27,1:06,1,10.4,16.6,-,-,-,-,2.16,-1.98,6.25,1.55,22.67,PitchParams@3ad4ca7f-223a-4382-9a5d-fdd055ab9f2a,MTD-21126391717,,,,,,,,,,,,,,,-,-,Jensen I1,high_intent,-,,
Isaac Jensen,10,9/19/2026,1789831136,Slider,N,-21.17,26.76,77.43,2162.33,1199.3,55.46,7:04,1,-3.2,-0.4,-,-,-,-,3.55,-0.05,6.19,1.49,56.31,PitchParams@e0a71b6a-6c92-4a41-ba3e-621efdf686ab,MTD-21126391717,,,,,,,,,,,,,,,-,-,Jensen I1,high_intent,-,,
Isaac Jensen,11,9/19/2026,1789831104,Fastball,Y,4.69,26.38,86.29,1850.76,1728.7,93.4,1:24,1,14.5,9.3,-,-,-,-,2.25,-2.52,6.24,1.66,20.93,PitchParams@aae24dbe-c357-4453-b538-8d84828e992c,MTD-21126391717,,,,,,,,,,,,,,,-,-,Jensen I1,high_intent,-,,
Isaac Jensen,12,9/19/2026,1789831089,Slider,N,-22.65,15.05,74.65,2024.65,678.8,33.53,5:14,1,-1.3,6,-,-,-,-,4.33,-0.89,6.1,1.53,70.41,PitchParams@bda6aee9-b841-48c4-9a11-dcf64931d3c2,MTD-21126391717,,,,,,,,,,,,,,,-,-,Jensen I1,high_intent,-,,
Colby Correia,1,9/19/2026,1789831876,Fastball,Y,-4.36,38.23,90.07,2112.26,1989.5,94.19,12:36,1,16.3,4.8,-,-,-,-,2.41,-2.01,6.44,1.44,19.63,PitchParams@05745a65-e348-49db-9b4e-28e82a1bcddc,MTD-21126391717,,,,,,,,,,,,,,,-,-,Colby I2,high_intent,-,,
Colby Correia,2,9/19/2026,1789831858,Slider,N,-19.76,38.66,80.32,2551.16,1279.3,50.14,7:40,1,-0.8,-3.2,-,-,-,-,3.65,0.63,6.2,1.97,59.9,PitchParams@6f81d98e-8472-4375-81c4-b80ae38843b6,MTD-21126391717,,,,,,,,,,,,,,,-,-,Colby I2,high_intent,-,,
Colby Correia,3,9/19/2026,1789831840,Fastball,Y,-1.37,34.91,89.24,2273.19,2153.6,94.74,12:12,1,21.8,5.6,-,-,-,-,2.23,-2.78,6.46,1.47,18.67,PitchParams@f2ff07f4-3dcd-4a73-91db-5ffbf3723e22,MTD-21126391717,,,,,,,,,,,,,,,-,-,Colby I2,high_intent,-,,
Colby Correia,4,9/19/2026,1789831813,Slider,N,-13.59,27.22,81.27,2572.86,1201.8,46.71,7:44,1,1.9,-4.1,-,-,-,-,3.14,-0.7,6.06,2.06,62.15,PitchParams@f1351e2b-bc8e-4fcc-aac4-13fc9bdadf3f,MTD-21126391717,,,,,,,,,,,,,,,-,-,Colby I2,high_intent,-,,
Colby Correia,5,9/19/2026,1789831799,Fastball,Y,-0.81,21.75,88.83,2162.24,2035.1,94.12,12:34,1,17.5,13.2,-,-,-,-,3.06,-3.48,6.42,1.66,19.74,PitchParams@a0e12061-30d4-43a5-bc1b-06d27f691d3b,MTD-21126391717,,,,,,,,,,,,,,,-,-,Colby I2,high_intent,-,,
Colby Correia,7,9/19/2026,1789831743,ChangeUp,Y,4.43,28.38,81.28,1531.12,1440.6,94.09,12:56,1,8.6,9.6,-,-,-,-,2.87,-1.25,6.08,2.18,19.8,PitchParams@577ade0d-93a5-462a-912b-00a3a471de3a,MTD-21126391717,,,,,,,,,,,,,,,-,-,Colby I2,high_intent,-,,
Colby Correia,8,9/19/2026,1789831722,ChangeUp,N,9.42,49.62,81.86,1697.59,1536.7,90.52,12:58,1,13.4,7.6,-,-,-,-,2.22,0.17,6.15,2.17,25.15,PitchParams@8d93be75-d30c-411d-8a92-46422bc23fed,MTD-21126391717,,,,,,,,,,,,,,,-,-,Colby I2,high_intent,-,,
Colby Correia,9,9/19/2026,1789831690,Fastball,Y,8.9,40.73,86.83,2194.16,2064.2,94.08,12:16,1,15.7,10.1,-,-,-,-,2.16,-1.41,6.21,1.85,19.82,PitchParams@b660aea6-4101-47f3-9ae3-81cf80695230,MTD-21126391717,,,,,,,,,,,,,,,-,-,Colby I2,high_intent,-,,
Colby Correia,10,9/19/2026,1789831651,Fastball,Y,-9.63,32.59,89.47,2035.04,1880.5,92.41,12:06,1,15.1,1.6,-,-,-,-,2.91,-2.27,6.44,1.74,22.47,PitchParams@77413189-77e6-4617-95ea-adcaad3083b5,MTD-21126391717,,,,,,,,,,,,,,,-,-,Colby I2,high_intent,-,,
Colby Correia,11,9/19/2026,1789831627,Fastball,N,15.83,32.03,90.89,1970.59,1865.2,94.65,12:42,1,15.1,10.6,-,-,-,-,1.79,-2.34,6.29,2.08,18.82,PitchParams@36944a55-4f61-4fbd-ac94-23505e105d03,MTD-21126391717,,,,,,,,,,,,,,,-,-,Colby I2,high_intent,-,,
Colby Correia,12,9/19/2026,1789831583,Fastball,N,6.91,56.13,87.68,1945.87,1841.8,94.65,12:40,1,15.8,11.6,-,-,-,-,2.52,-0.11,6.37,1.91,18.82,PitchParams@f9ce68c3-b5c6-448a-b0bb-627ae07986b6,MTD-21126391717,,,,,,,,,,,,,,,-,-,Colby I2,high_intent,-,,
Colby Correia,13,9/19/2026,1789831568,Fastball,N,17.07,14.64,88.3,2120.61,2028.2,95.64,12:34,1,14.7,12.1,-,-,-,-,1.49,-3.53,6.45,1.84,16.98,PitchParams@cf9fbe09-7126-4b54-835e-42e02326ea0d,MTD-21126391717,,,,,,,,,,,,,,,-,-,Colby I2,high_intent,-,,
Colby Correia,14,9/19/2026,1789831550,Fastball,N,13.47,26.08,87.7,2004.99,1902.9,94.91,12:34,1,15.4,11.8,-,-,-,-,1.71,-2.94,6.45,1.69,18.36,PitchParams@fd199339-2d8a-4e9d-a1a7-b338d651aa4c,MTD-21126391717,,,,,,,,,,,,,,,-,-,Colby I2,high_intent,-,,
Colby Correia,16,9/19/2026,1789830903,Fastball,N,1.78,50.76,89.72,1952.83,1848.1,94.64,12:14,1,19.1,10.9,-,-,-,-,2.63,-1.14,6.41,1.63,18.85,PitchParams@e6f319b2-8318-4e7b-b98d-a056a7e8f4a0,MTD-21126391717,,,,,,,,,,,,,,,-,-,Colby I1,high_intent,-,,
Colby Correia,17,9/19/2026,1789830875,Fastball,Y,8.71,37.41,86.97,2012.03,1885.5,93.71,12:38,1,17.1,17.1,-,-,-,-,2.58,-2.06,6.47,1.64,20.43,PitchParams@e9fed5f1-29c0-420e-bd0f-2f7b8c04f2e7,MTD-21126391717,,,,,,,,,,,,,,,-,-,Colby I1,high_intent,-,,
Colby Correia,18,9/19/2026,1789830831,ChangeUp,N,11.79,23.74,81.43,1399.49,1266.9,90.52,12:52,1,12.1,8.9,-,-,-,-,2.19,-1.97,6.15,2.25,25.15,PitchParams@cf95ed0f-8ac7-40f3-95d6-d2180f1fffc8,MTD-21126391717,,,,,,,,,,,,,,,-,-,Colby I1,high_intent,-,,
Colby Correia,19,9/19/2026,1789830779,Fastball,Y,7.29,23.53,88.56,2210.59,2063.6,93.35,12:36,1,15.8,15.3,-,-,-,-,2.82,-3.13,6.31,1.89,21.01,PitchParams@ee0795b4-e2c8-429d-9459-0af2c846de13,MTD-21126391717,,,,,,,,,,,,,,,-,-,Colby I1,high_intent,-,,
Colby Correia,20,9/19/2026,1789830750,Fastball,N,-5.22,48.31,90.21,2064.51,1940.8,94.01,12:38,1,16.9,11.7,-,-,-,-,3.48,-0.99,6.32,1.79,19.93,PitchParams@4cf6e6a4-65a3-4c27-924e-1f1a66b78cfb,MTD-21126391717,,,,,,,,,,,,,,,-,-,Colby I1,high_intent,-,,
Colby Correia,21,9/19/2026,1789830720,Slider,Y,-2.67,34.69,78.52,2375.96,947.2,39.87,7:40,1,0.8,-3.5,-,-,-,-,2.23,0.27,6.18,2.1,66.51,PitchParams@c2e233b9-abf8-47df-a2fd-0913e80400bb,MTD-21126391717,,,,,,,,,,,,,,,-,-,Colby I1,high_intent,-,,
Colby Correia,22,9/19/2026,1789830702,Fastball,N,25.22,67.7,87.73,2033.29,1948.9,95.85,12:22,1,16.5,12.1,-,-,-,-,0.54,0.82,6.44,1.59,16.56,PitchParams@b8ea38a7-d1e1-48fa-8734-57ad5e819524,MTD-21126391717,,,,,,,,,,,,,,,-,-,Colby I1,high_intent,-,,
Colby Correia,23,9/19/2026,1789830670,Slider,Y,-1,40.63,79.4,2388.12,1458.2,61.06,8:04,1,-2.6,-12.5,-,-,-,-,1.17,1.05,6.15,2.02,52.37,PitchParams@c2caee8c-77a2-4069-87c0-ca7035ccd342,MTD-21126391717,,,,,,,,,,,,,,,-,-,Colby I1,high_intent,-,,
Jack  Joyce,1,9/20/2026,1789912908,Splitter,Y,-2.2,36.05,77.56,1208.36,1159,95.91,9:42,1,4.7,-10.3,-,-,-,-,0.39,0.75,5.54,1.03,-16.44,PitchParams@808be80f-f6fa-45dd-a6e9-9639c6436fa0,MTD-21126391717,,,,,,,,,,,,,,,-,-,Joyce I3,high_intent,-,,
Jack  Joyce,2,9/20/2026,1789912885,Fastball,Y,-8.71,35.07,86.36,2098.47,2043.8,97.4,10:42,1,11.8,-11.2,-,-,-,-,0.88,-0.99,5.75,1,-13.1,PitchParams@d8ae6431-dc3f-47d9-be52-54779ea4d47e,MTD-21126391717,,,,,,,,,,,,,,,-,-,Joyce I3,high_intent,-,,
Jack  Joyce,3,9/20/2026,1789912840,Fastball,N,3.35,48.76,85.12,2197.63,2125.2,96.7,11:00,1,-,-,-,-,-,-,0.16,0.24,5.72,1.18,-14.76,PitchParams@f87c6bdd-40f2-4807-be30-3b32f505f2dd,MTD-21126391717,,,,,,,,,,,,,,,-,-,Joyce I3,high_intent,-,,
Jack  Joyce,4,9/20/2026,1789912823,Fastball,Y,5.11,24.39,86.11,1983.39,1923.9,97,10:38,1,13.8,-11.7,-,-,-,-,-0.32,-1.84,5.69,1.1,-14.07,PitchParams@c63b38bb-cbb5-4672-9581-244d4d761bd3,MTD-21126391717,,,,,,,,,,,,,,,-,-,Joyce I3,high_intent,-,,
Jack  Joyce,5,9/20/2026,1789910980,Fastball,Y,-4.33,31.85,88.11,2180.02,2108.9,96.74,10:44,1,14.7,-9.6,-,-,-,-,0.69,-1.62,5.72,1.07,-14.68,PitchParams@62cf807e-8553-4b1e-a759-cbb9a6a05ce6,MTD-21126391717,,,,,,,,,,,,,,,-,-,Joyce I1,high_intent,-,,
Jack  Joyce,6,9/20/2026,1789910961,Fastball,Y,-1.53,24.24,86.32,2187.61,2156.5,98.58,10:40,1,15.1,-9.2,-,-,-,-,0.44,-2,5.7,1.05,-9.68,PitchParams@28caaab5-cd30-42b4-8b8e-84e0295af6d8,MTD-21126391717,,,,,,,,,,,,,,,-,-,Joyce I1,high_intent,-,,
Jack  Joyce,7,9/20/2026,1789910942,Fastball,N,-8.59,52.17,85.12,2107.83,2055.7,97.53,10:42,1,11.3,-7.3,-,-,-,-,1.25,0.82,5.62,1.02,-12.77,PitchParams@783c6f39-cabf-4881-8e28-805b65f1058c,MTD-21126391717,,,,,,,,,,,,,,,-,-,Joyce I1,high_intent,-,,
Jack  Joyce,8,9/20/2026,1789910908,Slider,N,-18.91,50.94,76.69,1820.66,1695.7,93.13,6:24,1,4.6,-4.4,-,-,-,-,2.39,2.23,5.6,0.94,-21.36,PitchParams@ea2dafda-a2e9-4a60-8e68-587287880671,MTD-21126391717,,,,,,,,,,,,,,,-,-,Joyce I1,high_intent,-,,
Jack  Joyce,9,9/20/2026,1789910890,Fastball,N,11.36,34.49,88.44,2233.77,2165,96.92,10:44,1,12.8,-10.3,-,-,-,-,-0.93,-1.29,5.74,0.96,-14.25,PitchParams@417c2354-7fa7-4d74-9301-60fd0c64b1c0,MTD-21126391717,,,,,,,,,,,,,,,-,-,Joyce I1,high_intent,-,,
Jack  Joyce,10,9/20/2026,1789910832,Fastball,Y,4.57,31.85,88.7,2136.32,2075.4,97.15,10:42,1,16.7,-8.2,-,-,-,-,-0.18,-1.8,5.68,0.9,-13.72,PitchParams@e00af9de-ac42-4c58-9d58-c96431755d30,MTD-21126391717,,,,,,,,,,,,,,,-,-,Joyce I1,high_intent,-,,
Jack  Joyce,11,9/20/2026,1789910816,Fastball,Y,2.26,29.15,88.36,2120.92,2093.7,98.72,10:36,1,15,-11.8,-,-,-,-,-0.17,-1.85,5.66,1.02,-9.19,PitchParams@f7870d75-1b2a-416b-9219-1b7cebbd64ae,MTD-21126391717,,,,,,,,,,,,,,,-,-,Joyce I1,high_intent,-,,
Jack  Joyce,12,9/20/2026,1789910776,Splitter,Y,-8.88,40.02,76.25,861.98,781.5,90.66,1:08,1,9.3,-3,-,-,-,-,1.69,0.74,5.57,1.02,-24.96,PitchParams@fce28582-5709-48cf-a7fb-ef42c933aa3a,MTD-21126391717,,,,,,,,,,,,,,,-,-,Joyce I1,high_intent,-,,
Jack  Joyce,13,9/20/2026,1789910754,Splitter,Y,-0.61,41.67,77.89,763.48,709.5,92.92,8:12,1,3.2,-9.2,-,-,-,-,0.24,1.32,5.58,0.93,-21.68,PitchParams@0007b8e2-5768-40f9-b1bc-14c2819d3ea3,MTD-21126391717,,,,,,,,,,,,,,,-,-,Joyce I1,high_intent,-,,
Jack  Joyce,14,9/20/2026,1789910732,Fastball,Y,6.36,36.84,87,2247.29,2184.3,97.2,10:42,1,13.3,-9.2,-,-,-,-,-0.38,-0.98,5.69,0.95,-13.6,PitchParams@1c497438-eb76-41bd-88e4-08addb52ffdd,MTD-21126391717,,,,,,,,,,,,,,,-,-,Joyce I1,high_intent,-,,
Jack  Joyce,15,9/20/2026,1789910694,Splitter,N,-20.86,47.49,75.87,1043.23,1014.2,97.22,10:14,1,6.8,-11.7,-,-,-,-,1.96,1.93,5.48,1.06,-13.55,PitchParams@b759eaa3-9dd3-4925-ae0e-7ddfa222ac9f,MTD-21126391717,,,,,,,,,,,,,,,-,-,Joyce I1,high_intent,-,,
Jack  Joyce,16,9/20/2026,1789910669,Fastball,Y,1.55,39.92,86.62,2152.85,2108,97.91,1:00,1,13.5,-5.7,-,-,-,-,0.3,-0.61,5.67,0.88,-11.72,PitchParams@94b79cfd-9ba8-49ee-8e7c-8b81f269483f,MTD-21126391717,,,,,,,,,,,,,,,-,-,Joyce I1,high_intent,-,,
Jack  Joyce,17,9/20/2026,1789910641,Fastball,Y,4.97,32.85,86.13,2111.32,2039.4,96.59,1:14,1,13.5,-4.2,-,-,-,-,0.18,-1.25,5.66,0.92,-15,PitchParams@1ca126cb-3c20-4f85-aa12-4ddf4fa8ae11,MTD-21126391717,,,,,,,,,,,,,,,-,-,Joyce I1,high_intent,-,,
Jack  Joyce,18,9/20/2026,1789910607,Slider,N,35.52,-0.13,75.89,2284.08,1312.5,57.46,3:20,1,1.8,15,-,-,-,-,-0.9,-1.94,5.64,0.88,-54.93,PitchParams@e1efc824-366f-4a7e-807d-c479034d4acd,MTD-21126391717,,,,,,,,,,,,,,,-,-,Joyce I1,high_intent,-,,
Jack  Joyce,19,9/20/2026,1789910586,Splitter,N,-35.31,35.07,77.3,948.04,926,97.68,10:16,1,7.4,-9.4,-,-,-,-,3.37,0.46,5.54,0.88,-12.37,PitchParams@98228c28-fbce-4cf5-a57a-a3f01d5c5de4,MTD-21126391717,,,,,,,,,,,,,,,-,-,Joyce I1,high_intent,-,,
Jack  Joyce,20,9/20/2026,1789910566,Fastball,N,11.51,26.05,86.41,2136.39,2071.7,96.97,10:44,1,15.6,-8,-,-,-,-,-0.81,-1.91,5.7,0.87,-14.14,PitchParams@079cb246-c60e-4805-ba6d-4ede1181033f,MTD-21126391717,,,,,,,,,,,,,,,-,-,Joyce I1,high_intent,-,,
Jack  Joyce,21,9/20/2026,1789910524,Fastball,N,-1.26,48.56,85.41,2094.36,1989.1,94.97,12:48,1,12.5,-3.5,-,-,-,-,0.92,0.45,5.6,1.02,-18.25,PitchParams@eb6a3668-471c-4e22-ad36-d6a8ae51b852,MTD-21126391717,,,,,,,,,,,,,,,-,-,Joyce I1,high_intent,-,,
Jack  Joyce,22,9/20/2026,1789910509,Fastball,N,-18.88,45.12,85.47,2054.48,1998.5,97.28,11:02,1,12.5,-6.2,-,-,-,-,2.28,0.07,5.63,0.99,-13.4,PitchParams@6c3171e4-4a88-4988-9ddc-b34076a50361,MTD-21126391717,,,,,,,,,,,,,,,-,-,Joyce I1,high_intent,-,,
Jack  Joyce,23,9/20/2026,1789910493,Splitter,N,-33.68,52.05,75.77,746.29,745.8,99.94,9:32,1,2.7,-8.1,-,-,-,-,3.51,2.56,5.6,1.03,-2.03,PitchParams@a8329b8e-ab51-4356-8bef-ee8ec9ea50e6,MTD-21126391717,,,,,,,,,,,,,,,-,-,Joyce I1,high_intent,-,,
Jack  Joyce,24,9/20/2026,1789910479,Fastball,N,-11.76,43.44,86.41,2146.81,2097.6,97.71,1:16,1,14,-4.7,-,-,-,-,1.98,-0.1,5.69,1.26,-12.3,PitchParams@f35ec997-8628-45e1-b993-a458683bf6f5,MTD-21126391717,,,,,,,,,,,,,,,-,-,Joyce I1,high_intent,-,,
Jack  Joyce,25,9/20/2026,1789910461,Fastball,Y,-2.22,25.87,85.34,2057.15,2035.7,98.96,10:34,1,17.4,-9.8,-,-,-,-,0.47,-1.95,5.71,1.07,-8.28,PitchParams@e9f1815e-2d18-4bc3-89fb-5117cf1bcdf4,MTD-21126391717,,,,,,,,,,,,,,,-,-,Joyce I1,high_intent,-,,
Tim Sparks,2,9/20/2026,1789913178,Fastball,Y,-3.23,32.61,83.16,2079.9,2071.2,99.58,10:10,1,17,-13.4,-,-,-,-,0.09,-1.6,5.84,0.93,5.25,PitchParams@5d3f347e-86d8-4b1b-a555-9c5afb318fae,MTD-21126391717,,,,,,,,,,,,,,,-,-,Sparks I3,high_intent,-,,
Tim Sparks,4,9/20/2026,1789913128,Fastball,N,11.75,24.64,85.3,2134.5,2125.6,99.58,10:30,1,18.2,-15.3,-,-,-,-,-1.33,-2.49,6.01,1.03,5.23,PitchParams@2a2db625-e747-4d86-b5db-3294b70e3d64,MTD-21126391717,,,,,,,,,,,,,,,-,-,Sparks I3,high_intent,-,,
Tim Sparks,7,9/20/2026,1789913095,Slider,N,21.1,14.29,75.36,1938.24,1698.7,87.64,4:56,1,4.5,1.8,-,-,-,-,-0.75,-1.45,5.9,0.93,-28.79,PitchParams@5901f161-67cb-4dc9-848f-fc565af28257,MTD-21126391717,,,,,,,,,,,,,,,-,-,Sparks I3,high_intent,-,,
Tim Sparks,9,9/20/2026,1789913057,Fastball,Y,-6.56,20.57,82.61,1991.47,1980.2,99.43,10:08,1,16.7,-11.9,-,-,-,-,0.57,-2.47,6,0.98,6.11,PitchParams@eb103700-6a8d-4a4b-b741-0f2c7a2577e2,MTD-21126391717,,,,,,,,,,,,,,,-,-,Sparks I3,high_intent,-,,
Tim Sparks,10,9/20/2026,1789913041,ChangeUp,N,-4.53,5.2,74.64,1944.54,1909.7,98.21,9:54,1,12.5,-13.2,-,-,-,-,0.29,-2.71,6.04,1,10.86,PitchParams@a9862b33-83cb-438c-92de-4b7a858158cc,MTD-21126391717,,,,,,,,,,,,,,,-,-,Sparks I3,high_intent,-,,
Tim Sparks,11,9/20/2026,1789912574,Fastball,Y,6.79,24.66,85.25,2039.75,2025.9,99.32,10:32,1,8.7,-15.3,-,-,-,-,-0.8,-1.73,5.89,1.12,6.68,PitchParams@5b4331aa-1dbb-48d0-8e3d-563f2ff51a60,MTD-21126391717,,,,,,,,,,,,,,,-,-,Sparks I2,high_intent,-,,
Tim Sparks,12,9/20/2026,1789912540,ChangeUp,N,-4.3,7.04,77.53,2028.12,2016.7,99.43,10:00,1,10.8,-17,-,-,-,-,-0.08,-2.74,5.99,0.99,6.1,PitchParams@96aa7b3a-ae67-4b7a-b20e-3cc8c574ce32,MTD-21126391717,,,,,,,,,,,,,,,-,-,Sparks I2,high_intent,-,,
Tim Sparks,13,9/20/2026,1789912511,Fastball,Y,1.92,37.36,84.48,2064.25,2043.2,98.98,10:38,1,14,-13.1,-,-,-,-,-0.32,-1.07,5.89,0.96,8.18,PitchParams@4a7ea8a4-f163-48ee-a787-9b49f45c842a,MTD-21126391717,,,,,,,,,,,,,,,-,-,Sparks I2,high_intent,-,,
Tim Sparks,14,9/20/2026,1789912483,Slider,N,-19.37,26.64,75.35,1844.26,1601,86.81,12:34,1,2.2,0.7,-,-,-,-,2.96,-0.06,5.83,0.98,-29.76,PitchParams@b5892ae2-834b-4c05-bd03-0f86a513df54,MTD-21126391717,,,,,,,,,,,,,,,-,-,Sparks I2,high_intent,-,,
Tim Sparks,15,9/20/2026,1789912467,Fastball,N,-16.66,24.13,84.28,2114.11,2093,99,10:30,1,16.1,-12.5,-,-,-,-,1.6,-2.25,5.98,1.14,8.11,PitchParams@271f3afd-2aa3-40df-afd7-fa8a9671ce15,MTD-21126391717,,,,,,,,,,,,,,,-,-,Sparks I2,high_intent,-,,
Tim Sparks,16,9/20/2026,1789912449,ChangeUp,N,0.23,-7.78,77.81,2053.15,2046.7,99.69,9:58,1,13.4,-12.6,-,-,-,-,-0.06,-4.47,6.02,1.01,4.54,PitchParams@cfd30d79-02a3-4220-8489-7dcbedb0e99f,MTD-21126391717,,,,,,,,,,,,,,,-,-,Sparks I2,high_intent,-,,
Tim Sparks,17,9/20/2026,1789912438,ChangeUp,N,-11.01,27.14,76.86,1919.24,1913,99.67,9:54,1,8.2,-13,-,-,-,-,1,-0.69,5.85,1.06,4.64,PitchParams@95b08dca-f4db-4a0d-a03f-a4762aea72b5,MTD-21126391717,,,,,,,,,,,,,,,-,-,Sparks I2,high_intent,-,,
Tim Sparks,18,9/20/2026,1789912427,Fastball,N,14.25,25.73,84.62,2066.43,2054.3,99.41,10:38,1,15.1,-7.3,-,-,-,-,-0.76,-2.28,5.96,1.11,6.21,PitchParams@f8192e9e-141e-4d62-9c3d-db59f68718e6,MTD-21126391717,,,,,,,,,,,,,,,-,-,Sparks I2,high_intent,-,,
Tim Sparks,19,9/20/2026,1789912418,Fastball,N,-11.62,31.34,83.57,1987.74,1971.5,99.18,10:34,1,14.9,-14.1,-,-,-,-,1.02,-1.4,5.97,1.15,7.33,PitchParams@8c88cafa-1049-4b83-9fc3-54a18ae14106,MTD-21126391717,,,,,,,,,,,,,,,-,-,Sparks I2,high_intent,-,,
Tim Sparks,20,9/20/2026,1789912389,Fastball,Y,-2.5,25.53,83.34,1966.46,1965.9,99.97,10:26,1,16.1,-17,-,-,-,-,-0.21,-2.07,6.03,1.02,1.36,PitchParams@f844ba6a-96e3-497d-93a7-1dfdce7702ff,MTD-21126391717,,,,,,,,,,,,,,,-,-,Sparks I2,high_intent,-,,
Tim Sparks,21,9/20/2026,1789911196,Fastball,N,11.12,10.53,81.56,2071.82,2050.5,98.97,10:18,1,17.3,-12.3,-,-,-,-,-0.84,-3.4,5.96,1.17,8.24,PitchParams@e8ba4292-d58f-453f-90f3-9908fc6d1d67,MTD-21126391717,,,,,,,,,,,,,,,-,-,Sparks I1,high_intent,-,,
Tim Sparks,22,9/20/2026,1789911183,Fastball,Y,-1.75,34.32,82.09,2057.19,2038.2,99.08,10:30,1,16.4,-12.1,-,-,-,-,0.27,-1.21,6,1.11,7.79,PitchParams@d1fc0078-8156-4eb9-92f6-f0855980391c,MTD-21126391717,,,,,,,,,,,,,,,-,-,Sparks I1,high_intent,-,,
Tim Sparks,23,9/20/2026,1789911167,Fastball,N,-11.81,15.71,82.97,2071.24,2025.4,97.79,10:12,1,15.2,-9.9,-,-,-,-,1.39,-3.05,5.91,1.08,12.08,PitchParams@bce0c21f-6fff-419f-8586-b5b986d1ebe0,MTD-21126391717,,,,,,,,,,,,,,,-,-,Sparks I1,high_intent,-,,
Tim Sparks,24,9/20/2026,1789911153,Fastball,N,-24.3,21.62,81.87,2130.89,2100.9,98.59,10:34,1,13.5,-14.1,-,-,-,-,2.2,-2.23,5.89,1.13,9.63,PitchParams@fefd3334-e322-4ebb-930b-1be7950e9bfc,MTD-21126391717,,,,,,,,,,,,,,,-,-,Sparks I1,high_intent,-,,
Tim Sparks,25,9/20/2026,1789911142,Fastball,N,-2.2,4.95,82.86,2081.38,2040,98.01,10:04,1,15,-15.7,-,-,-,-,-0.2,-3.82,6.01,0.94,11.45,PitchParams@0ee550af-86f6-457a-958e-2dcd97dc339c,MTD-21126391717,,,,,,,,,,,,,,,-,-,Sparks I1,high_intent,-,,
Mikey St. Martin,1,9/20/2026,1789915322,Fastball,Y,-2.97,36.94,87.32,2137.26,2088.7,97.73,12:28,1,18.3,5.4,-,-,-,-,4.11,-1.31,5.72,3.05,12.23,PitchParams@c0f7881d-e0a1-41df-8e12-02fb6de16bcf,MTD-21126391717,,,,,,,,,,,,,,,-,-,Mikey I2,high_intent,-,,
Mikey St. Martin,2,9/20/2026,1789915302,ChangeUp,Y,-9.74,20.9,78.9,1528.17,1403.4,91.83,12:10,1,8,5.5,-,-,-,-,4.51,-1.28,5.67,2.84,23.32,PitchParams@2a99efc2-c11d-44a3-aec0-451b71cf112f,MTD-21126391717,,,,,,,,,,,,,,,-,-,Mikey I2,high_intent,-,,
Mikey St. Martin,3,9/20/2026,1789915269,Fastball,N,-21.39,24.45,86.7,2112.95,2029.8,96.07,12:48,1,18.9,4.5,-,-,-,-,6.06,-2.38,5.57,3.34,16.13,PitchParams@f4f2d5a6-6aaf-4f0a-b33a-e055f5a08fe9,MTD-21126391717,,,,,,,,,,,,,,,-,-,Mikey I2,high_intent,-,,
Mikey St. Martin,4,9/20/2026,1789915249,Fastball,Y,3.17,31.14,86.88,2118.82,2055.8,97.03,12:50,1,19.8,2.7,-,-,-,-,3.45,-1.65,5.7,3.29,14.01,PitchParams@d989435a-aaf1-4a28-837a-f8d2f5cb8494,MTD-21126391717,,,,,,,,,,,,,,,-,-,Mikey I2,high_intent,-,,
Mikey St. Martin,5,9/20/2026,1789915220,ChangeUp,N,-17.33,19.78,80.16,1556.55,1408.2,90.47,12:42,1,8.2,7.9,-,-,-,-,5.63,-1.4,5.56,2.97,25.22,PitchParams@de038418-21a8-46ca-ba97-6d80843404b4,MTD-21126391717,,,,,,,,,,,,,,,-,-,Mikey I2,high_intent,-,,
Mikey St. Martin,6,9/20/2026,1789915189,Fastball,N,13.55,32.24,89.22,2049.8,2024.4,98.76,5:34,1,-,-,-,-,-,-,1.67,1.42,5.52,3.07,9.04,PitchParams@60f824f4-0e70-4799-93ad-e673ad3ecc08,MTD-21126391717,,,,,,,,,,,,,,,-,-,Mikey I2,high_intent,-,,
Mikey St. Martin,7,9/20/2026,1789915161,Fastball,Y,6.61,25.73,87.29,1976.92,1931.2,97.69,12:24,1,19.9,7.7,-,-,-,-,3.5,-2.51,5.66,3.1,12.35,PitchParams@5ac66303-8cf3-43e9-90a0-7dc8a8e8cf58,MTD-21126391717,,,,,,,,,,,,,,,-,-,Mikey I2,high_intent,-,,
Mikey St. Martin,8,9/20/2026,1789915139,Fastball,N,19.52,41.08,86.11,2118.74,2060.3,97.24,12:44,1,19.5,6.5,-,-,-,-,2.23,-0.88,5.72,3.18,13.49,PitchParams@0be87cf7-6dd2-469f-8ca4-4c6fd193cf63,MTD-21126391717,,,,,,,,,,,,,,,-,-,Mikey I2,high_intent,-,,
Mikey St. Martin,9,9/20/2026,1789915115,Fastball,Y,-2.48,26.26,87.47,2140.36,2071.5,96.78,12:42,1,20.8,5.1,-,-,-,-,4.02,-2.65,5.67,2.99,14.57,PitchParams@d4e9e6a0-42d8-446a-9650-05780248072b,MTD-21126391717,,,,,,,,,,,,,,,-,-,Mikey I2,high_intent,-,,
Mikey St. Martin,10,9/20/2026,1789915093,Fastball,N,15.82,40.11,86.85,2118.66,2082.5,98.29,12:28,1,20.4,3.9,-,-,-,-,2.31,-1.03,5.68,3.16,10.6,PitchParams@29920f34-4ca7-4bd2-bb3b-372d12b55206,MTD-21126391717,,,,,,,,,,,,,,,-,-,Mikey I2,high_intent,-,,
Mikey St. Martin,11,9/20/2026,1789915074,Fastball,N,-1.95,17.51,79.38,1608.11,1458.9,90.72,12:40,1,9,10.9,-,-,-,-,4.46,-1.73,5.66,2.99,24.88,PitchParams@043ae1e1-db10-46bd-8b60-44de679187ab,MTD-21126391717,,,,,,,,,,,,,,,-,-,Mikey I2,high_intent,-,,
Mikey St. Martin,12,9/20/2026,1789915042,ChangeUp,N,12.06,36.86,77.88,1539.11,1419.5,92.23,12:12,1,9.7,4.6,-,-,-,-,2.42,0.36,5.67,2.88,22.73,PitchParams@2e3290ba-20a1-4422-a07b-5a6057f209fd,MTD-21126391717,,,,,,,,,,,,,,,-,-,Mikey I2,high_intent,-,,
Mikey St. Martin,13,9/20/2026,1789915025,Fastball,N,7.77,48.97,87.08,2099.79,2052.8,97.76,12:24,1,18.1,2,-,-,-,-,2.58,-0.04,5.77,2.91,12.14,PitchParams@b844464d-c50c-4e5f-a45b-0f6f64ec08d4,MTD-21126391717,,,,,,,,,,,,,,,-,-,Mikey I2,high_intent,-,,
Mikey St. Martin,14,9/20/2026,1789914997,ChangeUp,Y,1.72,18.32,79.99,1547.14,1429.9,92.42,12:04,1,13,7.8,-,-,-,-,3.72,-1.93,5.79,2.95,22.44,PitchParams@4a0c063b-bc71-41df-a5da-20d953866e35,MTD-21126391717,,,,,,,,,,,,,,,-,-,Mikey I2,high_intent,-,,
Mikey St. Martin,15,9/20/2026,1789914980,Fastball,N,-12.89,34.7,86.23,2143.99,2047.2,95.48,12:16,1,21,2.4,-,-,-,-,4.48,-1.79,5.72,2.79,17.28,PitchParams@2d00fe44-8729-4695-8019-da85f50d7d08,MTD-21126391717,,,,,,,,,,,,,,,-,-,Mikey I2,high_intent,-,,
Mikey St. Martin,16,9/20/2026,1789914965,ChangeUp,N,-6.22,8.56,78.8,1596.18,1438.1,90.1,12:04,1,12,4.1,-,-,-,-,4.19,-2.79,5.8,2.95,25.72,PitchParams@91f50397-f0dc-47ea-8e21-5bbbeae26aac,MTD-21126391717,,,,,,,,,,,,,,,-,-,Mikey I2,high_intent,-,,
Mikey St. Martin,17,9/20/2026,1789914931,ChangeUp,Y,-6.13,25.04,80.32,1672.09,1538.6,92.02,12:16,1,11.9,7.2,-,-,-,-,4.37,-1.37,5.71,2.87,23.05,PitchParams@7c2853c2-747c-4e28-963e-80458f7b9032,MTD-21126391717,,,,,,,,,,,,,,,-,-,Mikey I2,high_intent,-,,
Noah Guanci,1,9/22/2026,1790124410,Slider,N,-12.03,22.37,67.84,1848.84,1126.5,60.93,3:08,1,3.2,6.9,-,-,-,-,0.42,1.76,4.91,-1.19,-52.46,PitchParams@b4bf5e32-99ef-4170-ac19-76b11f8228a2,MTD-21126391717,,,,,,,,,,,,,,,-,-,Guanci I1,high_intent,-,,
Noah Guanci,2,9/22/2026,1790124391,Slider,N,-26.79,21.5,73.32,1730.36,1456.8,84.19,8:58,1,3.3,-14.7,-,-,-,-,-0.27,0.7,5.01,-1.25,-32.66,PitchParams@f1607e08-ef60-495b-b62a-104dfe253c11,MTD-21126391717,,,,,,,,,,,,,,,-,-,Guanci I1,high_intent,-,,
Noah Guanci,3,9/22/2026,1790124370,Slider,N,-10.62,25.24,67.93,1877.81,1299.6,69.21,3:04,1,5.5,9.3,-,-,-,-,0.47,1.72,4.96,-1.22,-46.2,PitchParams@3224329b-55d2-4d18-82c2-4b4e09aa3ade,MTD-21126391717,,,,,,,,,,,,,,,-,-,Guanci I1,high_intent,-,,
Noah Guanci,4,9/22/2026,1790124303,Fastball,N,-19.78,33.52,77,2007.95,1861.5,92.71,10:24,1,10.4,-7.1,-,-,-,-,-0.41,0.76,4.92,-1.43,-22.02,PitchParams@c6e891f8-8df2-4ec5-a1d9-d5369ece1b25,MTD-21126391717,,,,,,,,,,,,,,,-,-,Guanci I1,high_intent,-,,
Noah Guanci,5,9/22/2026,1790124257,Slider,N,-10.21,31.51,67.86,1892.57,1078,56.96,3:00,1,-0.1,7.6,-,-,-,-,0.38,2.6,5.07,-1.14,-55.28,PitchParams@7f90ff6a-0e77-499d-9c8e-50b2b56e88d7,MTD-21126391717,,,,,,,,,,,,,,,-,-,Guanci I1,high_intent,-,,
Noah Guanci,6,9/22/2026,1790124212,Fastball,Y,-9.91,29.87,77.93,2084.05,1953.8,93.75,10:26,1,6.7,-6.6,-,-,-,-,-1.16,0.54,5.06,-1.32,-20.37,PitchParams@4e09da2d-557d-40bb-8cf1-7ea83bee4495,MTD-21126391717,,,,,,,,,,,,,,,-,-,Guanci I1,high_intent,-,,
Noah Guanci,7,9/22/2026,1790124082,ChangeUp,N,-21.45,25.31,75.04,1686.97,1389.4,82.36,9:34,1,4.7,-12.8,-,-,-,-,-0.56,0.67,5.03,-1.22,-34.55,PitchParams@e3e3711f-0335-4b16-af8f-08fc39f81d40,MTD-21126391717,,,,,,,,,,,,,,,-,-,Guanci I1,high_intent,-,,
Noah Guanci,8,9/22/2026,1790124051,Fastball,Y,-2.1,32.64,79.21,2025.97,1831.5,90.4,12:54,1,13.5,-3.8,-,-,-,-,-1.49,0.06,5.02,-1.2,-25.31,PitchParams@ba77c4f8-f01b-4e4c-8cde-e1958d6f112f,MTD-21126391717,,,,,,,,,,,,,,,-,-,Guanci I1,high_intent,-,,
Jackson Charney,1,9/22/2026,1790125172,Fastball,N,-29.45,36.03,84.47,1830.65,1826.6,99.78,9:54,1,16.3,-16,-,-,-,-,0.58,-0.66,5.48,-0.58,3.8,PitchParams@536e88fd-d2e8-47a2-98d2-5ff57afd5566,MTD-21126391717,,,,,,,,,,,,,,,-,-,Charney I1,high_intent,-,,
Jackson Charney,2,9/22/2026,1790125152,Fastball,Y,3.16,19.94,85.98,1678.87,1677.7,99.93,10:00,1,12.4,-9.9,-,-,-,-,-2.05,-2.12,5.44,-0.75,-2.1,PitchParams@88ac01f2-5cdf-484a-96d0-f1b63846e115,MTD-21126391717,,,,,,,,,,,,,,,-,-,Charney I1,high_intent,-,,
Jackson Charney,3,9/22/2026,1790125123,TwoSeamFastball,N,-13.71,30.91,87.64,1893.59,1892.8,99.96,10:10,1,11.6,-17.7,-,-,-,-,-1.29,-1.25,5.64,-0.83,-1.68,PitchParams@3ed27332-0729-4d3d-ad1f-68e912a57c1f,MTD-21126391717,,,,,,,,,,,,,,,-,-,Charney I1,high_intent,-,,
Jackson Charney,4,9/22/2026,1790125095,ChangeUp,N,-29.23,36.6,73.8,2071.44,1869.1,90.23,8:32,1,3.1,-18.7,-,-,-,-,0.35,1.4,5.56,-0.56,25.53,PitchParams@368d20a5-0e63-42f5-925f-c7f82fada3e8,MTD-21126391717,,,,,,,,,,,,,,,-,-,Charney I1,high_intent,-,,
Jackson Charney,5,9/22/2026,1790125075,TwoSeamFastball,N,1.13,11.52,86.4,1964.5,1961.5,99.84,10:06,1,13.5,-18.1,-,-,-,-,-2.62,-2.96,5.68,-0.83,-3.19,PitchParams@7aaed24b-f72c-43bb-a70d-dd4c1edaeddc,MTD-21126391717,,,,,,,,,,,,,,,-,-,Charney I1,high_intent,-,,
Jackson Charney,6,9/22/2026,1790125023,TwoSeamFastball,Y,5.38,18.49,86.12,1952.28,1933.8,99.06,10:10,1,14.8,-17.4,-,-,-,-,-2.69,-2.57,5.57,-0.52,-7.88,PitchParams@cfc29544-f753-4186-aeea-81d46bb7fa3b,MTD-21126391717,,,,,,,,,,,,,,,-,-,Charney I1,high_intent,-,,
Jackson Charney,7,9/22/2026,1790124991,ChangeUp,N,4.27,56.17,81.52,1856.91,1856.9,100,7:34,1,3.8,-17.4,-,-,-,-,-2.96,1.58,5.74,-0.93,-0.02,PitchParams@f035ceb7-b66a-4bd2-84ec-b32177ae5118,MTD-21126391717,,,,,,,,,,,,,,,-,-,Charney I1,high_intent,-,,
Jackson Charney,8,9/22/2026,1790124935,TwoSeamFastball,Y,-1.38,27.55,83.74,1835.83,1834.3,99.92,10:04,1,14,-16.4,-,-,-,-,-2.26,-1.34,5.48,-0.78,-2.35,PitchParams@c25f7dc8-5d4a-48d1-9b65-c434457a0218,MTD-21126391717,,,,,,,,,,,,,,,-,-,Charney I1,high_intent,-,,
Jackson Charney,9,9/22/2026,1790124917,ChangeUp,N,-5.66,48.56,79.9,1843.2,1842.9,99.98,10:28,1,12.2,-14.8,-,-,-,-,-1.65,1.16,5.4,-0.77,-1.04,PitchParams@14987a82-615a-43b1-9ad2-e81b6370191a,MTD-21126391717,,,,,,,,,,,,,,,-,-,Charney I1,high_intent,-,,
Jackson Charney,10,9/22/2026,1790124880,TwoSeamFastball,Y,-9.64,25.38,87.3,1921.99,1921.3,99.96,10:06,1,9.2,-14.9,-,-,-,-,-1.14,-1.53,5.62,-0.59,-1.55,PitchParams@3d28ad59-df21-48c7-9d34-4d92a62baf7d,MTD-21126391717,,,,,,,,,,,,,,,-,-,Charney I1,high_intent,-,,
Jackson Charney,11,9/22/2026,1790124855,Fastball,Y,5.64,22.73,86.24,1902.02,1900.1,99.9,10:00,1,10.2,-16.2,-,-,-,-,-2.87,-1.62,5.4,-0.74,-2.58,PitchParams@db04dd4c-4826-4a63-9569-8c91db840a9b,MTD-21126391717,,,,,,,,,,,,,,,-,-,Charney I1,high_intent,-,,
Jackson Charney,12,9/22/2026,1790124830,TwoSeamFastball,N,-11.75,25.04,87.62,1848.12,1848.1,100,10:10,1,8.9,-17.4,-,-,-,-,-0.94,-1.58,5.63,-0.37,0.04,PitchParams@2cd44297-8b53-4d43-b32f-afb1133480b8,MTD-21126391717,,,,,,,,,,,,,,,-,-,Charney I1,high_intent,-,,
Jackson Charney,13,9/22/2026,1790124809,ChangeUp,N,-12.81,37.49,76.26,1942.82,1876,96.56,9:06,1,6.4,-20.3,-,-,-,-,-1.43,0.91,5.57,-0.66,15.07,PitchParams@ad8bcc66-8661-459a-97a8-76975df840d4,MTD-21126391717,,,,,,,,,,,,,,,-,-,Charney I1,high_intent,-,,
Jackson Charney,14,9/22/2026,1790124770,TwoSeamFastball,N,-12.25,36.65,86.29,1848.62,1847.2,99.92,10:04,1,12.1,-17.7,-,-,-,-,-1.18,-0.54,5.46,-0.6,-2.27,PitchParams@3618685f-ab4b-4058-9ccb-b99a451ec276,MTD-21126391717,,,,,,,,,,,,,,,-,-,Charney I1,high_intent,-,,
Jackson Charney,15,9/22/2026,1790124747,TwoSeamFastball,N,-13.5,28.93,87.29,1903.47,1903.4,100,9:58,1,8.3,-17.4,-,-,-,-,-1.23,-0.81,5.42,-0.79,-0.45,PitchParams@882c61ff-849f-43e8-b1d3-575eaed13dc0,MTD-21126391717,,,,,,,,,,,,,,,-,-,Charney I1,high_intent,-,,
Jackson Charney,16,9/22/2026,1790124726,Fastball,N,2.3,6.22,87.89,1936.26,1935.6,99.96,10:06,1,14,-18.7,-,-,-,-,-2.57,-3.56,5.71,-0.63,-1.54,PitchParams@1bad7939-ccee-4dc3-82e4-db1ac09655e0,MTD-21126391717,,,,,,,,,,,,,,,-,-,Charney I1,high_intent,-,,
Jackson Charney,17,9/22/2026,1790124703,TwoSeamFastball,Y,-5.7,32.11,86.29,1886.77,1886.5,99.99,10:02,1,9.5,-17.5,-,-,-,-,-1.77,-0.68,5.42,-0.61,-0.97,PitchParams@84f5b033-5483-4b64-8cd1-f4f1edd8801e,MTD-21126391717,,,,,,,,,,,,,,,-,-,Charney I1,high_intent,-,,
Jackson Charney,18,9/22/2026,1790124678,Fastball,N,-7.78,15.46,86.75,2035.09,2035,100,10:06,1,11,-15.2,-,-,-,-,-1.39,-2.22,5.58,-0.67,-0.51,PitchParams@be5a40a0-c54e-4834-b7bf-8b18b22eb6fc,MTD-21126391717,,,,,,,,,,,,,,,-,-,Charney I1,high_intent,-,,
Jackson Charney,19,9/22/2026,1790124659,ChangeUp,N,-24.1,3.63,76.07,2162.85,1958.2,90.54,8:30,1,5.3,-22.5,-,-,-,-,-0.65,-1.75,5.53,-0.73,25.12,PitchParams@e0550bdb-4f5c-4cb1-8bb1-cafb0affe3c5,MTD-21126391717,,,,,,,,,,,,,,,-,-,Charney I1,high_intent,-,,
Jackson Charney,20,9/22/2026,1790124641,TwoSeamFastball,N,-16.63,44.84,86.18,1904.71,1888.4,99.15,10:08,1,12.5,-15.2,-,-,-,-,-0.52,0.1,5.56,-0.58,-7.5,PitchParams@526c03a3-ca9e-45ea-a3b5-8b2513ca5b50,MTD-21126391717,,,,,,,,,,,,,,,-,-,Charney I1,high_intent,-,,
Jackson Charney,21,9/22/2026,1790124623,TwoSeamFastball,N,-12.94,26.94,86.27,1888.24,1885.9,99.88,9:34,1,11.4,-16.9,-,-,-,-,-0.95,-1.09,5.47,-0.55,-2.85,PitchParams@acfad01a-25ed-493f-9f76-68aaa959b6cc,MTD-21126391717,,,,,,,,,,,,,,,-,-,Charney I1,high_intent,-,,
Jackson Charney,22,9/22/2026,1790124603,TwoSeamFastball,N,-9.53,17.9,85.86,1993.55,1992.5,99.95,10:02,1,13.9,-18.9,-,-,-,-,-1.68,-2.29,5.6,-0.78,-1.83,PitchParams@aa0cc33f-fd1b-4411-b5de-738e5ee3ad20,MTD-21126391717,,,,,,,,,,,,,,,-,-,Charney I1,high_intent,-,,
Zach Pia,1,9/22/2026,1790127322,Slider,N,-25.4,16.3,73.1,1994.42,1190.6,59.7,7:12,1,-3.3,-11,-,-,-,-,3.74,-0.09,6.08,2.23,53.35,PitchParams@513d8aab-8fa0-47ee-9ad9-f01472eaa07e,MTD-21126391717,,,,,,,,,,,,,,,-,-,Pia,high_intent,-,,
Zach Pia,2,9/22/2026,1790127296,Fastball,Y,0.58,31.3,85.92,1980.7,1902.7,96.06,1:18,1,19.7,9.5,-,-,-,-,3.36,-2.36,6.09,2.31,16.13,PitchParams@9a8f1966-1f35-443a-b6fd-0635e565baf0,MTD-21126391717,,,,,,,,,,,,,,,-,-,Pia,high_intent,-,,
Zach Pia,3,9/22/2026,1790127272,Slider,N,-38.46,11.53,71.5,1810.02,1246,68.84,7:06,1,0,-12.9,-,-,-,-,4.81,-0.63,6.02,2.29,46.5,PitchParams@82399589-8c24-4501-90d6-eb341d09dcc1,MTD-21126391717,,,,,,,,,,,,,,,-,-,Pia,high_intent,-,,
Zach Pia,4,9/22/2026,1790127256,Slider,N,-34.53,23.56,74.32,1987.97,1339,67.36,6:52,1,-1.2,-13,-,-,-,-,4.45,0.16,6.05,2.27,47.66,PitchParams@569b0bbb-1917-4d80-aa05-9ca7618bfd0d,MTD-21126391717,,,,,,,,,,,,,,,-,-,Pia,high_intent,-,,
Zach Pia,5,9/22/2026,1790127231,Fastball,Y,-7.45,25.66,88.68,2128.32,1988.7,93.44,1:34,1,-,-,-,-,-,-,4.02,-3.09,6.03,2.4,20.87,PitchParams@60b7f31a-3689-4fd4-bac1-aee85521f7bd,MTD-21126391717,,,,,,,,,,,,,,,-,-,Pia,high_intent,-,,
Zach Pia,6,9/22/2026,1790127187,Slider,Y,-9.37,28.45,73.15,1963.02,1230.1,62.67,6:50,1,-2.5,-13,-,-,-,-,2.17,0.83,6.07,2.29,51.2,PitchParams@8c9870d4-cb83-4cd1-91b0-b9747bb327eb,MTD-21126391717,,,,,,,,,,,,,,,-,-,Pia,high_intent,-,,
Zach Pia,7,9/22/2026,1790127170,Fastball,Y,0.13,38.3,85.73,2203.89,2071,93.97,1:00,1,21.9,8.3,-,-,-,-,3.16,-1.83,6.13,2.19,20,PitchParams@213ead3f-6c1d-45fe-bfe3-37f0038a5d08,MTD-21126391717,,,,,,,,,,,,,,,-,-,Pia,high_intent,-,,
Zach Pia,8,9/22/2026,1790127150,Slider,N,26.55,75.18,71.49,1907,1347.8,70.68,7:22,1,-3.9,-7.8,-,-,-,-,-0.66,5.55,5.95,2.25,45.03,PitchParams@06ff0462-d305-4481-be4a-410aed3f6587,MTD-21126391717,,,,,,,,,,,,,,,-,-,Pia,high_intent,-,,
Zach Pia,9,9/22/2026,1790127123,Fastball,N,5.27,43.23,85.14,1822.4,1773.7,97.33,1:16,1,16.8,10,-,-,-,-,3.03,-0.88,6.15,2.38,13.27,PitchParams@2d1a4c5c-340d-4e5f-a22e-8ad2026fc78f,MTD-21126391717,,,,,,,,,,,,,,,-,-,Pia,high_intent,-,,
Zach Pia,10,9/22/2026,1790127107,Fastball,Y,0.55,40.85,85.77,2042.85,1968.2,96.35,1:20,1,18.8,8.8,-,-,-,-,3.3,-1.33,6.14,2.32,15.54,PitchParams@81b854cc-6864-4dba-b205-6d91c8455858,MTD-21126391717,,,,,,,,,,,,,,,-,-,Pia,high_intent,-,,
Zach Pia,11,9/22/2026,1790127088,Fastball,N,10.76,50.72,86.12,2073.77,2006.3,96.74,1:22,1,18.7,11.4,-,-,-,-,2.6,-0.48,6.11,2.3,14.66,PitchParams@b31bbecf-ed85-41fc-972f-efdc20c506dc,MTD-21126391717,,,,,,,,,,,,,,,-,-,Pia,high_intent,-,,
Zach Pia,12,9/22/2026,1790127067,Fastball,N,15.93,59.19,85.12,1753.76,1719.8,98.06,1:02,1,16.7,9.3,-,-,-,-,1.92,0.61,6.12,2.31,11.3,PitchParams@44a59aa1-2f4d-4f14-b25f-78aad44ea6f5,MTD-21126391717,,,,,,,,,,,,,,,-,-,Pia,high_intent,-,,
Zach Pia,13,9/22/2026,1790127047,Fastball,N,5.13,58.49,86.67,2048.38,1944.9,94.95,1:30,0.5,20.1,6.1,-,-,-,-,2.59,0.21,6.11,2.29,18.29,PitchParams@2b6ac1f0-8d71-423c-b523-844396281563,MTD-21126391717,,,,,,,,,,,,,,,-,-,Pia,high_intent,-,,
Nolan Gordon,1,9/22/2026,1790129052,Fastball,Y,3.37,30.86,77.42,1864.51,1617.6,86.76,3:08,1,1.6,21.1,-,-,-,-,5.91,3.25,3.29,4.02,29.82,PitchParams@f35f6947-0af4-4b06-a5d7-fb1f229be6d2,MTD-21126391717,,,,,,,,,,,,,,,-,-,Gordo,high_intent,-,,
Nolan Gordon,2,9/22/2026,1790129035,ChangeUp,N,-0.64,7.35,68.06,1317.22,1262.3,95.83,3:14,1,1.6,17.8,-,-,-,-,5.62,1.82,3.48,3.5,16.61,PitchParams@baec92d5-a7e7-4dc0-9bec-7901a8c15a55,MTD-21126391717,,,,,,,,,,,,,,,-,-,Gordo,high_intent,-,,
Nolan Gordon,3,9/22/2026,1790129010,ChangeUp,N,-16.54,21.33,70.47,1459,1385.1,94.93,3:12,1,0.7,18.2,-,-,-,-,7.14,2.98,3.44,3.52,18.32,PitchParams@c254bbed-dd87-421c-b674-e3c25e92e3e3,MTD-21126391717,,,,,,,,,,,,,,,-,-,Gordo,high_intent,-,,
Nolan Gordon,4,9/22/2026,1790128990,Fastball,Y,-9.74,21.9,76.89,1873.7,1582.1,84.44,3:12,1,3.4,17.2,-,-,-,-,6.62,2.58,3.15,3.91,32.4,PitchParams@70909587-399c-462b-ab0b-e651ed57b870,MTD-21126391717,,,,,,,,,,,,,,,-,-,Gordo,high_intent,-,,
Nolan Gordon,5,9/22/2026,1790128969,Fastball,N,11.01,32.26,74.7,1700.86,1435.7,84.41,3:10,1,4.6,15.8,-,-,-,-,4.28,3.24,3.26,3.43,32.43,PitchParams@ab7b291a-31e3-4713-98bb-482514de71b2,MTD-21126391717,,,,,,,,,,,,,,,-,-,Gordo,high_intent,-,,
Nolan Gordon,6,9/22/2026,1790128953,Fastball,N,14.11,28.46,75.33,1529.86,1259.8,82.35,3:30,1,2.4,13.5,-,-,-,-,4.12,3.05,3.29,3.73,34.56,PitchParams@b600a245-927e-4fd5-92cc-1d9b6a4d3447,MTD-21126391717,,,,,,,,,,,,,,,-,-,Gordo,high_intent,-,,
Nolan Gordon,7,9/22/2026,1790128922,Fastball,N,-10.72,46.1,76.29,1673.52,1484.2,88.69,2:42,1,6,16.5,-,-,-,-,6.51,4.32,3.3,3.59,27.52,PitchParams@81938ca0-1813-4d8f-b61c-dd918469cdf2,MTD-21126391717,,,,,,,,,,,,,,,-,-,Gordo,high_intent,-,,
Nolan Gordon,8,9/22/2026,1790128895,Fastball,Y,0.67,31.3,72.96,1807.69,1545.6,85.5,3:14,1,3,16.5,-,-,-,-,5.42,3.56,3.2,3.56,31.24,PitchParams@cdfe7b68-ddac-4e53-afe1-61293d6d8158,MTD-21126391717,,,,,,,,,,,,,,,-,-,Gordo,high_intent,-,,
Nolan Gordon,9,9/22/2026,1790128875,Fastball,N,-13.06,49.67,74.98,1774.87,1535.7,86.53,3:22,1,3.2,16.9,-,-,-,-,6.9,5.25,3.19,3.92,30.09,PitchParams@6da94b70-bcdc-49b2-b415-072f3ae49954,MTD-21126391717,,,,,,,,,,,,,,,-,-,Gordo,high_intent,-,,
Nolan Gordon,10,9/22/2026,1790128852,Fastball,N,10.09,21.73,72.85,1869.55,1780.7,95.25,3:08,1,3.5,17.7,-,-,-,-,4.94,2.77,3.34,3.95,17.73,PitchParams@34bd7eb2-6cf3-4eae-9ae0-b11baf34d179,MTD-21126391717,,,,,,,,,,,,,,,-,-,Gordo,high_intent,-,,
Nolan Gordon,11,9/22/2026,1790128833,Fastball,N,14.61,21.54,74.04,1894.8,1776.9,93.78,3:12,1,1.6,18,-,-,-,-,4.46,2.5,3.36,3.72,20.32,PitchParams@53a26622-6278-4055-953c-ecf317e81bb1,MTD-21126391717,,,,,,,,,,,,,,,-,-,Gordo,high_intent,-,,
Nolan Gordon,12,9/22/2026,1790128811,Fastball,N,-45.64,27.46,75.48,1855.97,1790.3,96.46,2:50,1,6.8,19.4,-,-,-,-,9.86,2.92,3.27,3.81,15.29,PitchParams@bf2d35de-0132-48e2-8a44-bdc66de5a19e,MTD-21126391717,,,,,,,,,,,,,,,-,-,Gordo,high_intent,-,,
Nolan Gordon,13,9/22/2026,1790128777,Fastball,N,11.53,24.39,73.61,1786.43,1734.1,97.07,3:14,1,-0.2,20.2,-,-,-,-,4.65,3.47,3.13,3.6,13.91,PitchParams@1c0f9291-4f69-427d-a25d-9d7821dedfa3,MTD-21126391717,,,,,,,,,,,,,,,-,-,Gordo,high_intent,-,,
Nolan Gordon,14,9/22/2026,1790128751,Fastball,Y,5.67,18.29,75.89,1957.44,1656.7,84.64,3:08,1,4,20.8,-,-,-,-,5.5,1.82,3.31,3.67,32.18,PitchParams@2ab1e687-0953-468f-ac97-c7e2ce1ee24a,MTD-21126391717,,,,,,,,,,,,,,,-,-,Gordo,high_intent,-,,
Nolan Gordon,15,9/22/2026,1790128733,ChangeUp,N,-29.38,19.29,68.95,1455.87,1358.5,93.31,3:14,1,0.4,19.1,-,-,-,-,8.21,3.51,3.37,3.62,21.07,PitchParams@5af02311-162b-4df8-893d-9669ffbb36e7,MTD-21126391717,,,,,,,,,,,,,,,-,-,Gordo,high_intent,-,,
Nolan Gordon,16,9/22/2026,1790128711,Fastball,Y,-3.16,32.54,74.66,1809.83,1555.4,85.94,3:04,1,2.8,19.1,-,-,-,-,5.98,3.6,3.31,3.71,30.75,PitchParams@00c7cff0-2aca-4632-9ef7-239400dd9884,MTD-21126391717,,,,,,,,,,,,,,,-,-,Gordo,high_intent,-,,
Nolan Gordon,17,9/22/2026,1790128692,Fastball,Y,4.22,21.94,73.85,1852.19,1740.6,93.98,3:18,1,2.8,19.8,-,-,-,-,5.45,2.76,3.24,3.76,19.99,PitchParams@7a99bbde-93c2-44a2-8bc6-e374611992e8,MTD-21126391717,,,,,,,,,,,,,,,-,-,Gordo,high_intent,-,,
Nolan Gordon,18,9/22/2026,1790128677,Fastball,Y,1.33,37.23,74.55,1729.3,1450.9,83.9,3:10,1,3.9,19,-,-,-,-,5.68,4.01,3.26,3.81,32.96,PitchParams@ff19bcef-5ab6-4f3b-9a05-180ea19396e2,MTD-21126391717,,,,,,,,,,,,,,,-,-,Gordo,high_intent,-,,
Nolan Gordon,19,9/22/2026,1790128626,Fastball,Y,6.37,32.43,72.94,1870.24,1660.2,88.77,3:40,1,0.6,20.9,-,-,-,-,5.34,4.11,3.13,3.75,27.41,PitchParams@4aa353a5-15e9-4c7f-8a4a-290aa23d9293,MTD-21126391717,,,,,,,,,,,,,,,-,-,Gordo,high_intent,-,,
Nolan Gordon,20,9/22/2026,1790128600,Fastball,N,12.7,24.08,74.75,1876.7,1641.9,87.49,3:10,1,-1.3,19.2,-,-,-,-,4.57,3.39,3.13,3.7,28.97,PitchParams@5f3b5ac5-03d6-4224-9e69-5ee480955d51,MTD-21126391717,,,,,,,,,,,,,,,-,-,Gordo,high_intent,-,,
Jack Johnson,1,9/22/2026,1790129792,CurveBall,Y,-1.18,33.61,67.23,2280.91,1820,79.79,4:18,1,-8.1,16.8,-,-,-,-,0.21,3.04,5.95,-1.3,-37.07,PitchParams@363c516c-0762-4c9c-af82-6cf8b739544b,MTD-21126391717,,,,,,,,,,,,,,,-,-,Johnson,high_intent,-,,
Jack Johnson,2,9/22/2026,1790129763,ChangeUp,N,-2.41,-3.4,70.71,1438.25,1377.1,95.75,10:30,1,15.3,-11.2,-,-,-,-,-2.28,-3.24,5.96,-1.35,-16.77,PitchParams@99f0fefe-422d-4379-a047-6a40635fa45d,MTD-21126391717,,,,,,,,,,,,,,,-,-,Johnson,high_intent,-,,
Jack Johnson,3,9/22/2026,1790129736,CurveBall,N,-7.85,42.36,67.76,2428.33,1767.8,72.8,4:30,1,-13.6,16.6,-,-,-,-,0.99,4.14,5.93,-1.12,-43.28,PitchParams@d9337f4a-c907-49f5-88dc-802d35b95300,MTD-21126391717,,,,,,,,,,,,,,,-,-,Johnson,high_intent,-,,
Jack Johnson,4,9/22/2026,1790129716,ChangeUp,N,-30.27,9.33,68.72,1403.7,1212,86.34,10:20,1,13.7,-11.7,-,-,-,-,0.33,-1.5,5.96,-1.24,-30.3,PitchParams@1dcf6def-e4b1-44fd-b39e-471b7b091ebb,MTD-21126391717,,,,,,,,,,,,,,,-,-,Johnson,high_intent,-,,
Jack Johnson,5,9/22/2026,1790129698,CurveBall,Y,-0.73,39.59,67.95,2325.47,1705.2,73.33,3:54,1,-11.4,16.9,-,-,-,-,0.16,3.59,5.93,-1.32,-42.84,PitchParams@4101344f-b5b7-43e0-ab7e-9bc9128148b4,MTD-21126391717,,,,,,,,,,,,,,,-,-,Johnson,high_intent,-,,
Jack Johnson,6,9/22/2026,1790129666,ChangeUp,N,-11.35,29.72,67.99,1261.29,1082.1,85.79,10:44,1,13.6,-5.7,-,-,-,-,-0.87,0.13,5.97,-1.25,-30.92,PitchParams@b5daa72a-90f2-4e4d-98f3-afb81a41f012,MTD-21126391717,,,,,,,,,,,,,,,-,-,Johnson,high_intent,-,,
Jack Johnson,7,9/22/2026,1790129643,CurveBall,N,-17.06,43.16,68.05,2257.75,1813.9,80.34,4:26,1,-13.2,14,-,-,-,-,1.48,4.16,6,-1.23,-36.54,PitchParams@bcd43ee1-9283-47a2-8b67-1627c93fddf2,MTD-21126391717,,,,,,,,,,,,,,,-,-,Johnson,high_intent,-,,
Jack Johnson,8,9/22/2026,1790129621,ChangeUp,N,-19.46,61.72,69.36,1490.05,1360.1,91.28,10:36,1,15.7,-9.3,-,-,-,-,-0.48,2.99,5.92,-1.3,-24.11,PitchParams@b285f504-4c8b-4a4e-a78b-f073e5c3e96b,MTD-21126391717,,,,,,,,,,,,,,,-,-,Johnson,high_intent,-,,
Jack Johnson,9,9/22/2026,1790129593,Fastball,Y,0.43,24.8,78.65,2063.95,1926.6,93.35,11:06,1,12.3,-7,-,-,-,-,-2.26,-1.5,6.09,-1.44,-21.02,PitchParams@8880b658-3723-4bad-ab00-c2bb144ff0ba,MTD-21126391717,,,,,,,,,,,,,,,-,-,Johnson,high_intent,-,,
Jack Johnson,10,9/22/2026,1790129571,ChangeUp,N,-5.22,3.72,70.41,1598.94,1494.9,93.49,10:08,1,15.7,-15,-,-,-,-,-2.4,-2.65,5.99,-1.36,-20.78,PitchParams@be5fcde1-64ee-43df-8f3a-1a162fe59b8d,MTD-21126391717,,,,,,,,,,,,,,,-,-,Johnson,high_intent,-,,
Jack Johnson,11,9/22/2026,1790129537,Fastball,Y,-8.8,24.01,77.98,2152.19,2028.7,94.26,11:02,1,11,-7.6,-,-,-,-,-1.65,-1.36,5.99,-1.6,-19.5,PitchParams@ca373076-32b8-464e-b148-ff478be69209,MTD-21126391717,,,,,,,,,,,,,,,-,-,Johnson,high_intent,-,,
Jack Johnson,12,9/22/2026,1790129507,Fastball,Y,-6.06,30.14,77.88,1996.19,1904.9,95.43,10:24,1,15.8,-7.5,-,-,-,-,-1.81,-1.28,6,-1.53,-17.4,PitchParams@594b354f-71f9-41d8-9175-98e0d66c71c5,MTD-21126391717,,,,,,,,,,,,,,,-,-,Johnson,high_intent,-,,
Jack Johnson,13,9/22/2026,1790129458,Fastball,Y,-4.2,32.93,75.45,2008.17,1903,94.76,11:02,1,16.4,-8.1,-,-,-,-,-1.92,-1.01,5.97,-1.4,-18.62,PitchParams@bd8a7a6b-05aa-441f-b804-21da855b482b,MTD-21126391717,,,,,,,,,,,,,,,-,-,Johnson,high_intent,-,,
Jack Johnson,14,9/22/2026,1790129422,ChangeUp,N,-24.31,22.03,67.93,1330.25,1284.5,96.56,10:10,1,8.5,-11.9,-,-,-,-,-0.31,0.37,5.83,-1.32,-15.07,PitchParams@fb68f358-58e6-48f6-b88b-fe25e9691a04,MTD-21126391717,,,,,,,,,,,,,,,-,-,Johnson,high_intent,-,,
Jack Johnson,15,9/22/2026,1790129396,CurveBall,N,7.69,-7.62,65.16,2223,1711.9,77.01,4:28,1,-14.8,12.6,-,-,-,-,-1.02,-0.19,5.82,-1.33,-39.64,PitchParams@f8fb6d1e-5bc9-48a7-b6c3-385994b1988c,MTD-21126391717,,,,,,,,,,,,,,,-,-,Johnson,high_intent,-,,
Jack Johnson,16,9/22/2026,1790129368,ChangeUp,N,-21.55,28.22,68.14,1244.22,1087,87.36,10:22,1,14.3,-8.5,-,-,-,-,-0.28,0.41,5.99,-1.34,-29.12,PitchParams@01c2cecd-1b31-4316-b12d-7af126d65648,MTD-21126391717,,,,,,,,,,,,,,,-,-,Johnson,high_intent,-,,
Jack Johnson,17,9/22/2026,1790129348,CurveBall,Y,0.96,37.22,66.29,2405.68,1962.2,81.57,4:14,1,-15.7,15.7,-,-,-,-,-0.01,4.12,5.89,-1.24,-35.35,PitchParams@640096cd-b244-4781-93ae-4259261a7271,MTD-21126391717,,,,,,,,,,,,,,,-,-,Johnson,high_intent,-,,
Jack Johnson,18,9/22/2026,1790129330,ChangeUp,N,-28.3,44.27,67.94,1394.96,1346.5,96.53,10:14,1,18.1,-13,-,-,-,-,-0.06,1.42,5.94,-1.33,-15.14,PitchParams@93392b4a-d4ea-4dcb-95e0-36e3621d0650,MTD-21126391717,,,,,,,,,,,,,,,-,-,Johnson,high_intent,-,,
Jack Johnson,19,9/22/2026,1790129313,Fastball,N,-10.49,21.23,76.72,1969.74,1845.7,93.7,10:38,1,11.3,-8.1,-,-,-,-,-1.29,-1.65,6.07,-1.37,-20.44,PitchParams@f0392d5e-ca3f-4977-b799-576e351126da,MTD-21126391717,,,,,,,,,,,,,,,-,-,Johnson,high_intent,-,,
Zach Taylor,1,9/22/2026,1790130491,ChangeUp,N,-21.58,24.19,73.29,2076.2,2037.2,98.12,9:26,1,11.1,-21.4,-,-,-,-,-1.63,0.17,5.03,-1.5,11.12,PitchParams@44a0d928-06c9-4cef-939a-cb057760723c,MTD-21126391717,,,,,,,,,,,,,,,-,-,ZT,high_intent,-,,
Zach Taylor,2,9/22/2026,1790130435,Fastball,N,-30.36,41.04,78.94,1993.48,1976.4,99.15,10:02,1,15,-16,-,-,-,-,0.19,0.44,5.52,-1.02,7.49,PitchParams@f7c68957-91a3-437f-899f-b73791b98e93,MTD-21126391717,,,,,,,,,,,,,,,-,-,ZT,high_intent,-,,
Zach Taylor,3,9/22/2026,1790130414,Slider,N,10.21,-0.34,72.78,2380.81,883.3,37.1,2:16,1,4.2,7.3,-,-,-,-,-2.35,-1.35,4.94,-1.9,-68.22,PitchParams@aea4ee05-c19d-421b-bed3-3c750868d1c9,MTD-21126391717,,,,,,,,,,,,,,,-,-,ZT,high_intent,-,,
Zach Taylor,4,9/22/2026,1790130395,Fastball,Y,4.28,27.66,78.39,2000.32,1865.1,93.24,9:42,1,15.1,-17.7,-,-,-,-,-3.07,-1.06,5.58,-0.94,21.19,PitchParams@3b2bae1d-52a8-4155-802b-3243b7586fad,MTD-21126391717,,,,,,,,,,,,,,,-,-,ZT,high_intent,-,,
Zach Taylor,5,9/22/2026,1790130373,ChangeUp,N,-15.92,2.34,74.22,2135.63,1983.1,92.86,9:06,1,8,-26.7,-,-,-,-,-2.8,-1.16,4.82,-1.7,21.78,PitchParams@fea56353-eebb-4156-893c-4af1a2aed131,MTD-21126391717,,,,,,,,,,,,,,,-,-,ZT,high_intent,-,,
Zach Taylor,6,9/22/2026,1790130342,Fastball,N,-15.94,34,76.57,2128.33,2089.7,98.19,9:38,1,16.7,-18.7,-,-,-,-,-2.08,0.53,4.97,-1.65,10.93,PitchParams@5342ab45-33a4-4a30-9b80-3cf1ec5a84ad,MTD-21126391717,,,,,,,,,,,,,,,-,-,ZT,high_intent,-,,
Zach Taylor,7,9/22/2026,1790130318,Fastball,N,-38.84,24.89,79.35,1705.21,1700.5,99.72,9:54,1,16.7,-12.9,-,-,-,-,0.91,-1.43,5.53,-1.34,4.26,PitchParams@9f491568-823e-441a-bd9e-18d23ef771da,MTD-21126391717,,,,,,,,,,,,,,,-,-,ZT,high_intent,-,,
Zach Taylor,8,9/22/2026,1790130280,Fastball,N,-10.63,32.99,75.11,2031.2,1963,96.64,9:30,1,12.2,-19.9,-,-,-,-,-2.69,0.78,4.97,-1.68,14.89,PitchParams@b622d664-d7c2-4cd7-9647-368221d3cddf,MTD-21126391717,,,,,,,,,,,,,,,-,-,ZT,high_intent,-,,
Zach Taylor,9,9/22/2026,1790130255,Fastball,N,-27.81,27.14,77.11,2101.58,2022.6,96.24,9:10,1,9.4,-22.6,-,-,-,-,-1.39,0.42,4.99,-1.7,15.75,PitchParams@4d7634bc-4f6b-468f-a37c-2e06ddee49ff,MTD-21126391717,,,,,,,,,,,,,,,-,-,ZT,high_intent,-,,
Zach Taylor,10,9/22/2026,1790130233,Slider,N,15.26,16.48,73.6,2222,714.8,32.17,3:06,1,-0.1,7.6,-,-,-,-,-2.56,0.59,4.84,-1.65,-71.24,PitchParams@09b066e2-8bbf-475e-a9f4-a2f6a80df0c2,MTD-21126391717,,,,,,,,,,,,,,,-,-,ZT,high_intent,-,,
Zach Taylor,11,9/22/2026,1790130157,Fastball,N,-6.27,11.81,77,1897.71,1887.6,99.47,9:58,1,20.5,-13.2,-,-,-,-,-2.09,-2.55,5.57,-1.36,5.92,PitchParams@3d97e158-31ad-4127-a108-5caa3e7c7bb1,MTD-21126391717,,,,,,,,,,,,,,,-,-,ZT,high_intent,-,,
Zach Taylor,12,9/22/2026,1790130137,ChangeUp,N,-24.38,34.74,74.74,1985.06,1924.3,96.94,9:24,1,11.5,-21.1,-,-,-,-,-1.56,1.21,4.88,-1.69,14.22,PitchParams@0148fa46-1383-4862-a023-1550eb8f0c4e,MTD-21126391717,,,,,,,,,,,,,,,-,-,ZT,high_intent,-,,
Zach Taylor,13,9/22/2026,1790130095,Fastball,Y,-8.72,34.01,79.06,2023.69,2006.4,99.15,10:02,1,14.9,-16.4,-,-,-,-,-1.72,-0.61,5.73,-0.92,7.49,PitchParams@b7068e09-4ba0-4913-80b3-618c11fbd11a,MTD-21126391717,,,,,,,,,,,,,,,-,-,ZT,high_intent,-,,
Zach Taylor,14,9/22/2026,1790130062,Fastball,N,-11.75,23.86,78.68,1837.74,1827.8,99.46,10:04,1,15.7,-16.7,-,-,-,-,-1.54,-1.49,5.74,-1,5.97,PitchParams@6a6f9bd4-9776-4bd7-8b02-139db5bbf968,MTD-21126391717,,,,,,,,,,,,,,,-,-,ZT,high_intent,-,,
Zach Taylor,15,9/22/2026,1790130024,ChangeUp,N,-18.53,29.61,75.53,2124.27,2075.2,97.69,9:26,1,12.5,-22,-,-,-,-,-2.19,0.57,4.84,-1.71,12.34,PitchParams@5d7937b7-fe3f-4d1f-81d5-f4854b06ffab,MTD-21126391717,,,,,,,,,,,,,,,-,-,ZT,high_intent,-,,
Zach Taylor,16,9/22/2026,1790130009,Fastball,N,-10.31,20.29,78.5,1950.6,1941.2,99.52,9:58,1,15.3,-17.2,-,-,-,-,-1.67,-1.76,5.59,-0.93,5.62,PitchParams@2788cf94-0894-4fd9-b7b0-c69ef3b44337,MTD-21126391717,,,,,,,,,,,,,,,-,-,ZT,high_intent,-,,
Zach Taylor,17,9/22/2026,1790129993,Fastball,N,2.08,12.27,78.94,1793.17,1786.7,99.64,10:06,1,14.9,-16.9,-,-,-,-,-2.89,-2.3,5.65,-1.1,4.87,PitchParams@ff3ac6e0-435c-438d-b176-a02007e214f0,MTD-21126391717,,,,,,,,,,,,,,,-,-,ZT,high_intent,-,,
Zach Taylor,18,9/22/2026,1790129978,ChangeUp,N,-8.15,51.77,75.26,1854.43,1784.6,96.23,9:28,1,9.7,-19.9,-,-,-,-,-2.94,2.62,5.15,-1.7,15.78,PitchParams@a0046197-57c1-47df-9d62-514ba5915e3b,MTD-21126391717,,,,,,,,,,,,,,,-,-,ZT,high_intent,-,,
